#FORMAT=WebAnno TSV 3.3
#T_SP=de.tudarmstadt.ukp.dkpro.core.api.ner.type.NamedEntity|identifier|value
#T_SP=webanno.custom.ParaText|ParaText


#Text=﻿Santa Ana de Bencatel, 1758, 11 de Abril \r
#Text=Memória Paroquial de Santa Ana de Bencatel, comarca de Vila Viçosa \r
#Text=[ANTT, Memórias Paroquiais, vol. 7, nº 3, p. 729 a 732]\r
#Text=\r
#Text=“/p. 729/\r
#Text=\r
#Text=N.3.
1-1	0-6	﻿Santa	_	_	Header[51]	
1-2	7-10	Ana	_	_	Header[51]	
1-3	11-13	de	_	_	Header[51]	
1-4	14-22	Bencatel	_	_	Header[51]	
1-5	22-23	,	_	_	Header[51]	
1-6	24-28	1758	_	_	Header[51]	
1-7	28-29	,	_	_	Header[51]	
1-8	30-32	11	_	_	Header[51]	
1-9	33-35	de	_	_	Header[51]	
1-10	36-41	Abril	_	_	Header[51]	
1-11	44-51	Memória	_	_	Header[51]	
1-12	52-61	Paroquial	_	_	Header[51]	
1-13	62-64	de	_	_	Header[51]	
1-14	65-70	Santa	_	_	Header[51]	
1-15	71-74	Ana	_	_	Header[51]	
1-16	75-77	de	_	_	Header[51]	
1-17	78-86	Bencatel	_	_	Header[51]	
1-18	86-87	,	_	_	Header[51]	
1-19	88-95	comarca	_	_	Header[51]	
1-20	96-98	de	_	_	Header[51]	
1-21	99-103	Vila	_	_	Header[51]	
1-22	104-110	Viçosa	_	_	Header[51]	
1-23	113-114	[	_	_	Header[51]	
1-24	114-118	ANTT	_	_	Header[51]	
1-25	118-119	,	_	_	Header[51]	
1-26	120-128	Memórias	_	_	Header[51]	
1-27	129-139	Paroquiais	_	_	Header[51]	
1-28	139-140	,	_	_	Header[51]	
1-29	141-144	vol	_	_	Header[51]	
1-30	144-145	.	_	_	Header[51]	
1-31	146-147	7	_	_	Header[51]	
1-32	147-148	,	_	_	Header[51]	
1-33	149-151	nº	_	_	Header[51]	
1-34	152-153	3	_	_	Header[51]	
1-35	153-154	,	_	_	Header[51]	
1-36	155-156	p	_	_	Header[51]	
1-37	156-157	.	_	_	Header[51]	
1-38	158-161	729	_	_	Header[51]	
1-39	162-163	a	_	_	Header[51]	
1-40	164-167	732	_	_	Header[51]	
1-41	167-168	]	_	_	Header[51]	
1-42	172-173	“	_	_	_	
1-43	173-174	/	_	_	_	
1-44	174-175	p	_	_	Page[52]	
1-45	175-176	.	_	_	Page[52]	
1-46	177-180	729	_	_	Page[52]	
1-47	180-181	/	_	_	_	
1-48	185-186	N	_	_	_	
1-49	186-188	.3	_	_	_	
1-50	188-189	.	_	_	_	

#Text=Freguesia de Santa Ana de Bencatel termo de Estremoz, arcebispado de Évora.
2-1	190-199	Freguesia	*[1]	PLC\_GPE[1]	_	
2-2	200-202	de	*[1]	PLC\_GPE[1]	_	
2-3	203-208	Santa	*[1]	PLC\_GPE[1]	_	
2-4	209-212	Ana	*[1]	PLC\_GPE[1]	_	
2-5	213-215	de	*[1]	PLC\_GPE[1]	_	
2-6	216-224	Bencatel	*[1]	PLC\_GPE[1]	_	
2-7	225-230	termo	*[1]	PLC\_GPE[1]	_	
2-8	231-233	de	*[1]	PLC\_GPE[1]	_	
2-9	234-242	Estremoz	*[1]	PLC\_GPE[1]	_	
2-10	242-243	,	*[1]	PLC\_GPE[1]	_	
2-11	244-255	arcebispado	*[1]	PLC\_GPE[1]	_	
2-12	256-258	de	*[1]	PLC\_GPE[1]	_	
2-13	259-264	Évora	*[1]	PLC\_GPE[1]	_	
2-14	264-265	.	_	_	_	

#Text=Esta freguesia não só é do arcebispado de Évora; mas também da mesma comarca e a sua apresentação pertence ao Excelentíssimo Senhor Arcebispo; mas paga o pároco dela, cada ano, quatrocentos réis ao Senhor Doutor Juiz da ordem de Estremoz; a que se chama a Reconhecença.
3-1	274-278	Esta	_	_	_	
3-2	279-288	freguesia	_	_	_	
3-3	289-292	não	_	_	_	
3-4	293-295	só	_	_	_	
3-5	296-297	é	_	_	_	
3-6	298-300	do	_	_	_	
3-7	301-312	arcebispado	*[2]	PLC\_GPE[2]	_	
3-8	313-315	de	*[2]	PLC\_GPE[2]	_	
3-9	316-321	Évora	*[2]	PLC\_GPE[2]	_	
3-10	321-322	;	_	_	_	
3-11	323-326	mas	_	_	_	
3-12	327-333	também	_	_	_	
3-13	334-336	da	_	_	_	
3-14	337-342	mesma	_	_	_	
3-15	343-350	comarca	_	_	_	
3-16	351-352	e	_	_	_	
3-17	353-354	a	_	_	_	
3-18	355-358	sua	_	_	_	
3-19	359-371	apresentação	_	_	_	
3-20	372-380	pertence	_	_	_	
3-21	381-383	ao	_	_	_	
3-22	384-398	Excelentíssimo	_	_	_	
3-23	399-405	Senhor	_	_	_	
3-24	406-415	Arcebispo	*	PER\_OCC	_	
3-25	415-416	;	_	_	_	
3-26	417-420	mas	_	_	_	
3-27	421-425	paga	_	_	_	
3-28	426-427	o	_	_	_	
3-29	428-434	pároco	_	_	_	
3-30	435-439	dela	_	_	_	
3-31	439-440	,	_	_	_	
3-32	441-445	cada	_	_	_	
3-33	446-449	ano	_	_	_	
3-34	449-450	,	_	_	_	
3-35	451-463	quatrocentos	_	_	_	
3-36	464-468	réis	_	_	_	
3-37	469-471	ao	_	_	_	
3-38	472-478	Senhor	_	_	_	
3-39	479-485	Doutor	*[3]	PER\_OCC[3]	_	
3-40	486-490	Juiz	*[3]	PER\_OCC[3]	_	
3-41	491-493	da	*[3]	PER\_OCC[3]	_	
3-42	494-499	ordem	*[3]	PER\_OCC[3]	_	
3-43	500-502	de	*[3]	PER\_OCC[3]	_	
3-44	503-511	Estremoz	*[3]	PER\_OCC[3]	_	
3-45	511-512	;	_	_	_	
3-46	513-514	a	_	_	_	
3-47	515-518	que	_	_	_	
3-48	519-521	se	_	_	_	
3-49	522-527	chama	_	_	_	
3-50	528-529	a	_	_	_	
3-51	530-542	Reconhecença	_	_	_	
3-52	542-543	.	_	_	_	

#Text=Está situada a igreja paroquial em um monte não muito alto, e dele não se descobre mais, que uma pequena parte da vila do Redondo: confina com o termo da vila do Alandroal, e no mesmo termo tem muitos fregueses: dista da mesma vila, meia légua: dista da vila do Redondo légua, e meia: dista de Vila Viçosa uma légua, e no seu termo tem a maior parte dos fregueses: dista da vila de Estremoz mais de duas léguas: dista da vila de Borba légua, e meia.
4-1	544-548	Está	_	_	_	
4-2	549-556	situada	_	_	_	
4-3	557-558	a	_	_	_	
4-4	559-565	igreja	_	_	_	
4-5	566-575	paroquial	_	_	_	
4-6	576-578	em	_	_	_	
4-7	579-581	um	_	_	_	
4-8	582-587	monte	_	_	_	
4-9	588-591	não	_	_	_	
4-10	592-597	muito	_	_	_	
4-11	598-602	alto	_	_	_	
4-12	602-603	,	_	_	_	
4-13	604-605	e	_	_	_	
4-14	606-610	dele	_	_	_	
4-15	611-614	não	_	_	_	
4-16	615-617	se	_	_	_	
4-17	618-626	descobre	_	_	_	
4-18	627-631	mais	_	_	_	
4-19	631-632	,	_	_	_	
4-20	633-636	que	_	_	_	
4-21	637-640	uma	_	_	_	
4-22	641-648	pequena	_	_	_	
4-23	649-654	parte	_	_	_	
4-24	655-657	da	_	_	_	
4-25	658-662	vila	*[4]	PLC\_GPE[4]	_	
4-26	663-665	do	*[4]	PLC\_GPE[4]	_	
4-27	666-673	Redondo	*[4]	PLC\_GPE[4]	_	
4-28	673-674	:	_	_	_	
4-29	675-682	confina	_	_	_	
4-30	683-686	com	_	_	_	
4-31	687-688	o	_	_	_	
4-32	689-694	termo	_	_	_	
4-33	695-697	da	_	_	_	
4-34	698-702	vila	_	_	_	
4-35	703-705	do	_	_	_	
4-36	706-715	Alandroal	*	PLC\_GPE	_	
4-37	715-716	,	_	_	_	
4-38	717-718	e	_	_	_	
4-39	719-721	no	_	_	_	
4-40	722-727	mesmo	_	_	_	
4-41	728-733	termo	_	_	_	
4-42	734-737	tem	_	_	_	
4-43	738-744	muitos	_	_	_	
4-44	745-754	fregueses	_	_	_	
4-45	754-755	:	_	_	_	
4-46	756-761	dista	_	_	_	
4-47	762-764	da	_	_	_	
4-48	765-770	mesma	_	_	_	
4-49	771-775	vila	_	_	_	
4-50	775-776	,	_	_	_	
4-51	777-781	meia	_	_	_	
4-52	782-787	légua	_	_	_	
4-53	787-788	:	_	_	_	
4-54	789-794	dista	_	_	_	
4-55	795-797	da	_	_	_	
4-56	798-802	vila	*[5]	PLC\_GPE[5]	_	
4-57	803-805	do	*[5]	PLC\_GPE[5]	_	
4-58	806-813	Redondo	*[5]	PLC\_GPE[5]	_	
4-59	814-819	légua	_	_	_	
4-60	819-820	,	_	_	_	
4-61	821-822	e	_	_	_	
4-62	823-827	meia	_	_	_	
4-63	827-828	:	_	_	_	
4-64	829-834	dista	_	_	_	
4-65	835-837	de	_	_	_	
4-66	838-842	Vila	_	_	_	
4-67	843-849	Viçosa	_	_	_	
4-68	850-853	uma	_	_	_	
4-69	854-859	légua	_	_	_	
4-70	859-860	,	_	_	_	
4-71	861-862	e	_	_	_	
4-72	863-865	no	_	_	_	
4-73	866-869	seu	_	_	_	
4-74	870-875	termo	_	_	_	
4-75	876-879	tem	_	_	_	
4-76	880-881	a	_	_	_	
4-77	882-887	maior	_	_	_	
4-78	888-893	parte	_	_	_	
4-79	894-897	dos	_	_	_	
4-80	898-907	fregueses	_	_	_	
4-81	907-908	:	_	_	_	
4-82	909-914	dista	_	_	_	
4-83	915-917	da	_	_	_	
4-84	918-922	vila	*[6]	PLC\_GPE[6]	_	
4-85	923-925	de	*[6]	PLC\_GPE[6]	_	
4-86	926-934	Estremoz	*[6]	PLC\_GPE[6]	_	
4-87	935-939	mais	_	_	_	
4-88	940-942	de	_	_	_	
4-89	943-947	duas	_	_	_	
4-90	948-954	léguas	_	_	_	
4-91	954-955	:	_	_	_	
4-92	956-961	dista	_	_	_	
4-93	962-964	da	_	_	_	
4-94	965-969	vila	_	_	_	
4-95	970-972	de	_	_	_	
4-96	973-978	Borba	*	PLC\_GPE	_	
4-97	979-984	légua	_	_	_	
4-98	984-985	,	_	_	_	
4-99	986-987	e	_	_	_	
4-100	988-992	meia	_	_	_	
4-101	992-993	.	_	_	_	

#Text=No termo de Vila Viçosa tem uma aldeia chamada de Bencatel, a qual com seus circunvizinhos, tem setenta, e cinco fogos, em distância de meia légua da mesma vila.
5-1	994-996	No	_	_	_	
5-2	997-1002	termo	*[7]	PLC\_GPE[7]	_	
5-3	1003-1005	de	*[7]	PLC\_GPE[7]	_	
5-4	1006-1010	Vila	*[7]	PLC\_GPE[7]	_	
5-5	1011-1017	Viçosa	*[7]	PLC\_GPE[7]	_	
5-6	1018-1021	tem	_	_	_	
5-7	1022-1025	uma	_	_	_	
5-8	1026-1032	aldeia	_	_	_	
5-9	1033-1040	chamada	_	_	_	
5-10	1041-1043	de	_	_	_	
5-11	1044-1052	Bencatel	_	_	_	
5-12	1052-1053	,	_	_	_	
5-13	1054-1055	a	_	_	_	
5-14	1056-1060	qual	_	_	_	
5-15	1061-1064	com	_	_	_	
5-16	1065-1069	seus	_	_	_	
5-17	1070-1084	circunvizinhos	_	_	_	
5-18	1084-1085	,	_	_	_	
5-19	1086-1089	tem	_	_	_	
5-20	1090-1097	setenta	_	_	_	
5-21	1097-1098	,	_	_	_	
5-22	1099-1100	e	_	_	_	
5-23	1101-1106	cinco	_	_	_	
5-24	1107-1112	fogos	_	_	_	
5-25	1112-1113	,	_	_	_	
5-26	1114-1116	em	_	_	_	
5-27	1117-1126	distância	_	_	_	
5-28	1127-1129	de	_	_	_	
5-29	1130-1134	meia	_	_	_	
5-30	1135-1140	légua	_	_	_	
5-31	1141-1143	da	_	_	_	
5-32	1144-1149	mesma	_	_	_	
5-33	1150-1154	vila	_	_	_	
5-34	1154-1155	.	_	_	_	

#Text=E ao presente, toda a freguesia, tem cento, e setenta, e dois fogos, entretanto os da aldeia supradita: tem pessoas de confissão, entrando maiores, e menores, trezentas, e trinta; a deste número, digo, quinhentas, e trinta, são setenta, e sete menores; que são os que ainda não recebem o sacramento da Sagrada Eucaristia.
6-1	1156-1157	E	_	_	_	
6-2	1158-1160	ao	_	_	_	
6-3	1161-1169	presente	_	_	_	
6-4	1169-1170	,	_	_	_	
6-5	1171-1175	toda	_	_	_	
6-6	1176-1177	a	_	_	_	
6-7	1178-1187	freguesia	_	_	_	
6-8	1187-1188	,	_	_	_	
6-9	1189-1192	tem	_	_	_	
6-10	1193-1198	cento	_	_	_	
6-11	1198-1199	,	_	_	_	
6-12	1200-1201	e	_	_	_	
6-13	1202-1209	setenta	_	_	_	
6-14	1209-1210	,	_	_	_	
6-15	1211-1212	e	_	_	_	
6-16	1213-1217	dois	_	_	_	
6-17	1218-1223	fogos	_	_	_	
6-18	1223-1224	,	_	_	_	
6-19	1225-1235	entretanto	_	_	_	
6-20	1236-1238	os	_	_	_	
6-21	1239-1241	da	_	_	_	
6-22	1242-1248	aldeia	_	_	_	
6-23	1249-1258	supradita	_	_	_	
6-24	1258-1259	:	_	_	_	
6-25	1260-1263	tem	_	_	_	
6-26	1264-1271	pessoas	_	_	_	
6-27	1272-1274	de	_	_	_	
6-28	1275-1284	confissão	_	_	_	
6-29	1284-1285	,	_	_	_	
6-30	1286-1294	entrando	_	_	_	
6-31	1295-1302	maiores	_	_	_	
6-32	1302-1303	,	_	_	_	
6-33	1304-1305	e	_	_	_	
6-34	1306-1313	menores	_	_	_	
6-35	1313-1314	,	_	_	_	
6-36	1315-1324	trezentas	_	_	_	
6-37	1324-1325	,	_	_	_	
6-38	1326-1327	e	_	_	_	
6-39	1328-1334	trinta	_	_	_	
6-40	1334-1335	;	_	_	_	
6-41	1336-1337	a	_	_	_	
6-42	1338-1343	deste	_	_	_	
6-43	1344-1350	número	_	_	_	
6-44	1350-1351	,	_	_	_	
6-45	1352-1356	digo	_	_	_	
6-46	1356-1357	,	_	_	_	
6-47	1358-1368	quinhentas	_	_	_	
6-48	1368-1369	,	_	_	_	
6-49	1370-1371	e	_	_	_	
6-50	1372-1378	trinta	_	_	_	
6-51	1378-1379	,	_	_	_	
6-52	1380-1383	são	_	_	_	
6-53	1384-1391	setenta	_	_	_	
6-54	1391-1392	,	_	_	_	
6-55	1393-1394	e	_	_	_	
6-56	1395-1399	sete	_	_	_	
6-57	1400-1407	menores	_	_	_	
6-58	1407-1408	;	_	_	_	
6-59	1409-1412	que	_	_	_	
6-60	1413-1416	são	_	_	_	
6-61	1417-1419	os	_	_	_	
6-62	1420-1423	que	_	_	_	
6-63	1424-1429	ainda	_	_	_	
6-64	1430-1433	não	_	_	_	
6-65	1434-1441	recebem	_	_	_	
6-66	1442-1443	o	_	_	_	
6-67	1444-1454	sacramento	_	_	_	
6-68	1455-1457	da	_	_	_	
6-69	1458-1465	Sagrada	_	_	_	
6-70	1466-1476	Eucaristia	_	_	_	
6-71	1476-1477	.	_	_	_	

#Text=O orago desta freguesia é a Senhora Santa Ana; tem a igreja paroquial quatro altares: no altar maior tem a imagem da Senhora Santa Ana; de São João Baptista, e de Santo António: nos dois colaterais, tem no lado esquerdo a imagem do senhor JESUS, e no do lado direito a imagem da Senhora do Rosário: tem mais o altar das Almas, sem correspondência de outro, e este altar fica da parte do lado direito: não tem naves; por ser muito pequena.
7-1	1478-1479	O	_	_	_	
7-2	1480-1485	orago	_	_	_	
7-3	1486-1491	desta	_	_	_	
7-4	1492-1501	freguesia	_	_	_	
7-5	1502-1503	é	_	_	_	
7-6	1504-1505	a	_	_	_	
7-7	1506-1513	Senhora	_	_	_	
7-8	1514-1519	Santa	*[8]	PER\_SAINT[8]	_	
7-9	1520-1523	Ana	*[8]	PER\_SAINT[8]	_	
7-10	1523-1524	;	_	_	_	
7-11	1525-1528	tem	_	_	_	
7-12	1529-1530	a	_	_	_	
7-13	1531-1537	igreja	_	_	_	
7-14	1538-1547	paroquial	_	_	_	
7-15	1548-1554	quatro	_	_	_	
7-16	1555-1562	altares	_	_	_	
7-17	1562-1563	:	_	_	_	
7-18	1564-1566	no	_	_	_	
7-19	1567-1572	altar	_	_	_	
7-20	1573-1578	maior	_	_	_	
7-21	1579-1582	tem	_	_	_	
7-22	1583-1584	a	_	_	_	
7-23	1585-1591	imagem	_	_	_	
7-24	1592-1594	da	_	_	_	
7-25	1595-1602	Senhora	_	_	_	
7-26	1603-1608	Santa	*[9]	PER\_SAINT[9]	_	
7-27	1609-1612	Ana	*[9]	PER\_SAINT[9]	_	
7-28	1612-1613	;	_	_	_	
7-29	1614-1616	de	_	_	_	
7-30	1617-1620	São	*[10]	PER\_SAINT[10]	_	
7-31	1621-1625	João	*[10]	PER\_SAINT[10]	_	
7-32	1626-1634	Baptista	*[10]	PER\_SAINT[10]	_	
7-33	1634-1635	,	_	_	_	
7-34	1636-1637	e	_	_	_	
7-35	1638-1640	de	_	_	_	
7-36	1641-1646	Santo	*[11]	PER\_SAINT[11]	_	
7-37	1647-1654	António	*[11]	PER\_SAINT[11]	_	
7-38	1654-1655	:	_	_	_	
7-39	1656-1659	nos	_	_	_	
7-40	1660-1664	dois	_	_	_	
7-41	1665-1675	colaterais	_	_	_	
7-42	1675-1676	,	_	_	_	
7-43	1677-1680	tem	_	_	_	
7-44	1681-1683	no	_	_	_	
7-45	1684-1688	lado	_	_	_	
7-46	1689-1697	esquerdo	_	_	_	
7-47	1698-1699	a	_	_	_	
7-48	1700-1706	imagem	_	_	_	
7-49	1707-1709	do	_	_	_	
7-50	1710-1716	senhor	*[12]	PER\_DIV[12]	_	
7-51	1717-1722	JESUS	*[12]	PER\_DIV[12]	_	
7-52	1722-1723	,	_	_	_	
7-53	1724-1725	e	_	_	_	
7-54	1726-1728	no	_	_	_	
7-55	1729-1731	do	_	_	_	
7-56	1732-1736	lado	_	_	_	
7-57	1737-1744	direito	_	_	_	
7-58	1745-1746	a	_	_	_	
7-59	1747-1753	imagem	_	_	_	
7-60	1754-1756	da	_	_	_	
7-61	1757-1764	Senhora	*[13]	PER\_SAINT[13]	_	
7-62	1765-1767	do	*[13]	PER\_SAINT[13]	_	
7-63	1768-1775	Rosário	*[13]	PER\_SAINT[13]	_	
7-64	1775-1776	:	_	_	_	
7-65	1777-1780	tem	_	_	_	
7-66	1781-1785	mais	_	_	_	
7-67	1786-1787	o	_	_	_	
7-68	1788-1793	altar	_	_	_	
7-69	1794-1797	das	*[14]	PER\_PGRP[14]	_	
7-70	1798-1803	Almas	*[14]	PER\_PGRP[14]	_	
7-71	1803-1804	,	_	_	_	
7-72	1805-1808	sem	_	_	_	
7-73	1809-1824	correspondência	_	_	_	
7-74	1825-1827	de	_	_	_	
7-75	1828-1833	outro	_	_	_	
7-76	1833-1834	,	_	_	_	
7-77	1835-1836	e	_	_	_	
7-78	1837-1841	este	_	_	_	
7-79	1842-1847	altar	_	_	_	
7-80	1848-1852	fica	_	_	_	
7-81	1853-1855	da	_	_	_	
7-82	1856-1861	parte	_	_	_	
7-83	1862-1864	do	_	_	_	
7-84	1865-1869	lado	_	_	_	
7-85	1870-1877	direito	_	_	_	
7-86	1877-1878	:	_	_	_	
7-87	1879-1882	não	_	_	_	
7-88	1883-1886	tem	_	_	_	
7-89	1887-1892	naves	_	_	_	
7-90	1892-1893	;	_	_	_	
7-91	1894-1897	por	_	_	_	
7-92	1898-1901	ser	_	_	_	
7-93	1902-1907	muito	_	_	_	
7-94	1908-1915	pequena	_	_	_	
7-95	1915-1916	.	_	_	_	

#Text=/p. 730/ \r
#Text=     Esta freguesia está situada parte dela em campos, e parte em montes; mas pouco asperosos todos frutíferos; especialmente de centeio, pois a maior parte dela é terra de estevais, que só produzem centeio, e algum trigo galego.
8-1	1921-1922	/	_	_	_	
8-2	1922-1923	p	_	_	Page[53]	
8-3	1923-1924	.	_	_	Page[53]	
8-4	1925-1928	730	_	_	Page[53]	
8-5	1928-1929	/	_	_	_	
8-6	1937-1941	Esta	_	_	_	
8-7	1942-1951	freguesia	_	_	_	
8-8	1952-1956	está	_	_	_	
8-9	1957-1964	situada	_	_	_	
8-10	1965-1970	parte	_	_	_	
8-11	1971-1975	dela	_	_	_	
8-12	1976-1978	em	_	_	_	
8-13	1979-1985	campos	_	_	_	
8-14	1985-1986	,	_	_	_	
8-15	1987-1988	e	_	_	_	
8-16	1989-1994	parte	_	_	_	
8-17	1995-1997	em	_	_	_	
8-18	1998-2004	montes	_	_	_	
8-19	2004-2005	;	_	_	_	
8-20	2006-2009	mas	_	_	_	
8-21	2010-2015	pouco	_	_	_	
8-22	2016-2025	asperosos	_	_	_	
8-23	2026-2031	todos	_	_	_	
8-24	2032-2042	frutíferos	_	_	_	
8-25	2042-2043	;	_	_	_	
8-26	2044-2057	especialmente	_	_	_	
8-27	2058-2060	de	_	_	_	
8-28	2061-2068	centeio	_	_	_	
8-29	2068-2069	,	_	_	_	
8-30	2070-2074	pois	_	_	_	
8-31	2075-2076	a	_	_	_	
8-32	2077-2082	maior	_	_	_	
8-33	2083-2088	parte	_	_	_	
8-34	2089-2093	dela	_	_	_	
8-35	2094-2095	é	_	_	_	
8-36	2096-2101	terra	_	_	_	
8-37	2102-2104	de	_	_	_	
8-38	2105-2113	estevais	_	_	_	
8-39	2113-2114	,	_	_	_	
8-40	2115-2118	que	_	_	_	
8-41	2119-2121	só	_	_	_	
8-42	2122-2130	produzem	_	_	_	
8-43	2131-2138	centeio	_	_	_	
8-44	2138-2139	,	_	_	_	
8-45	2140-2141	e	_	_	_	
8-46	2142-2147	algum	_	_	_	
8-47	2148-2153	trigo	_	_	_	
8-48	2154-2160	galego	_	_	_	
8-49	2160-2161	.	_	_	_	

#Text=O pároco desta freguesia, é cura.
9-1	2162-2163	O	_	_	_	
9-2	2164-2170	pároco	_	_	_	
9-3	2171-2176	desta	_	_	_	
9-4	2177-2186	freguesia	_	_	_	
9-5	2186-2187	,	_	_	_	
9-6	2188-2189	é	_	_	_	
9-7	2190-2194	cura	_	_	_	
9-8	2194-2195	.	_	_	_	

#Text=É apresentado pelo Excelentíssimo Senhor Arcebispo de Évora.
10-1	2196-2197	É	_	_	_	
10-2	2198-2209	apresentado	_	_	_	
10-3	2210-2214	pelo	_	_	_	
10-4	2215-2229	Excelentíssimo	_	_	_	
10-5	2230-2236	Senhor	_	_	_	
10-6	2237-2246	Arcebispo	*[15]	PER\_OCC[15]	_	
10-7	2247-2249	de	*[15]	PER\_OCC[15]	_	
10-8	2250-2255	Évora	*[15]	PER\_OCC[15]	_	
10-9	2255-2256	.	_	_	_	

#Text=Tem de renda, quatro moios, e meio de trigo, e vinte, e oito alqueires de cevada, e o mais, uns anos por outros, rende cinco, ou seis moedas de ouro.
11-1	2257-2260	Tem	_	_	_	
11-2	2261-2263	de	_	_	_	
11-3	2264-2269	renda	_	_	_	
11-4	2269-2270	,	_	_	_	
11-5	2271-2277	quatro	_	_	_	
11-6	2278-2283	moios	_	_	_	
11-7	2283-2284	,	_	_	_	
11-8	2285-2286	e	_	_	_	
11-9	2287-2291	meio	_	_	_	
11-10	2292-2294	de	_	_	_	
11-11	2295-2300	trigo	_	_	_	
11-12	2300-2301	,	_	_	_	
11-13	2302-2303	e	_	_	_	
11-14	2304-2309	vinte	_	_	_	
11-15	2309-2310	,	_	_	_	
11-16	2311-2312	e	_	_	_	
11-17	2313-2317	oito	_	_	_	
11-18	2318-2327	alqueires	_	_	_	
11-19	2328-2330	de	_	_	_	
11-20	2331-2337	cevada	_	_	_	
11-21	2337-2338	,	_	_	_	
11-22	2339-2340	e	_	_	_	
11-23	2341-2342	o	_	_	_	
11-24	2343-2347	mais	_	_	_	
11-25	2347-2348	,	_	_	_	
11-26	2349-2352	uns	_	_	_	
11-27	2353-2357	anos	_	_	_	
11-28	2358-2361	por	_	_	_	
11-29	2362-2368	outros	_	_	_	
11-30	2368-2369	,	_	_	_	
11-31	2370-2375	rende	_	_	_	
11-32	2376-2381	cinco	_	_	_	
11-33	2381-2382	,	_	_	_	
11-34	2383-2385	ou	_	_	_	
11-35	2386-2390	seis	_	_	_	
11-36	2391-2397	moedas	_	_	_	
11-37	2398-2400	de	_	_	_	
11-38	2401-2405	ouro	_	_	_	
11-39	2405-2406	.	_	_	_	

#Text=Não tem beneficiados, nem convento algum, nem hospital, nem Casa de Misericórdia.
12-1	2407-2410	Não	_	_	_	
12-2	2411-2414	tem	_	_	_	
12-3	2415-2427	beneficiados	_	_	_	
12-4	2427-2428	,	_	_	_	
12-5	2429-2432	nem	_	_	_	
12-6	2433-2441	convento	_	_	_	
12-7	2442-2447	algum	_	_	_	
12-8	2447-2448	,	_	_	_	
12-9	2449-2452	nem	_	_	_	
12-10	2453-2461	hospital	_	_	_	
12-11	2461-2462	,	_	_	_	
12-12	2463-2466	nem	_	_	_	
12-13	2467-2471	Casa	_	_	_	
12-14	2472-2474	de	_	_	_	
12-15	2475-2487	Misericórdia	_	_	_	
12-16	2487-2488	.	_	_	_	

#Text=Tem no termo de Vila Viçosa a ermida de São Pedro, e contígua a ela; a capela da Senhora das Mercês: a de São Pedro é da jurisdição do pároco; e a da Senhora das Mercês, é da jurisdição do Prior da Senhora da Conceição de Vila Viçosa; por uma antiga posse em que se introduziu; por negligência do pároco que era nesse tempo: todos os Domingos de Setembro tem festa, romagens a Senhora das Mercês; e passado esse tempo não tem mais festas; mas sim algumas romagens dos seus devotos.
13-1	2489-2492	Tem	_	_	_	
13-2	2493-2495	no	_	_	_	
13-3	2496-2501	termo	*[16]	PLC\_GPE[16]	_	
13-4	2502-2504	de	*[16]	PLC\_GPE[16]	_	
13-5	2505-2509	Vila	*[16]	PLC\_GPE[16]	_	
13-6	2510-2516	Viçosa	*[16]	PLC\_GPE[16]	_	
13-7	2517-2518	a	_	_	_	
13-8	2519-2525	ermida	*[17]	PLC\_FAC[17]	_	
13-9	2526-2528	de	*[17]	PLC\_FAC[17]	_	
13-10	2529-2532	São	*[17]	PLC\_FAC[17]	_	
13-11	2533-2538	Pedro	*[17]	PLC\_FAC[17]	_	
13-12	2538-2539	,	_	_	_	
13-13	2540-2541	e	_	_	_	
13-14	2542-2550	contígua	_	_	_	
13-15	2551-2552	a	_	_	_	
13-16	2553-2556	ela	_	_	_	
13-17	2556-2557	;	_	_	_	
13-18	2558-2559	a	_	_	_	
13-19	2560-2566	capela	*[18]	PLC\_FAC[18]	_	
13-20	2567-2569	da	*[18]	PLC\_FAC[18]	_	
13-21	2570-2577	Senhora	*[18]	PLC\_FAC[18]	_	
13-22	2578-2581	das	*[18]	PLC\_FAC[18]	_	
13-23	2582-2588	Mercês	*[18]	PLC\_FAC[18]	_	
13-24	2588-2589	:	_	_	_	
13-25	2590-2591	a	*[19]	PLC\_FAC[19]	_	
13-26	2592-2594	de	*[19]	PLC\_FAC[19]	_	
13-27	2595-2598	São	*[19]	PLC\_FAC[19]	_	
13-28	2599-2604	Pedro	*[19]	PLC\_FAC[19]	_	
13-29	2605-2606	é	_	_	_	
13-30	2607-2609	da	_	_	_	
13-31	2610-2620	jurisdição	_	_	_	
13-32	2621-2623	do	_	_	_	
13-33	2624-2630	pároco	_	_	_	
13-34	2630-2631	;	_	_	_	
13-35	2632-2633	e	_	_	_	
13-36	2634-2635	a	*[20]	PLC\_FAC[20]	_	
13-37	2636-2638	da	*[20]	PLC\_FAC[20]	_	
13-38	2639-2646	Senhora	*[20]	PLC\_FAC[20]	_	
13-39	2647-2650	das	*[20]	PLC\_FAC[20]	_	
13-40	2651-2657	Mercês	*[20]	PLC\_FAC[20]	_	
13-41	2657-2658	,	_	_	_	
13-42	2659-2660	é	_	_	_	
13-43	2661-2663	da	_	_	_	
13-44	2664-2674	jurisdição	_	_	_	
13-45	2675-2677	do	_	_	_	
13-46	2678-2683	Prior	*[21]	PER\_OCC[21]	_	
13-47	2684-2686	da	*[21]	PER\_OCC[21]	_	
13-48	2687-2694	Senhora	*[21]	PER\_OCC[21]	_	
13-49	2695-2697	da	*[21]	PER\_OCC[21]	_	
13-50	2698-2707	Conceição	*[21]	PER\_OCC[21]	_	
13-51	2708-2710	de	*[21]	PER\_OCC[21]	_	
13-52	2711-2715	Vila	*[21]	PER\_OCC[21]	_	
13-53	2716-2722	Viçosa	*[21]	PER\_OCC[21]	_	
13-54	2722-2723	;	_	_	_	
13-55	2724-2727	por	_	_	_	
13-56	2728-2731	uma	_	_	_	
13-57	2732-2738	antiga	_	_	_	
13-58	2739-2744	posse	_	_	_	
13-59	2745-2747	em	_	_	_	
13-60	2748-2751	que	_	_	_	
13-61	2752-2754	se	_	_	_	
13-62	2755-2765	introduziu	_	_	_	
13-63	2765-2766	;	_	_	_	
13-64	2767-2770	por	_	_	_	
13-65	2771-2782	negligência	_	_	_	
13-66	2783-2785	do	_	_	_	
13-67	2786-2792	pároco	_	_	_	
13-68	2793-2796	que	_	_	_	
13-69	2797-2800	era	_	_	_	
13-70	2801-2806	nesse	_	_	_	
13-71	2807-2812	tempo	_	_	_	
13-72	2812-2813	:	_	_	_	
13-73	2814-2819	todos	_	_	_	
13-74	2820-2822	os	_	_	_	
13-75	2823-2831	Domingos	_	_	_	
13-76	2832-2834	de	_	_	_	
13-77	2835-2843	Setembro	_	_	_	
13-78	2844-2847	tem	_	_	_	
13-79	2848-2853	festa	_	_	_	
13-80	2853-2854	,	_	_	_	
13-81	2855-2863	romagens	_	_	_	
13-82	2864-2865	a	_	_	_	
13-83	2866-2873	Senhora	*[22]	PER\_SAINT[22]	_	
13-84	2874-2877	das	*[22]	PER\_SAINT[22]	_	
13-85	2878-2884	Mercês	*[22]	PER\_SAINT[22]	_	
13-86	2884-2885	;	_	_	_	
13-87	2886-2887	e	_	_	_	
13-88	2888-2895	passado	_	_	_	
13-89	2896-2900	esse	_	_	_	
13-90	2901-2906	tempo	_	_	_	
13-91	2907-2910	não	_	_	_	
13-92	2911-2914	tem	_	_	_	
13-93	2915-2919	mais	_	_	_	
13-94	2920-2926	festas	_	_	_	
13-95	2926-2927	;	_	_	_	
13-96	2928-2931	mas	_	_	_	
13-97	2932-2935	sim	_	_	_	
13-98	2936-2943	algumas	_	_	_	
13-99	2944-2952	romagens	_	_	_	
13-100	2953-2956	dos	_	_	_	
13-101	2957-2961	seus	_	_	_	
13-102	2962-2969	devotos	_	_	_	
13-103	2969-2970	.	_	_	_	

#Text=Esta ermida, e capelas estão sitas na herdade de El-Rei, que é do Ducado de Bragança, meia légua distante de Vila Viçosa.
14-1	2971-2975	Esta	_	_	_	
14-2	2976-2982	ermida	_	_	_	
14-3	2982-2983	,	_	_	_	
14-4	2984-2985	e	_	_	_	
14-5	2986-2993	capelas	_	_	_	
14-6	2994-2999	estão	_	_	_	
14-7	3000-3005	sitas	_	_	_	
14-8	3006-3008	na	_	_	_	
14-9	3009-3016	herdade	*[23]	PLC\_LOC[23]	_	
14-10	3017-3019	de	*[23]	PLC\_LOC[23]	_	
14-11	3020-3026	El-Rei	*[23]	PLC\_LOC[23]	_	
14-12	3026-3027	,	_	_	_	
14-13	3028-3031	que	_	_	_	
14-14	3032-3033	é	_	_	_	
14-15	3034-3036	do	_	_	_	
14-16	3037-3043	Ducado	*[24]	ORG[24]	_	
14-17	3044-3046	de	*[24]	ORG[24]	_	
14-18	3047-3055	Bragança	*[24]	ORG[24]	_	
14-19	3055-3056	,	_	_	_	
14-20	3057-3061	meia	_	_	_	
14-21	3062-3067	légua	_	_	_	
14-22	3068-3076	distante	_	_	_	
14-23	3077-3079	de	_	_	_	
14-24	3080-3084	Vila	*[25]	PLC\_GPE[25]	_	
14-25	3085-3091	Viçosa	*[25]	PLC\_GPE[25]	_	
14-26	3091-3092	.	_	_	_	

#Text=Nesta freguesia as terras dão trigo, e centeio; mas mais trigo: são pouco férteis de cevada: dão de todo o género de legumes, e sendo anos de abundância de águas, também se colhem nela bastantes feijões brancos, e fradinhos.
15-1	3093-3098	Nesta	_	_	_	
15-2	3099-3108	freguesia	_	_	_	
15-3	3109-3111	as	_	_	_	
15-4	3112-3118	terras	_	_	_	
15-5	3119-3122	dão	_	_	_	
15-6	3123-3128	trigo	_	_	_	
15-7	3128-3129	,	_	_	_	
15-8	3130-3131	e	_	_	_	
15-9	3132-3139	centeio	_	_	_	
15-10	3139-3140	;	_	_	_	
15-11	3141-3144	mas	_	_	_	
15-12	3145-3149	mais	_	_	_	
15-13	3150-3155	trigo	_	_	_	
15-14	3155-3156	:	_	_	_	
15-15	3157-3160	são	_	_	_	
15-16	3161-3166	pouco	_	_	_	
15-17	3167-3174	férteis	_	_	_	
15-18	3175-3177	de	_	_	_	
15-19	3178-3184	cevada	_	_	_	
15-20	3184-3185	:	_	_	_	
15-21	3186-3189	dão	_	_	_	
15-22	3190-3192	de	_	_	_	
15-23	3193-3197	todo	_	_	_	
15-24	3198-3199	o	_	_	_	
15-25	3200-3206	género	_	_	_	
15-26	3207-3209	de	_	_	_	
15-27	3210-3217	legumes	_	_	_	
15-28	3217-3218	,	_	_	_	
15-29	3219-3220	e	_	_	_	
15-30	3221-3226	sendo	_	_	_	
15-31	3227-3231	anos	_	_	_	
15-32	3232-3234	de	_	_	_	
15-33	3235-3245	abundância	_	_	_	
15-34	3246-3248	de	_	_	_	
15-35	3249-3254	águas	_	_	_	
15-36	3254-3255	,	_	_	_	
15-37	3256-3262	também	_	_	_	
15-38	3263-3265	se	_	_	_	
15-39	3266-3272	colhem	_	_	_	
15-40	3273-3277	nela	_	_	_	
15-41	3278-3287	bastantes	_	_	_	
15-42	3288-3295	feijões	_	_	_	
15-43	3296-3303	brancos	_	_	_	
15-44	3303-3304	,	_	_	_	
15-45	3305-3306	e	_	_	_	
15-46	3307-3316	fradinhos	_	_	_	
15-47	3316-3317	.	_	_	_	

#Text=Nesta freguesia somente há dois juízes da vintena: um no distrito de Estremoz, e outro no distrito de Vila Viçosa.
16-1	3318-3323	Nesta	_	_	_	
16-2	3324-3333	freguesia	_	_	_	
16-3	3334-3341	somente	_	_	_	
16-4	3342-3344	há	_	_	_	
16-5	3345-3349	dois	_	_	_	
16-6	3350-3356	juízes	_	_	_	
16-7	3357-3359	da	_	_	_	
16-8	3360-3367	vintena	_	_	_	
16-9	3367-3368	:	_	_	_	
16-10	3369-3371	um	_	_	_	
16-11	3372-3374	no	_	_	_	
16-12	3375-3383	distrito	*[26]	PLC\_GPE[26]	_	
16-13	3384-3386	de	*[26]	PLC\_GPE[26]	_	
16-14	3387-3395	Estremoz	*[26]	PLC\_GPE[26]	_	
16-15	3395-3396	,	_	_	_	
16-16	3397-3398	e	_	_	_	
16-17	3399-3404	outro	_	_	_	
16-18	3405-3407	no	_	_	_	
16-19	3408-3416	distrito	*[27]	PLC\_GPE[27]	_	
16-20	3417-3419	de	*[27]	PLC\_GPE[27]	_	
16-21	3420-3424	Vila	*[27]	PLC\_GPE[27]	_	
16-22	3425-3431	Viçosa	*[27]	PLC\_GPE[27]	_	
16-23	3431-3432	.	_	_	_	

#Text=Não é couto, nem cabeça de concelho, honra, ou beetria.
17-1	3433-3436	Não	_	_	_	
17-2	3437-3438	é	_	_	_	
17-3	3439-3444	couto	_	_	_	
17-4	3444-3445	,	_	_	_	
17-5	3446-3449	nem	_	_	_	
17-6	3450-3456	cabeça	_	_	_	
17-7	3457-3459	de	_	_	_	
17-8	3460-3468	concelho	_	_	_	
17-9	3468-3469	,	_	_	_	
17-10	3470-3475	honra	_	_	_	
17-11	3475-3476	,	_	_	_	
17-12	3477-3479	ou	_	_	_	
17-13	3480-3487	beetria	_	_	_	
17-14	3487-3488	.	_	_	_	

#Text=Desta freguesia floresceu o capitão engenheiro Manuel Lopes da Silva, que ainda que filho de pais humildes, foi muito grande nas armas, engenho, e prendas, na guerra próxima passada; e por tal muito bem conhecido, e estimado dos maiores oficiais da mesma milícia; o qual há poucos anos faleceu nesta freguesia; estando reformado, com soldo inteiro de capitão /p. 731/ \r
#Text=     Nesta freguesia não há feira nem tem correio, e do correio de Vila Viçosa que chega na quinta-feira, é do que se serve.
18-1	3489-3494	Desta	_	_	_	
18-2	3495-3504	freguesia	_	_	_	
18-3	3505-3514	floresceu	_	_	_	
18-4	3515-3516	o	_	_	_	
18-5	3517-3524	capitão	*[28]	PER\_NAM[28]	_	
18-6	3525-3535	engenheiro	*[28]	PER\_NAM[28]	_	
18-7	3536-3542	Manuel	*[28]	PER\_NAM[28]	_	
18-8	3543-3548	Lopes	*[28]	PER\_NAM[28]	_	
18-9	3549-3551	da	*[28]	PER\_NAM[28]	_	
18-10	3552-3557	Silva	*[28]	PER\_NAM[28]	_	
18-11	3557-3558	,	_	_	_	
18-12	3559-3562	que	_	_	_	
18-13	3563-3568	ainda	_	_	_	
18-14	3569-3572	que	_	_	_	
18-15	3573-3578	filho	_	_	_	
18-16	3579-3581	de	_	_	_	
18-17	3582-3586	pais	_	_	_	
18-18	3587-3595	humildes	_	_	_	
18-19	3595-3596	,	_	_	_	
18-20	3597-3600	foi	_	_	_	
18-21	3601-3606	muito	_	_	_	
18-22	3607-3613	grande	_	_	_	
18-23	3614-3617	nas	_	_	_	
18-24	3618-3623	armas	_	_	_	
18-25	3623-3624	,	_	_	_	
18-26	3625-3632	engenho	_	_	_	
18-27	3632-3633	,	_	_	_	
18-28	3634-3635	e	_	_	_	
18-29	3636-3643	prendas	_	_	_	
18-30	3643-3644	,	_	_	_	
18-31	3645-3647	na	_	_	_	
18-32	3648-3654	guerra	_	_	_	
18-33	3655-3662	próxima	_	_	_	
18-34	3663-3670	passada	_	_	_	
18-35	3670-3671	;	_	_	_	
18-36	3672-3673	e	_	_	_	
18-37	3674-3677	por	_	_	_	
18-38	3678-3681	tal	_	_	_	
18-39	3682-3687	muito	_	_	_	
18-40	3688-3691	bem	_	_	_	
18-41	3692-3701	conhecido	_	_	_	
18-42	3701-3702	,	_	_	_	
18-43	3703-3704	e	_	_	_	
18-44	3705-3713	estimado	_	_	_	
18-45	3714-3717	dos	_	_	_	
18-46	3718-3725	maiores	_	_	_	
18-47	3726-3734	oficiais	_	_	_	
18-48	3735-3737	da	_	_	_	
18-49	3738-3743	mesma	_	_	_	
18-50	3744-3751	milícia	_	_	_	
18-51	3751-3752	;	_	_	_	
18-52	3753-3754	o	_	_	_	
18-53	3755-3759	qual	_	_	_	
18-54	3760-3762	há	_	_	_	
18-55	3763-3769	poucos	_	_	_	
18-56	3770-3774	anos	_	_	_	
18-57	3775-3782	faleceu	_	_	_	
18-58	3783-3788	nesta	_	_	_	
18-59	3789-3798	freguesia	_	_	_	
18-60	3798-3799	;	_	_	_	
18-61	3800-3807	estando	_	_	_	
18-62	3808-3817	reformado	_	_	_	
18-63	3817-3818	,	_	_	_	
18-64	3819-3822	com	_	_	_	
18-65	3823-3828	soldo	_	_	_	
18-66	3829-3836	inteiro	_	_	_	
18-67	3837-3839	de	_	_	_	
18-68	3840-3847	capitão	_	_	_	
18-69	3848-3849	/	_	_	_	
18-70	3849-3850	p	_	_	Page[54]	
18-71	3850-3851	.	_	_	Page[54]	
18-72	3852-3855	731	_	_	Page[54]	
18-73	3855-3856	/	_	_	_	
18-74	3864-3869	Nesta	_	_	_	
18-75	3870-3879	freguesia	_	_	_	
18-76	3880-3883	não	_	_	_	
18-77	3884-3886	há	_	_	_	
18-78	3887-3892	feira	_	_	_	
18-79	3893-3896	nem	_	_	_	
18-80	3897-3900	tem	_	_	_	
18-81	3901-3908	correio	_	_	_	
18-82	3908-3909	,	_	_	_	
18-83	3910-3911	e	_	_	_	
18-84	3912-3914	do	_	_	_	
18-85	3915-3922	correio	_	_	_	
18-86	3923-3925	de	_	_	_	
18-87	3926-3930	Vila	*[29]	PLC\_GPE[29]	_	
18-88	3931-3937	Viçosa	*[29]	PLC\_GPE[29]	_	
18-89	3938-3941	que	_	_	_	
18-90	3942-3947	chega	_	_	_	
18-91	3948-3950	na	_	_	_	
18-92	3951-3963	quinta-feira	_	_	_	
18-93	3963-3964	,	_	_	_	
18-94	3965-3966	é	_	_	_	
18-95	3967-3969	do	_	_	_	
18-96	3970-3973	que	_	_	_	
18-97	3974-3976	se	_	_	_	
18-98	3977-3982	serve	_	_	_	
18-99	3982-3983	.	_	_	_	

#Text=Da cidade de Évora capital deste arcebispado, dista sete léguas; e da capital do reino, dista vinte, e duas, ou vinte, e três léguas.
19-1	3984-3986	Da	_	_	_	
19-2	3987-3993	cidade	*[30]	PLC\_GPE[30]	_	
19-3	3994-3996	de	*[30]	PLC\_GPE[30]	_	
19-4	3997-4002	Évora	*[30]	PLC\_GPE[30]	_	
19-5	4003-4010	capital	_	_	_	
19-6	4011-4016	deste	_	_	_	
19-7	4017-4028	arcebispado	_	_	_	
19-8	4028-4029	,	_	_	_	
19-9	4030-4035	dista	_	_	_	
19-10	4036-4040	sete	_	_	_	
19-11	4041-4047	léguas	_	_	_	
19-12	4047-4048	;	_	_	_	
19-13	4049-4050	e	_	_	_	
19-14	4051-4053	da	_	_	_	
19-15	4054-4061	capital	_	_	_	
19-16	4062-4064	do	_	_	_	
19-17	4065-4070	reino	_	_	_	
19-18	4070-4071	,	_	_	_	
19-19	4072-4077	dista	_	_	_	
19-20	4078-4083	vinte	_	_	_	
19-21	4083-4084	,	_	_	_	
19-22	4085-4086	e	_	_	_	
19-23	4087-4091	duas	_	_	_	
19-24	4091-4092	,	_	_	_	
19-25	4093-4095	ou	_	_	_	
19-26	4096-4101	vinte	_	_	_	
19-27	4101-4102	,	_	_	_	
19-28	4103-4104	e	_	_	_	
19-29	4105-4109	três	_	_	_	
19-30	4110-4116	léguas	_	_	_	
19-31	4116-4117	.	_	_	_	

#Text=Não tem privilégios, nem antiguidades dignas de memória.
20-1	4118-4121	Não	_	_	_	
20-2	4122-4125	tem	_	_	_	
20-3	4126-4137	privilégios	_	_	_	
20-4	4137-4138	,	_	_	_	
20-5	4139-4142	nem	_	_	_	
20-6	4143-4155	antiguidades	_	_	_	
20-7	4156-4162	dignas	_	_	_	
20-8	4163-4165	de	_	_	_	
20-9	4166-4173	memória	_	_	_	
20-10	4173-4174	.	_	_	_	

#Text=Tem esta freguesia no termo de Vila Viçosa, próxima à estrada que vai de Estremoz para o Alandroal; uma lagoa, ou nascente de abundante água, com a qual moem dezanove azenhas de engenhos reais.
21-1	4175-4178	Tem	_	_	_	
21-2	4179-4183	esta	_	_	_	
21-3	4184-4193	freguesia	_	_	_	
21-4	4194-4196	no	_	_	_	
21-5	4197-4202	termo	*[31]	PLC\_GPE[31]	_	
21-6	4203-4205	de	*[31]	PLC\_GPE[31]	_	
21-7	4206-4210	Vila	*[31]	PLC\_GPE[31]	_	
21-8	4211-4217	Viçosa	*[31]	PLC\_GPE[31]	_	
21-9	4217-4218	,	_	_	_	
21-10	4219-4226	próxima	_	_	_	
21-11	4227-4228	à	_	_	_	
21-12	4229-4236	estrada	_	_	_	
21-13	4237-4240	que	_	_	_	
21-14	4241-4244	vai	_	_	_	
21-15	4245-4247	de	_	_	_	
21-16	4248-4256	Estremoz	*	PLC\_GPE	_	
21-17	4257-4261	para	_	_	_	
21-18	4262-4263	o	_	_	_	
21-19	4264-4273	Alandroal	*	PLC\_GPE	_	
21-20	4273-4274	;	_	_	_	
21-21	4275-4278	uma	_	_	_	
21-22	4279-4284	lagoa	_	_	_	
21-23	4284-4285	,	_	_	_	
21-24	4286-4288	ou	_	_	_	
21-25	4289-4297	nascente	_	_	_	
21-26	4298-4300	de	_	_	_	
21-27	4301-4310	abundante	_	_	_	
21-28	4311-4315	água	_	_	_	
21-29	4315-4316	,	_	_	_	
21-30	4317-4320	com	_	_	_	
21-31	4321-4322	a	_	_	_	
21-32	4323-4327	qual	_	_	_	
21-33	4328-4332	moem	_	_	_	
21-34	4333-4341	dezanove	_	_	_	
21-35	4342-4349	azenhas	_	_	_	
21-36	4350-4352	de	_	_	_	
21-37	4353-4361	engenhos	_	_	_	
21-38	4362-4367	reais	_	_	_	
21-39	4367-4368	.	_	_	_	

#Text=Também tem suas fontes muito boas de excelente água de beber; mas não dignas de exageração.
22-1	4369-4375	Também	_	_	_	
22-2	4376-4379	tem	_	_	_	
22-3	4380-4384	suas	_	_	_	
22-4	4385-4391	fontes	_	_	_	
22-5	4392-4397	muito	_	_	_	
22-6	4398-4402	boas	_	_	_	
22-7	4403-4405	de	_	_	_	
22-8	4406-4415	excelente	_	_	_	
22-9	4416-4420	água	_	_	_	
22-10	4421-4423	de	_	_	_	
22-11	4424-4429	beber	_	_	_	
22-12	4429-4430	;	_	_	_	
22-13	4431-4434	mas	_	_	_	
22-14	4435-4438	não	_	_	_	
22-15	4439-4445	dignas	_	_	_	
22-16	4446-4448	de	_	_	_	
22-17	4449-4459	exageração	_	_	_	
22-18	4459-4460	.	_	_	_	

#Text=Não é esta freguesia porto do mar, nem terra murada; mas sim uma freguesia de campo.
23-1	4461-4464	Não	_	_	_	
23-2	4465-4466	é	_	_	_	
23-3	4467-4471	esta	_	_	_	
23-4	4472-4481	freguesia	_	_	_	
23-5	4482-4487	porto	_	_	_	
23-6	4488-4490	do	_	_	_	
23-7	4491-4494	mar	_	_	_	
23-8	4494-4495	,	_	_	_	
23-9	4496-4499	nem	_	_	_	
23-10	4500-4505	terra	_	_	_	
23-11	4506-4512	murada	_	_	_	
23-12	4512-4513	;	_	_	_	
23-13	4514-4517	mas	_	_	_	
23-14	4518-4521	sim	_	_	_	
23-15	4522-4525	uma	_	_	_	
23-16	4526-4535	freguesia	_	_	_	
23-17	4536-4538	de	_	_	_	
23-18	4539-4544	campo	_	_	_	
23-19	4544-4545	.	_	_	_	

#Text=Na ocasião do terramoto do ano de 1755 alguma ruína padeceu: porém foi cousa de pouca consideração, e que tudo está remediado ao presente.
24-1	4546-4548	Na	_	_	_	
24-2	4549-4556	ocasião	_	_	_	
24-3	4557-4559	do	_	_	_	
24-4	4560-4569	terramoto	_	_	_	
24-5	4570-4572	do	_	_	_	
24-6	4573-4576	ano	_	_	_	
24-7	4577-4579	de	_	_	_	
24-8	4580-4584	1755	*	TIM\_CRON	_	
24-9	4585-4591	alguma	_	_	_	
24-10	4592-4597	ruína	_	_	_	
24-11	4598-4605	padeceu	_	_	_	
24-12	4605-4606	:	_	_	_	
24-13	4607-4612	porém	_	_	_	
24-14	4613-4616	foi	_	_	_	
24-15	4617-4622	cousa	_	_	_	
24-16	4623-4625	de	_	_	_	
24-17	4626-4631	pouca	_	_	_	
24-18	4632-4644	consideração	_	_	_	
24-19	4644-4645	,	_	_	_	
24-20	4646-4647	e	_	_	_	
24-21	4648-4651	que	_	_	_	
24-22	4652-4656	tudo	_	_	_	
24-23	4657-4661	está	_	_	_	
24-24	4662-4671	remediado	_	_	_	
24-25	4672-4674	ao	_	_	_	
24-26	4675-4683	presente	_	_	_	
24-27	4683-4684	.	_	_	_	

#Text=Não contém esta freguesia em si mais serra, que uns montes das abas da Serra de Ossa, e um monte bastantemente alto e áspero, chamado - serra da Vigaria, aonde dizem esteve o Caracena, general de Castela, na ocasião da batalha de Montes Claros, que foi no plano, e raiz do dito monte.
25-1	4685-4688	Não	_	_	_	
25-2	4689-4695	contém	_	_	_	
25-3	4696-4700	esta	_	_	_	
25-4	4701-4710	freguesia	_	_	_	
25-5	4711-4713	em	_	_	_	
25-6	4714-4716	si	_	_	_	
25-7	4717-4721	mais	_	_	_	
25-8	4722-4727	serra	_	_	_	
25-9	4727-4728	,	_	_	_	
25-10	4729-4732	que	_	_	_	
25-11	4733-4736	uns	_	_	_	
25-12	4737-4743	montes	_	_	_	
25-13	4744-4747	das	_	_	_	
25-14	4748-4752	abas	_	_	_	
25-15	4753-4755	da	_	_	_	
25-16	4756-4761	Serra	*[32]	PLC\_MOUNT[32]	_	
25-17	4762-4764	de	*[32]	PLC\_MOUNT[32]	_	
25-18	4765-4769	Ossa	*[32]	PLC\_MOUNT[32]	_	
25-19	4769-4770	,	_	_	_	
25-20	4771-4772	e	_	_	_	
25-21	4773-4775	um	_	_	_	
25-22	4776-4781	monte	_	_	_	
25-23	4782-4795	bastantemente	_	_	_	
25-24	4796-4800	alto	_	_	_	
25-25	4801-4802	e	_	_	_	
25-26	4803-4809	áspero	_	_	_	
25-27	4809-4810	,	_	_	_	
25-28	4811-4818	chamado	_	_	_	
25-29	4819-4820	-	_	_	_	
25-30	4821-4826	serra	*[33]	PLC\_LOC[33]	_	
25-31	4827-4829	da	*[33]	PLC\_LOC[33]	_	
25-32	4830-4837	Vigaria	*[33]	PLC\_LOC[33]	_	
25-33	4837-4838	,	_	_	_	
25-34	4839-4844	aonde	_	_	_	
25-35	4845-4850	dizem	_	_	_	
25-36	4851-4857	esteve	_	_	_	
25-37	4858-4859	o	_	_	_	
25-38	4860-4868	Caracena	*[34]	PER\_NAM[34]	_	
25-39	4868-4869	,	*[34]	PER\_NAM[34]	_	
25-40	4870-4877	general	*[34]	PER\_NAM[34]	_	
25-41	4878-4880	de	*[34]	PER\_NAM[34]	_	
25-42	4881-4888	Castela	*[34]	PER\_NAM[34]	_	
25-43	4888-4889	,	_	_	_	
25-44	4890-4892	na	_	_	_	
25-45	4893-4900	ocasião	_	_	_	
25-46	4901-4903	da	_	_	_	
25-47	4904-4911	batalha	_	_	_	
25-48	4912-4914	de	_	_	_	
25-49	4915-4921	Montes	_	_	_	
25-50	4922-4928	Claros	_	_	_	
25-51	4928-4929	,	_	_	_	
25-52	4930-4933	que	_	_	_	
25-53	4934-4937	foi	_	_	_	
25-54	4938-4940	no	_	_	_	
25-55	4941-4946	plano	_	_	_	
25-56	4946-4947	,	_	_	_	
25-57	4948-4949	e	_	_	_	
25-58	4950-4954	raiz	_	_	_	
25-59	4955-4957	do	_	_	_	
25-60	4958-4962	dito	_	_	_	
25-61	4963-4968	monte	_	_	_	
25-62	4968-4969	.	_	_	_	

#Text=Próximo ao dito monte há admiráveis minas de mármores brancos, e azuis, matizados de branco, sitos na herdade da Vigária, e do Barrinho, que são da casa do Morgado de Peixinhos, ou por outro nome dos Lucenas: o dito monte é inculto.
26-1	4970-4977	Próximo	_	_	_	
26-2	4978-4980	ao	_	_	_	
26-3	4981-4985	dito	_	_	_	
26-4	4986-4991	monte	_	_	_	
26-5	4992-4994	há	_	_	_	
26-6	4995-5005	admiráveis	_	_	_	
26-7	5006-5011	minas	_	_	_	
26-8	5012-5014	de	_	_	_	
26-9	5015-5023	mármores	_	_	_	
26-10	5024-5031	brancos	_	_	_	
26-11	5031-5032	,	_	_	_	
26-12	5033-5034	e	_	_	_	
26-13	5035-5040	azuis	_	_	_	
26-14	5040-5041	,	_	_	_	
26-15	5042-5051	matizados	_	_	_	
26-16	5052-5054	de	_	_	_	
26-17	5055-5061	branco	_	_	_	
26-18	5061-5062	,	_	_	_	
26-19	5063-5068	sitos	_	_	_	
26-20	5069-5071	na	_	_	_	
26-21	5072-5079	herdade	*[35]	PLC\_LOC[35]	_	
26-22	5080-5082	da	*[35]	PLC\_LOC[35]	_	
26-23	5083-5090	Vigária	*[35]	PLC\_LOC[35]	_	
26-24	5090-5091	,	_	_	_	
26-25	5092-5093	e	_	_	_	
26-26	5094-5096	do	_	_	_	
26-27	5097-5105	Barrinho	*	PLC\_LOC	_	
26-28	5105-5106	,	_	_	_	
26-29	5107-5110	que	_	_	_	
26-30	5111-5114	são	_	_	_	
26-31	5115-5117	da	_	_	_	
26-32	5118-5122	casa	*[36]	ORG[36]	_	
26-33	5123-5125	do	*[36]	ORG[36]	_	
26-34	5126-5133	Morgado	*[36]	ORG[36]	_	
26-35	5134-5136	de	*[36]	ORG[36]	_	
26-36	5137-5146	Peixinhos	*[36]	ORG[36]	_	
26-37	5146-5147	,	_	_	_	
26-38	5148-5150	ou	_	_	_	
26-39	5151-5154	por	_	_	_	
26-40	5155-5160	outro	_	_	_	
26-41	5161-5165	nome	_	_	_	
26-42	5166-5169	dos	_	_	_	
26-43	5170-5177	Lucenas	*	PER\_PGRP	_	
26-44	5177-5178	:	_	_	_	
26-45	5179-5180	o	_	_	_	
26-46	5181-5185	dito	_	_	_	
26-47	5186-5191	monte	_	_	_	
26-48	5192-5193	é	_	_	_	
26-49	5194-5201	inculto	_	_	_	
26-50	5201-5202	.	_	_	_	

#Text=Nele não há mais, que pedras, e carrascos, e de sua qualidade é muito frio; e se cria alguns coelhos, e perdizes.
27-1	5203-5207	Nele	_	_	_	
27-2	5208-5211	não	_	_	_	
27-3	5212-5214	há	_	_	_	
27-4	5215-5219	mais	_	_	_	
27-5	5219-5220	,	_	_	_	
27-6	5221-5224	que	_	_	_	
27-7	5225-5231	pedras	_	_	_	
27-8	5231-5232	,	_	_	_	
27-9	5233-5234	e	_	_	_	
27-10	5235-5244	carrascos	_	_	_	
27-11	5244-5245	,	_	_	_	
27-12	5246-5247	e	_	_	_	
27-13	5248-5250	de	_	_	_	
27-14	5251-5254	sua	_	_	_	
27-15	5255-5264	qualidade	_	_	_	
27-16	5265-5266	é	_	_	_	
27-17	5267-5272	muito	_	_	_	
27-18	5273-5277	frio	_	_	_	
27-19	5277-5278	;	_	_	_	
27-20	5279-5280	e	_	_	_	
27-21	5281-5283	se	_	_	_	
27-22	5284-5288	cria	_	_	_	
27-23	5289-5295	alguns	_	_	_	
27-24	5296-5303	coelhos	_	_	_	
27-25	5303-5304	,	_	_	_	
27-26	5305-5306	e	_	_	_	
27-27	5307-5315	perdizes	_	_	_	
27-28	5315-5316	.	_	_	_	

#Text=Deste monte e serra da Vigaria, não nasce rio algum; mas na raiz dele, para a parte do Nascente, tem um poço de boa água, e bastante.
28-1	5317-5322	Deste	_	_	_	
28-2	5323-5328	monte	_	_	_	
28-3	5329-5330	e	_	_	_	
28-4	5331-5336	serra	*[37]	PLC\_MOUNT[37]	_	
28-5	5337-5339	da	*[37]	PLC\_MOUNT[37]	_	
28-6	5340-5347	Vigaria	*[37]	PLC\_MOUNT[37]	_	
28-7	5347-5348	,	_	_	_	
28-8	5349-5352	não	_	_	_	
28-9	5353-5358	nasce	_	_	_	
28-10	5359-5362	rio	_	_	_	
28-11	5363-5368	algum	_	_	_	
28-12	5368-5369	;	_	_	_	
28-13	5370-5373	mas	_	_	_	
28-14	5374-5376	na	_	_	_	
28-15	5377-5381	raiz	_	_	_	
28-16	5382-5386	dele	_	_	_	
28-17	5386-5387	,	_	_	_	
28-18	5388-5392	para	_	_	_	
28-19	5393-5394	a	_	_	_	
28-20	5395-5400	parte	_	_	_	
28-21	5401-5403	do	_	_	_	
28-22	5404-5412	Nascente	_	_	_	
28-23	5412-5413	,	_	_	_	
28-24	5414-5417	tem	_	_	_	
28-25	5418-5420	um	_	_	_	
28-26	5421-5425	poço	_	_	_	
28-27	5426-5428	de	_	_	_	
28-28	5429-5432	boa	_	_	_	
28-29	5433-5437	água	_	_	_	
28-30	5437-5438	,	_	_	_	
28-31	5439-5440	e	_	_	_	
28-32	5441-5449	bastante	_	_	_	
28-33	5449-5450	.	_	_	_	

#Text=/p. 732/ \r
#Text=     Por esta freguesia, perto das abas dos montes da Serra de Ossa, cá para a parte do Nascente do Sol; passa a ribeira de Lucefécit, que tem seu princípio na freguesia de São Tiago de Rio de Moinhos, e vai meter-se na Guadiana, na herdade do Aguilhão, aonde este reino confina com Castela; mas esta ribeira costuma secar-se, e deixar de correr, em vindo o tempo do Verão; por conta de lhe tirarem as águas, para regarem feijoais na dita freguesia de São Tiago de Rio de Moinhos: esta ribeira se compõe das águas que saem dos montes da Serra de Ossa, das águas dos nascentes da freguesia de São Tiago, e dos nascentes desta freguesia: corre de Norte a Sul: cria boas pardelhas, e singulares bordalos, e também algumas bogas: as suas margens se cultivam, e dão muito trigo, e cevada: em toda a parte conserva o mesmo nome.
29-1	5451-5452	/	_	_	_	
29-2	5452-5453	p	_	_	Page[55]	
29-3	5453-5454	.	_	_	Page[55]	
29-4	5455-5458	732	_	_	Page[55]	
29-5	5458-5459	/	_	_	_	
29-6	5467-5470	Por	_	_	_	
29-7	5471-5475	esta	_	_	_	
29-8	5476-5485	freguesia	_	_	_	
29-9	5485-5486	,	_	_	_	
29-10	5487-5492	perto	_	_	_	
29-11	5493-5496	das	_	_	_	
29-12	5497-5501	abas	_	_	_	
29-13	5502-5505	dos	_	_	_	
29-14	5506-5512	montes	_	_	_	
29-15	5513-5515	da	_	_	_	
29-16	5516-5521	Serra	*[38]	PLC\_MOUNT[38]	_	
29-17	5522-5524	de	*[38]	PLC\_MOUNT[38]	_	
29-18	5525-5529	Ossa	*[38]	PLC\_MOUNT[38]	_	
29-19	5529-5530	,	_	_	_	
29-20	5531-5533	cá	_	_	_	
29-21	5534-5538	para	_	_	_	
29-22	5539-5540	a	_	_	_	
29-23	5541-5546	parte	_	_	_	
29-24	5547-5549	do	_	_	_	
29-25	5550-5558	Nascente	_	_	_	
29-26	5559-5561	do	_	_	_	
29-27	5562-5565	Sol	_	_	_	
29-28	5565-5566	;	_	_	_	
29-29	5567-5572	passa	_	_	_	
29-30	5573-5574	a	_	_	_	
29-31	5575-5582	ribeira	*[39]	PLC\_AQU[39]	_	
29-32	5583-5585	de	*[39]	PLC\_AQU[39]	_	
29-33	5586-5595	Lucefécit	*[39]	PLC\_AQU[39]	_	
29-34	5595-5596	,	_	_	_	
29-35	5597-5600	que	_	_	_	
29-36	5601-5604	tem	_	_	_	
29-37	5605-5608	seu	_	_	_	
29-38	5609-5618	princípio	_	_	_	
29-39	5619-5621	na	_	_	_	
29-40	5622-5631	freguesia	*[40]	PLC\_GPE[40]	_	
29-41	5632-5634	de	*[40]	PLC\_GPE[40]	_	
29-42	5635-5638	São	*[40]	PLC\_GPE[40]	_	
29-43	5639-5644	Tiago	*[40]	PLC\_GPE[40]	_	
29-44	5645-5647	de	*[40]	PLC\_GPE[40]	_	
29-45	5648-5651	Rio	*[40]	PLC\_GPE[40]	_	
29-46	5652-5654	de	*[40]	PLC\_GPE[40]	_	
29-47	5655-5662	Moinhos	*[40]	PLC\_GPE[40]	_	
29-48	5662-5663	,	_	_	_	
29-49	5664-5665	e	_	_	_	
29-50	5666-5669	vai	_	_	_	
29-51	5670-5678	meter-se	_	_	_	
29-52	5679-5681	na	_	_	_	
29-53	5682-5690	Guadiana	*	PLC\_AQU	_	
29-54	5690-5691	,	_	_	_	
29-55	5692-5694	na	_	_	_	
29-56	5695-5702	herdade	*[41]	PLC\_LOC[41]	_	
29-57	5703-5705	do	*[41]	PLC\_LOC[41]	_	
29-58	5706-5714	Aguilhão	*[41]	PLC\_LOC[41]	_	
29-59	5714-5715	,	_	_	_	
29-60	5716-5721	aonde	_	_	_	
29-61	5722-5726	este	_	_	_	
29-62	5727-5732	reino	_	_	_	
29-63	5733-5740	confina	_	_	_	
29-64	5741-5744	com	_	_	_	
29-65	5745-5752	Castela	*	PLC\_GPE	_	
29-66	5752-5753	;	_	_	_	
29-67	5754-5757	mas	_	_	_	
29-68	5758-5762	esta	_	_	_	
29-69	5763-5770	ribeira	_	_	_	
29-70	5771-5778	costuma	_	_	_	
29-71	5779-5787	secar-se	_	_	_	
29-72	5787-5788	,	_	_	_	
29-73	5789-5790	e	_	_	_	
29-74	5791-5797	deixar	_	_	_	
29-75	5798-5800	de	_	_	_	
29-76	5801-5807	correr	_	_	_	
29-77	5807-5808	,	_	_	_	
29-78	5809-5811	em	_	_	_	
29-79	5812-5817	vindo	_	_	_	
29-80	5818-5819	o	_	_	_	
29-81	5820-5825	tempo	_	_	_	
29-82	5826-5828	do	_	_	_	
29-83	5829-5834	Verão	_	_	_	
29-84	5834-5835	;	_	_	_	
29-85	5836-5839	por	_	_	_	
29-86	5840-5845	conta	_	_	_	
29-87	5846-5848	de	_	_	_	
29-88	5849-5852	lhe	_	_	_	
29-89	5853-5860	tirarem	_	_	_	
29-90	5861-5863	as	_	_	_	
29-91	5864-5869	águas	_	_	_	
29-92	5869-5870	,	_	_	_	
29-93	5871-5875	para	_	_	_	
29-94	5876-5883	regarem	_	_	_	
29-95	5884-5892	feijoais	_	_	_	
29-96	5893-5895	na	_	_	_	
29-97	5896-5900	dita	_	_	_	
29-98	5901-5910	freguesia	*[42]	PLC\_GPE[42]	_	
29-99	5911-5913	de	*[42]	PLC\_GPE[42]	_	
29-100	5914-5917	São	*[42]	PLC\_GPE[42]	_	
29-101	5918-5923	Tiago	*[42]	PLC\_GPE[42]	_	
29-102	5924-5926	de	*[42]	PLC\_GPE[42]	_	
29-103	5927-5930	Rio	*[42]	PLC\_GPE[42]	_	
29-104	5931-5933	de	*[42]	PLC\_GPE[42]	_	
29-105	5934-5941	Moinhos	*[42]	PLC\_GPE[42]	_	
29-106	5941-5942	:	_	_	_	
29-107	5943-5947	esta	_	_	_	
29-108	5948-5955	ribeira	_	_	_	
29-109	5956-5958	se	_	_	_	
29-110	5959-5965	compõe	_	_	_	
29-111	5966-5969	das	_	_	_	
29-112	5970-5975	águas	_	_	_	
29-113	5976-5979	que	_	_	_	
29-114	5980-5984	saem	_	_	_	
29-115	5985-5988	dos	_	_	_	
29-116	5989-5995	montes	_	_	_	
29-117	5996-5998	da	_	_	_	
29-118	5999-6004	Serra	*[43]	PLC\_MOUNT[43]	_	
29-119	6005-6007	de	*[43]	PLC\_MOUNT[43]	_	
29-120	6008-6012	Ossa	*[43]	PLC\_MOUNT[43]	_	
29-121	6012-6013	,	_	_	_	
29-122	6014-6017	das	_	_	_	
29-123	6018-6023	águas	_	_	_	
29-124	6024-6027	dos	_	_	_	
29-125	6028-6037	nascentes	_	_	_	
29-126	6038-6040	da	_	_	_	
29-127	6041-6050	freguesia	*[44]	PLC\_GPE[44]	_	
29-128	6051-6053	de	*[44]	PLC\_GPE[44]	_	
29-129	6054-6057	São	*[44]	PLC\_GPE[44]	_	
29-130	6058-6063	Tiago	*[44]	PLC\_GPE[44]	_	
29-131	6063-6064	,	_	_	_	
29-132	6065-6066	e	_	_	_	
29-133	6067-6070	dos	_	_	_	
29-134	6071-6080	nascentes	_	_	_	
29-135	6081-6086	desta	_	_	_	
29-136	6087-6096	freguesia	_	_	_	
29-137	6096-6097	:	_	_	_	
29-138	6098-6103	corre	_	_	_	
29-139	6104-6106	de	_	_	_	
29-140	6107-6112	Norte	_	_	_	
29-141	6113-6114	a	_	_	_	
29-142	6115-6118	Sul	_	_	_	
29-143	6118-6119	:	_	_	_	
29-144	6120-6124	cria	_	_	_	
29-145	6125-6129	boas	_	_	_	
29-146	6130-6139	pardelhas	_	_	_	
29-147	6139-6140	,	_	_	_	
29-148	6141-6142	e	_	_	_	
29-149	6143-6153	singulares	_	_	_	
29-150	6154-6162	bordalos	_	_	_	
29-151	6162-6163	,	_	_	_	
29-152	6164-6165	e	_	_	_	
29-153	6166-6172	também	_	_	_	
29-154	6173-6180	algumas	_	_	_	
29-155	6181-6186	bogas	_	_	_	
29-156	6186-6187	:	_	_	_	
29-157	6188-6190	as	_	_	_	
29-158	6191-6195	suas	_	_	_	
29-159	6196-6203	margens	_	_	_	
29-160	6204-6206	se	_	_	_	
29-161	6207-6215	cultivam	_	_	_	
29-162	6215-6216	,	_	_	_	
29-163	6217-6218	e	_	_	_	
29-164	6219-6222	dão	_	_	_	
29-165	6223-6228	muito	_	_	_	
29-166	6229-6234	trigo	_	_	_	
29-167	6234-6235	,	_	_	_	
29-168	6236-6237	e	_	_	_	
29-169	6238-6244	cevada	_	_	_	
29-170	6244-6245	:	_	_	_	
29-171	6246-6248	em	_	_	_	
29-172	6249-6253	toda	_	_	_	
29-173	6254-6255	a	_	_	_	
29-174	6256-6261	parte	_	_	_	
29-175	6262-6270	conserva	_	_	_	
29-176	6271-6272	o	_	_	_	
29-177	6273-6278	mesmo	_	_	_	
29-178	6279-6283	nome	_	_	_	
29-179	6283-6284	.	_	_	_	

#Text=Nesta ribeira há muitos moinhos de fazer farinha no tempo do Inverno, e também tem um lagar de azeite, e uma ponte de cantaria junto à vila de Terena: nunca ouvi dizer, que de suas áreas se tirasse ouro, ou prata.
30-1	6285-6290	Nesta	_	_	_	
30-2	6291-6298	ribeira	_	_	_	
30-3	6299-6301	há	_	_	_	
30-4	6302-6308	muitos	_	_	_	
30-5	6309-6316	moinhos	_	_	_	
30-6	6317-6319	de	_	_	_	
30-7	6320-6325	fazer	_	_	_	
30-8	6326-6333	farinha	_	_	_	
30-9	6334-6336	no	_	_	_	
30-10	6337-6342	tempo	_	_	_	
30-11	6343-6345	do	_	_	_	
30-12	6346-6353	Inverno	_	_	_	
30-13	6353-6354	,	_	_	_	
30-14	6355-6356	e	_	_	_	
30-15	6357-6363	também	_	_	_	
30-16	6364-6367	tem	_	_	_	
30-17	6368-6370	um	_	_	_	
30-18	6371-6376	lagar	_	_	_	
30-19	6377-6379	de	_	_	_	
30-20	6380-6386	azeite	_	_	_	
30-21	6386-6387	,	_	_	_	
30-22	6388-6389	e	_	_	_	
30-23	6390-6393	uma	_	_	_	
30-24	6394-6399	ponte	_	_	_	
30-25	6400-6402	de	_	_	_	
30-26	6403-6411	cantaria	_	_	_	
30-27	6412-6417	junto	_	_	_	
30-28	6418-6419	à	_	_	_	
30-29	6420-6424	vila	*[45]	PLC\_GPE[45]	_	
30-30	6425-6427	de	*[45]	PLC\_GPE[45]	_	
30-31	6428-6434	Terena	*[45]	PLC\_GPE[45]	_	
30-32	6434-6435	:	_	_	_	
30-33	6436-6441	nunca	_	_	_	
30-34	6442-6446	ouvi	_	_	_	
30-35	6447-6452	dizer	_	_	_	
30-36	6452-6453	,	_	_	_	
30-37	6454-6457	que	_	_	_	
30-38	6458-6460	de	_	_	_	
30-39	6461-6465	suas	_	_	_	
30-40	6466-6471	áreas	_	_	_	
30-41	6472-6474	se	_	_	_	
30-42	6475-6482	tirasse	_	_	_	
30-43	6483-6487	ouro	_	_	_	
30-44	6487-6488	,	_	_	_	
30-45	6489-6491	ou	_	_	_	
30-46	6492-6497	prata	_	_	_	
30-47	6497-6498	.	_	_	_	

#Text=Nunca ouvi dizer que deixassem de ser livres as suas águas, e pescarias.
31-1	6499-6504	Nunca	_	_	_	
31-2	6505-6509	ouvi	_	_	_	
31-3	6510-6515	dizer	_	_	_	
31-4	6516-6519	que	_	_	_	
31-5	6520-6529	deixassem	_	_	_	
31-6	6530-6532	de	_	_	_	
31-7	6533-6536	ser	_	_	_	
31-8	6537-6543	livres	_	_	_	
31-9	6544-6546	as	_	_	_	
31-10	6547-6551	suas	_	_	_	
31-11	6552-6557	águas	_	_	_	
31-12	6557-6558	,	_	_	_	
31-13	6559-6560	e	_	_	_	
31-14	6561-6570	pescarias	_	_	_	
31-15	6570-6571	.	_	_	_	

#Text=Esta é a notícia que posso dar desta freguesia de Santa Ana, a respeito dos interrogatórios que me foram entregues, por via do muito Reverendo Vigário da Vara da vila de Estremoz; e em fé de verdade me assinei.
32-1	6572-6576	Esta	_	_	_	
32-2	6577-6578	é	_	_	_	
32-3	6579-6580	a	_	_	_	
32-4	6581-6588	notícia	_	_	_	
32-5	6589-6592	que	_	_	_	
32-6	6593-6598	posso	_	_	_	
32-7	6599-6602	dar	_	_	_	
32-8	6603-6608	desta	_	_	_	
32-9	6609-6618	freguesia	*[46]	PLC\_GPE[46]	_	
32-10	6619-6621	de	*[46]	PLC\_GPE[46]	_	
32-11	6622-6627	Santa	*[46]	PLC\_GPE[46]	_	
32-12	6628-6631	Ana	*[46]	PLC\_GPE[46]	_	
32-13	6631-6632	,	_	_	_	
32-14	6633-6634	a	_	_	_	
32-15	6635-6643	respeito	_	_	_	
32-16	6644-6647	dos	_	_	_	
32-17	6648-6663	interrogatórios	_	_	_	
32-18	6664-6667	que	_	_	_	
32-19	6668-6670	me	_	_	_	
32-20	6671-6676	foram	_	_	_	
32-21	6677-6686	entregues	_	_	_	
32-22	6686-6687	,	_	_	_	
32-23	6688-6691	por	_	_	_	
32-24	6692-6695	via	_	_	_	
32-25	6696-6698	do	_	_	_	
32-26	6699-6704	muito	_	_	_	
32-27	6705-6714	Reverendo	_	_	_	
32-28	6715-6722	Vigário	*[47]	PER\_OCC[47]	_	
32-29	6723-6725	da	*[47]	PER\_OCC[47]	_	
32-30	6726-6730	Vara	*[47]	PER\_OCC[47]	_	
32-31	6731-6733	da	*[47]	PER\_OCC[47]	_	
32-32	6734-6738	vila	*[47]	PER\_OCC[47]	_	
32-33	6739-6741	de	*[47]	PER\_OCC[47]	_	
32-34	6742-6750	Estremoz	*[47]	PER\_OCC[47]	_	
32-35	6750-6751	;	_	_	_	
32-36	6752-6753	e	_	_	_	
32-37	6754-6756	em	_	_	_	
32-38	6757-6759	fé	_	_	_	
32-39	6760-6762	de	_	_	_	
32-40	6763-6770	verdade	_	_	_	
32-41	6771-6773	me	_	_	_	
32-42	6774-6781	assinei	_	_	_	
32-43	6781-6782	.	_	_	_	

#Text=Santa Ana de Bencatel. 11 de Abril de 1758.
33-1	6797-6802	Santa	*[48]	PLC\_GPE[48]	_	
33-2	6803-6806	Ana	*[48]	PLC\_GPE[48]	_	
33-3	6807-6809	de	*[48]	PLC\_GPE[48]	_	
33-4	6810-6818	Bencatel	*[48]	PLC\_GPE[48]	_	
33-5	6818-6819	.	_	_	_	
33-6	6820-6822	11	*[49]	TIM\_CRON[49]	_	
33-7	6823-6825	de	*[49]	TIM\_CRON[49]	_	
33-8	6826-6831	Abril	*[49]	TIM\_CRON[49]	_	
33-9	6832-6834	de	*[49]	TIM\_CRON[49]	_	
33-10	6835-6839	1758	*[49]	TIM\_CRON[49]	_	
33-11	6839-6840	.	_	_	_	

#Text=Pároco o padre João Toscano da Palma [assinatura autógrafa].//”\r
#Text=\r
#Text=Transcrição: Francisco Segurado\r
#Text=Revisão: Fátima Farrica
34-1	6849-6855	Pároco	*[50]	PER\_NAM[50]	_	
34-2	6856-6857	o	*[50]	PER\_NAM[50]	_	
34-3	6858-6863	padre	*[50]	PER\_NAM[50]	_	
34-4	6864-6868	João	*[50]	PER\_NAM[50]	_	
34-5	6869-6876	Toscano	*[50]	PER\_NAM[50]	_	
34-6	6877-6879	da	*[50]	PER\_NAM[50]	_	
34-7	6880-6885	Palma	*[50]	PER\_NAM[50]	_	
34-8	6886-6887	[	_	_	_	
34-9	6887-6897	assinatura	_	_	Comments[56]	
34-10	6898-6907	autógrafa	_	_	Comments[56]	
34-11	6907-6908	]	_	_	_	
34-12	6908-6909	.	_	_	_	
34-13	6909-6910	/	_	_	_	
34-14	6910-6911	/	_	_	_	
34-15	6911-6912	”	_	_	_	
34-16	6916-6927	Transcrição	_	_	Transcriptor[57]	
34-17	6927-6928	:	_	_	Transcriptor[57]	
34-18	6929-6938	Francisco	_	_	Transcriptor[57]	
34-19	6939-6947	Segurado	_	_	Transcriptor[57]	
34-20	6949-6956	Revisão	_	_	Reviewer[58]	
34-21	6956-6957	:	_	_	Reviewer[58]	
34-22	6958-6964	Fátima	_	_	Reviewer[58]	
34-23	6965-6972	Farrica	_	_	Reviewer[58]	
