#FORMAT=WebAnno TSV 3.3
#T_SP=de.tudarmstadt.ukp.dkpro.core.api.ner.type.NamedEntity|identifier|value
#T_SP=webanno.custom.ParaText|ParaText


#Text=﻿Pardais, 1758, 6 de Junho\r
#Text=Memória Paroquial de Pardais, Comarca de Elvas\r
#Text=[ANTT, Memórias paroquiais, vol. 27, nº 82, p. 523 a 526]\r
#Text=\r
#Text=“/p. 523/\r
#Text=Relação\r
#Text=\r
#Text=Da freguesia de Santa Catarina de Pardais termo de Vila Viçosa\r
#Text=\r
#Text=     Fica esta freguesia em o termo de Vila Viçosa distante desta povoação uma légua em a província de Alentejo, Arcebispado de Évora e distante da vila do Alandroal um quarto de léguas.
1-1	0-8	﻿Pardais	_	_	Header[35]	
1-2	8-9	,	_	_	Header[35]	
1-3	10-14	1758	_	_	Header[35]	
1-4	14-15	,	_	_	Header[35]	
1-5	16-17	6	_	_	Header[35]	
1-6	18-20	de	_	_	Header[35]	
1-7	21-26	Junho	_	_	Header[35]	
1-8	28-35	Memória	_	_	Header[35]	
1-9	36-45	Paroquial	_	_	Header[35]	
1-10	46-48	de	_	_	Header[35]	
1-11	49-56	Pardais	_	_	Header[35]	
1-12	56-57	,	_	_	Header[35]	
1-13	58-65	Comarca	_	_	Header[35]	
1-14	66-68	de	_	_	Header[35]	
1-15	69-74	Elvas	_	_	Header[35]	
1-16	76-77	[	_	_	Header[35]	
1-17	77-81	ANTT	_	_	Header[35]	
1-18	81-82	,	_	_	Header[35]	
1-19	83-91	Memórias	_	_	Header[35]	
1-20	92-102	paroquiais	_	_	Header[35]	
1-21	102-103	,	_	_	Header[35]	
1-22	104-107	vol	_	_	Header[35]	
1-23	107-108	.	_	_	Header[35]	
1-24	109-111	27	_	_	Header[35]	
1-25	111-112	,	_	_	Header[35]	
1-26	113-115	nº	_	_	Header[35]	
1-27	116-118	82	_	_	Header[35]	
1-28	118-119	,	_	_	Header[35]	
1-29	120-121	p	_	_	Header[35]	
1-30	121-122	.	_	_	Header[35]	
1-31	123-126	523	_	_	Header[35]	
1-32	127-128	a	_	_	Header[35]	
1-33	129-132	526	_	_	Header[35]	
1-34	132-133	]	_	_	Header[35]	
1-35	137-138	“	_	_	_	
1-36	138-139	/	_	_	_	
1-37	139-140	p	_	_	Page[36]	
1-38	140-141	.	_	_	Page[36]	
1-39	142-145	523	_	_	Page[36]	
1-40	145-146	/	_	_	_	
1-41	148-155	Relação	_	_	_	
1-42	159-161	Da	_	_	_	
1-43	162-171	freguesia	*[1]	PLC\_GPE[1]	_	
1-44	172-174	de	*[1]	PLC\_GPE[1]	_	
1-45	175-180	Santa	*[1]	PLC\_GPE[1]	_	
1-46	181-189	Catarina	*[1]	PLC\_GPE[1]	_	
1-47	190-192	de	*[1]	PLC\_GPE[1]	_	
1-48	193-200	Pardais	*[1]	PLC\_GPE[1]	_	
1-49	201-206	termo	*[1]	PLC\_GPE[1]	_	
1-50	207-209	de	*[1]	PLC\_GPE[1]	_	
1-51	210-214	Vila	*[1]	PLC\_GPE[1]	_	
1-52	215-221	Viçosa	*[1]	PLC\_GPE[1]	_	
1-53	230-234	Fica	_	_	_	
1-54	235-239	esta	_	_	_	
1-55	240-249	freguesia	_	_	_	
1-56	250-252	em	_	_	_	
1-57	253-254	o	_	_	_	
1-58	255-260	termo	*[2]	PLC\_GPE[2]	_	
1-59	261-263	de	*[2]	PLC\_GPE[2]	_	
1-60	264-268	Vila	*[2]	PLC\_GPE[2]	_	
1-61	269-275	Viçosa	*[2]	PLC\_GPE[2]	_	
1-62	276-284	distante	_	_	_	
1-63	285-290	desta	_	_	_	
1-64	291-299	povoação	_	_	_	
1-65	300-303	uma	_	_	_	
1-66	304-309	légua	_	_	_	
1-67	310-312	em	_	_	_	
1-68	313-314	a	_	_	_	
1-69	315-324	província	*[3]	PLC\_LOC[3]	_	
1-70	325-327	de	*[3]	PLC\_LOC[3]	_	
1-71	328-336	Alentejo	*[3]	PLC\_LOC[3]	_	
1-72	336-337	,	_	_	_	
1-73	338-349	Arcebispado	*[4]	PLC\_GPE[4]	_	
1-74	350-352	de	*[4]	PLC\_GPE[4]	_	
1-75	353-358	Évora	*[4]	PLC\_GPE[4]	_	
1-76	359-360	e	_	_	_	
1-77	361-369	distante	_	_	_	
1-78	370-372	da	_	_	_	
1-79	373-377	vila	_	_	_	
1-80	378-380	do	_	_	_	
1-81	381-390	Alandroal	*	PLC\_GPE	_	
1-82	391-393	um	_	_	_	
1-83	394-400	quarto	_	_	_	
1-84	401-403	de	_	_	_	
1-85	404-410	léguas	_	_	_	
1-86	410-411	.	_	_	_	

#Text=É esta freguesia atualmente da apresentação do ordinário deste Arcebispado, conta por algumas tradições antigas que se acham em os livros desta igreja, que fora em outro tempo da ordem militar de São Bento de Avis, o motivo certo porque a sobredita ordem omitiu a posse ignora-se só se diz procederia a deixação, ou da falta de clérigos, ou por ser limitado, o rendimento, de que resultou haverá mais de cento cinquenta anos Tomar posse dela o ordinário deste arcebispado em apresentar os párocos e de quem os mesmos alcançam a provisão de curas, a frontaria porém ainda hoje se conserva, sujeita a sobredita ordem militar.
2-1	418-419	É	_	_	_	
2-2	420-424	esta	_	_	_	
2-3	425-434	freguesia	_	_	_	
2-4	435-445	atualmente	_	_	_	
2-5	446-448	da	_	_	_	
2-6	449-461	apresentação	_	_	_	
2-7	462-464	do	_	_	_	
2-8	465-474	ordinário	_	_	_	
2-9	475-480	deste	_	_	_	
2-10	481-492	Arcebispado	_	_	_	
2-11	492-493	,	_	_	_	
2-12	494-499	conta	_	_	_	
2-13	500-503	por	_	_	_	
2-14	504-511	algumas	_	_	_	
2-15	512-521	tradições	_	_	_	
2-16	522-529	antigas	_	_	_	
2-17	530-533	que	_	_	_	
2-18	534-536	se	_	_	_	
2-19	537-542	acham	_	_	_	
2-20	543-545	em	_	_	_	
2-21	546-548	os	_	_	_	
2-22	549-555	livros	_	_	_	
2-23	556-561	desta	_	_	_	
2-24	562-568	igreja	_	_	_	
2-25	568-569	,	_	_	_	
2-26	570-573	que	_	_	_	
2-27	574-578	fora	_	_	_	
2-28	579-581	em	_	_	_	
2-29	582-587	outro	_	_	_	
2-30	588-593	tempo	_	_	_	
2-31	594-596	da	_	_	_	
2-32	597-602	ordem	*[5]	ORG[5]	_	
2-33	603-610	militar	*[5]	ORG[5]	_	
2-34	611-613	de	*[5]	ORG[5]	_	
2-35	614-617	São	*[5]	ORG[5]	_	
2-36	618-623	Bento	*[5]	ORG[5]	_	
2-37	624-626	de	*[5]	ORG[5]	_	
2-38	627-631	Avis	*[5]	ORG[5]	_	
2-39	631-632	,	_	_	_	
2-40	633-634	o	_	_	_	
2-41	635-641	motivo	_	_	_	
2-42	642-647	certo	_	_	_	
2-43	648-654	porque	_	_	_	
2-44	655-656	a	_	_	_	
2-45	657-666	sobredita	_	_	_	
2-46	667-672	ordem	_	_	_	
2-47	673-679	omitiu	_	_	_	
2-48	680-681	a	_	_	_	
2-49	682-687	posse	_	_	_	
2-50	688-697	ignora-se	_	_	_	
2-51	698-700	só	_	_	_	
2-52	701-703	se	_	_	_	
2-53	704-707	diz	_	_	_	
2-54	708-718	procederia	_	_	_	
2-55	719-720	a	_	_	_	
2-56	721-729	deixação	_	_	_	
2-57	729-730	,	_	_	_	
2-58	731-733	ou	_	_	_	
2-59	734-736	da	_	_	_	
2-60	737-742	falta	_	_	_	
2-61	743-745	de	_	_	_	
2-62	746-754	clérigos	_	_	_	
2-63	754-755	,	_	_	_	
2-64	756-758	ou	_	_	_	
2-65	759-762	por	_	_	_	
2-66	763-766	ser	_	_	_	
2-67	767-775	limitado	_	_	_	
2-68	775-776	,	_	_	_	
2-69	777-778	o	_	_	_	
2-70	779-789	rendimento	_	_	_	
2-71	789-790	,	_	_	_	
2-72	791-793	de	_	_	_	
2-73	794-797	que	_	_	_	
2-74	798-806	resultou	_	_	_	
2-75	807-813	haverá	_	_	_	
2-76	814-818	mais	_	_	_	
2-77	819-821	de	_	_	_	
2-78	822-827	cento	_	_	_	
2-79	828-837	cinquenta	_	_	_	
2-80	838-842	anos	_	_	_	
2-81	843-848	Tomar	_	_	_	
2-82	849-854	posse	_	_	_	
2-83	855-859	dela	_	_	_	
2-84	860-861	o	_	_	_	
2-85	862-871	ordinário	_	_	_	
2-86	872-877	deste	_	_	_	
2-87	878-889	arcebispado	_	_	_	
2-88	890-892	em	_	_	_	
2-89	893-903	apresentar	_	_	_	
2-90	904-906	os	_	_	_	
2-91	907-914	párocos	_	_	_	
2-92	915-916	e	_	_	_	
2-93	917-919	de	_	_	_	
2-94	920-924	quem	_	_	_	
2-95	925-927	os	_	_	_	
2-96	928-934	mesmos	_	_	_	
2-97	935-943	alcançam	_	_	_	
2-98	944-945	a	_	_	_	
2-99	946-954	provisão	_	_	_	
2-100	955-957	de	_	_	_	
2-101	958-963	curas	_	_	_	
2-102	963-964	,	_	_	_	
2-103	965-966	a	_	_	_	
2-104	967-976	frontaria	_	_	_	
2-105	977-982	porém	_	_	_	
2-106	983-988	ainda	_	_	_	
2-107	989-993	hoje	_	_	_	
2-108	994-996	se	_	_	_	
2-109	997-1005	conserva	_	_	_	
2-110	1005-1006	,	_	_	_	
2-111	1007-1014	sujeita	_	_	_	
2-112	1015-1016	a	_	_	_	
2-113	1017-1026	sobredita	_	_	_	
2-114	1027-1032	ordem	_	_	_	
2-115	1033-1040	militar	_	_	_	
2-116	1040-1041	.	_	_	_	

#Text=Tem esta freguesia oitenta, e quatro vizinhos, duzentas, oitenta pessoas.
3-1	1049-1052	Tem	_	_	_	
3-2	1053-1057	esta	_	_	_	
3-3	1058-1067	freguesia	_	_	_	
3-4	1068-1075	oitenta	_	_	_	
3-5	1075-1076	,	_	_	_	
3-6	1077-1078	e	_	_	_	
3-7	1079-1085	quatro	_	_	_	
3-8	1086-1094	vizinhos	_	_	_	
3-9	1094-1095	,	_	_	_	
3-10	1096-1104	duzentas	_	_	_	
3-11	1104-1105	,	_	_	_	
3-12	1106-1113	oitenta	_	_	_	
3-13	1114-1121	pessoas	_	_	_	
3-14	1121-1122	.	_	_	_	

#Text=A igreja está situada em campina, consta, que em os tempos, antigos fora situada em um monte contíguo a esta campina em cujo lugar se descobrem ainda alguns vestígios da sua antiga fabrica a razão de se mudar, dizem  procedera de não gastar a terra os cadáveres em sobredito monte, deste sítio não se descobre povoação alguma, porém de lugar, donde antigamente estava, se descobrem várias povoações, e são as seguintes, a vila de Olivença, que dista deste sítio quatro léguas, a vila de Juromenha duas léguas, a cidade de Elvas quatro léguas, a vila de Alconchel reino de Espanha, cinco léguas, a vila de Cheles do mesmo reino três léguas, e finalmente, se descobre a cidade de Badajoz do sobredito Reino de Espanha em distância de sete léguas.
4-1	1123-1124	A	_	_	_	
4-2	1125-1131	igreja	_	_	_	
4-3	1132-1136	está	_	_	_	
4-4	1137-1144	situada	_	_	_	
4-5	1145-1147	em	_	_	_	
4-6	1148-1155	campina	_	_	_	
4-7	1155-1156	,	_	_	_	
4-8	1157-1163	consta	_	_	_	
4-9	1163-1164	,	_	_	_	
4-10	1165-1168	que	_	_	_	
4-11	1169-1171	em	_	_	_	
4-12	1172-1174	os	_	_	_	
4-13	1175-1181	tempos	_	_	_	
4-14	1181-1182	,	_	_	_	
4-15	1183-1190	antigos	_	_	_	
4-16	1191-1195	fora	_	_	_	
4-17	1196-1203	situada	_	_	_	
4-18	1204-1206	em	_	_	_	
4-19	1207-1209	um	_	_	_	
4-20	1210-1215	monte	_	_	_	
4-21	1216-1224	contíguo	_	_	_	
4-22	1225-1226	a	_	_	_	
4-23	1227-1231	esta	_	_	_	
4-24	1232-1239	campina	_	_	_	
4-25	1240-1242	em	_	_	_	
4-26	1243-1247	cujo	_	_	_	
4-27	1248-1253	lugar	_	_	_	
4-28	1254-1256	se	_	_	_	
4-29	1257-1266	descobrem	_	_	_	
4-30	1267-1272	ainda	_	_	_	
4-31	1273-1279	alguns	_	_	_	
4-32	1280-1289	vestígios	_	_	_	
4-33	1290-1292	da	_	_	_	
4-34	1293-1296	sua	_	_	_	
4-35	1297-1303	antiga	_	_	_	
4-36	1304-1311	fabrica	_	_	_	
4-37	1312-1313	a	_	_	_	
4-38	1314-1319	razão	_	_	_	
4-39	1320-1322	de	_	_	_	
4-40	1323-1325	se	_	_	_	
4-41	1326-1331	mudar	_	_	_	
4-42	1331-1332	,	_	_	_	
4-43	1333-1338	dizem	_	_	_	
4-44	1340-1349	procedera	_	_	_	
4-45	1350-1352	de	_	_	_	
4-46	1353-1356	não	_	_	_	
4-47	1357-1363	gastar	_	_	_	
4-48	1364-1365	a	_	_	_	
4-49	1366-1371	terra	_	_	_	
4-50	1372-1374	os	_	_	_	
4-51	1375-1384	cadáveres	_	_	_	
4-52	1385-1387	em	_	_	_	
4-53	1388-1397	sobredito	_	_	_	
4-54	1398-1403	monte	_	_	_	
4-55	1403-1404	,	_	_	_	
4-56	1405-1410	deste	_	_	_	
4-57	1411-1416	sítio	_	_	_	
4-58	1417-1420	não	_	_	_	
4-59	1421-1423	se	_	_	_	
4-60	1424-1432	descobre	_	_	_	
4-61	1433-1441	povoação	_	_	_	
4-62	1442-1448	alguma	_	_	_	
4-63	1448-1449	,	_	_	_	
4-64	1450-1455	porém	_	_	_	
4-65	1456-1458	de	_	_	_	
4-66	1459-1464	lugar	_	_	_	
4-67	1464-1465	,	_	_	_	
4-68	1466-1471	donde	_	_	_	
4-69	1472-1483	antigamente	_	_	_	
4-70	1484-1490	estava	_	_	_	
4-71	1490-1491	,	_	_	_	
4-72	1492-1494	se	_	_	_	
4-73	1495-1504	descobrem	_	_	_	
4-74	1505-1511	várias	_	_	_	
4-75	1512-1521	povoações	_	_	_	
4-76	1521-1522	,	_	_	_	
4-77	1523-1524	e	_	_	_	
4-78	1525-1528	são	_	_	_	
4-79	1529-1531	as	_	_	_	
4-80	1532-1541	seguintes	_	_	_	
4-81	1541-1542	,	_	_	_	
4-82	1543-1544	a	_	_	_	
4-83	1545-1549	vila	_	_	_	
4-84	1550-1552	de	_	_	_	
4-85	1553-1561	Olivença	*	PLC\_GPE	_	
4-86	1561-1562	,	_	_	_	
4-87	1563-1566	que	_	_	_	
4-88	1567-1572	dista	_	_	_	
4-89	1573-1578	deste	_	_	_	
4-90	1579-1584	sítio	_	_	_	
4-91	1585-1591	quatro	_	_	_	
4-92	1592-1598	léguas	_	_	_	
4-93	1598-1599	,	_	_	_	
4-94	1600-1601	a	_	_	_	
4-95	1602-1606	vila	_	_	_	
4-96	1607-1609	de	_	_	_	
4-97	1610-1619	Juromenha	*	PLC\_GPE	_	
4-98	1620-1624	duas	_	_	_	
4-99	1625-1631	léguas	_	_	_	
4-100	1631-1632	,	_	_	_	
4-101	1633-1634	a	_	_	_	
4-102	1635-1641	cidade	_	_	_	
4-103	1642-1644	de	_	_	_	
4-104	1645-1650	Elvas	_	_	_	
4-105	1651-1657	quatro	_	_	_	
4-106	1658-1664	léguas	_	_	_	
4-107	1664-1665	,	_	_	_	
4-108	1666-1667	a	_	_	_	
4-109	1668-1672	vila	*[6]	PLC\_GPE[6]	_	
4-110	1673-1675	de	*[6]	PLC\_GPE[6]	_	
4-111	1676-1685	Alconchel	*[6]	PLC\_GPE[6]	_	
4-112	1686-1691	reino	*[7]	PLC\_GPE[7]	_	
4-113	1692-1694	de	*[7]	PLC\_GPE[7]	_	
4-114	1695-1702	Espanha	*[7]	PLC\_GPE[7]	_	
4-115	1702-1703	,	_	_	_	
4-116	1704-1709	cinco	_	_	_	
4-117	1710-1716	léguas	_	_	_	
4-118	1716-1717	,	_	_	_	
4-119	1718-1719	a	_	_	_	
4-120	1720-1724	vila	*[8]	PLC\_GPE[8]	_	
4-121	1725-1727	de	*[8]	PLC\_GPE[8]	_	
4-122	1728-1734	Cheles	*[8]	PLC\_GPE[8]	_	
4-123	1735-1737	do	_	_	_	
4-124	1738-1743	mesmo	_	_	_	
4-125	1744-1749	reino	_	_	_	
4-126	1750-1754	três	_	_	_	
4-127	1755-1761	léguas	_	_	_	
4-128	1761-1762	,	_	_	_	
4-129	1763-1764	e	_	_	_	
4-130	1765-1775	finalmente	_	_	_	
4-131	1775-1776	,	_	_	_	
4-132	1777-1779	se	_	_	_	
4-133	1780-1788	descobre	_	_	_	
4-134	1789-1790	a	_	_	_	
4-135	1791-1797	cidade	_	_	_	
4-136	1798-1800	de	_	_	_	
4-137	1801-1808	Badajoz	*	PLC\_GPE	_	
4-138	1809-1811	do	_	_	_	
4-139	1812-1821	sobredito	_	_	_	
4-140	1822-1827	Reino	*[9]	PLC\_GPE[9]	_	
4-141	1828-1830	de	*[9]	PLC\_GPE[9]	_	
4-142	1831-1838	Espanha	*[9]	PLC\_GPE[9]	_	
4-143	1839-1841	em	_	_	_	
4-144	1842-1851	distância	_	_	_	
4-145	1852-1854	de	_	_	_	
4-146	1855-1859	sete	_	_	_	
4-147	1860-1866	léguas	_	_	_	
4-148	1866-1867	.	_	_	_	

#Text=Compreende esta freguesia em seus limites duas aldeias uma chamada de Pardais, que contém sete vizinhos, outra chamada da Fonte do Sueiro, que tem catorze vizinhos; fica porém a paróquia fora destes lugares, acompanhada somente com assistência do ermitão.
5-1	1874-1884	Compreende	_	_	_	
5-2	1885-1889	esta	_	_	_	
5-3	1890-1899	freguesia	_	_	_	
5-4	1900-1902	em	_	_	_	
5-5	1903-1907	seus	_	_	_	
5-6	1908-1915	limites	_	_	_	
5-7	1916-1920	duas	_	_	_	
5-8	1921-1928	aldeias	_	_	_	
5-9	1929-1932	uma	_	_	_	
5-10	1933-1940	chamada	_	_	_	
5-11	1941-1943	de	_	_	_	
5-12	1944-1951	Pardais	*	PLC\_GPE	_	
5-13	1951-1952	,	_	_	_	
5-14	1953-1956	que	_	_	_	
5-15	1957-1963	contém	_	_	_	
5-16	1964-1968	sete	_	_	_	
5-17	1969-1977	vizinhos	_	_	_	
5-18	1977-1978	,	_	_	_	
5-19	1979-1984	outra	_	_	_	
5-20	1985-1992	chamada	_	_	_	
5-21	1993-1995	da	_	_	_	
5-22	1996-2001	Fonte	*[10]	PLC\_GPE[10]	_	
5-23	2002-2004	do	*[10]	PLC\_GPE[10]	_	
5-24	2005-2011	Sueiro	*[10]	PLC\_GPE[10]	_	
5-25	2011-2012	,	_	_	_	
5-26	2013-2016	que	_	_	_	
5-27	2017-2020	tem	_	_	_	
5-28	2021-2028	catorze	_	_	_	
5-29	2029-2037	vizinhos	_	_	_	
5-30	2037-2038	;	_	_	_	
5-31	2039-2043	fica	_	_	_	
5-32	2044-2049	porém	_	_	_	
5-33	2050-2051	a	_	_	_	
5-34	2052-2060	paróquia	_	_	_	
5-35	2061-2065	fora	_	_	_	
5-36	2066-2072	destes	_	_	_	
5-37	2073-2080	lugares	_	_	_	
5-38	2080-2081	,	_	_	_	
5-39	2082-2093	acompanhada	_	_	_	
5-40	2094-2101	somente	_	_	_	
5-41	2102-2105	com	_	_	_	
5-42	2106-2117	assistência	_	_	_	
5-43	2118-2120	do	_	_	_	
5-44	2121-2128	ermitão	_	_	_	
5-45	2128-2129	.	_	_	_	

#Text=O orago desta freguesia é a Senhora Santa Catarina virgem e mártir, tem quatro altares, um do orago, de que há uma mordomia, que todos os anos celebram festa em o dia vinte cinco do mês de novembro, com grande concurso de gente, que neste dia concorre a esta igreja de várias partes, com intento de ganhar uma indulgência plenária, que se concede a quem neste dia confessado e comungado visitar esta igreja esta graça porém não é perpétua, o segundo altar é da Senhora do Rosário de que há uma mordomia, o terceiro altar é do senhor Jesus Crucificado de que há também outra mordomia, que todos os anos celebram festa em dia da Circuncisão e Santíssimo e inefável nome de Jesus, há finalmente uma capela das Almas toda de pedra lustrada, com todo o primor da arte de que há também uma Irmandade que todos os anos celebram aniversário pelos irmãos defuntos, há mais duas mordomias uma de São João Batista, outra de Santo António, cujas imagens estão colocadas em o altar maior em correspondência de orago.
6-1	2137-2138	O	_	_	_	
6-2	2139-2144	orago	_	_	_	
6-3	2145-2150	desta	_	_	_	
6-4	2151-2160	freguesia	_	_	_	
6-5	2161-2162	é	_	_	_	
6-6	2163-2164	a	_	_	_	
6-7	2165-2172	Senhora	*[11]	PER\_SAINT[11]	_	
6-8	2173-2178	Santa	*[11]	PER\_SAINT[11]	_	
6-9	2179-2187	Catarina	*[11]	PER\_SAINT[11]	_	
6-10	2188-2194	virgem	_	_	_	
6-11	2195-2196	e	_	_	_	
6-12	2197-2203	mártir	_	_	_	
6-13	2203-2204	,	_	_	_	
6-14	2205-2208	tem	_	_	_	
6-15	2209-2215	quatro	_	_	_	
6-16	2216-2223	altares	_	_	_	
6-17	2223-2224	,	_	_	_	
6-18	2225-2227	um	_	_	_	
6-19	2228-2230	do	_	_	_	
6-20	2231-2236	orago	_	_	_	
6-21	2236-2237	,	_	_	_	
6-22	2238-2240	de	_	_	_	
6-23	2241-2244	que	_	_	_	
6-24	2245-2247	há	_	_	_	
6-25	2248-2251	uma	_	_	_	
6-26	2252-2260	mordomia	_	_	_	
6-27	2260-2261	,	_	_	_	
6-28	2262-2265	que	_	_	_	
6-29	2266-2271	todos	_	_	_	
6-30	2272-2274	os	_	_	_	
6-31	2275-2279	anos	_	_	_	
6-32	2280-2288	celebram	_	_	_	
6-33	2289-2294	festa	_	_	_	
6-34	2295-2297	em	_	_	_	
6-35	2298-2299	o	_	_	_	
6-36	2300-2303	dia	_	_	_	
6-37	2304-2309	vinte	_	_	_	
6-38	2310-2315	cinco	_	_	_	
6-39	2316-2318	do	_	_	_	
6-40	2319-2322	mês	_	_	_	
6-41	2323-2325	de	_	_	_	
6-42	2326-2334	novembro	_	_	_	
6-43	2334-2335	,	_	_	_	
6-44	2336-2339	com	_	_	_	
6-45	2340-2346	grande	_	_	_	
6-46	2347-2355	concurso	_	_	_	
6-47	2356-2358	de	_	_	_	
6-48	2359-2364	gente	_	_	_	
6-49	2364-2365	,	_	_	_	
6-50	2366-2369	que	_	_	_	
6-51	2370-2375	neste	_	_	_	
6-52	2376-2379	dia	_	_	_	
6-53	2380-2388	concorre	_	_	_	
6-54	2389-2390	a	_	_	_	
6-55	2391-2395	esta	_	_	_	
6-56	2396-2402	igreja	_	_	_	
6-57	2403-2405	de	_	_	_	
6-58	2406-2412	várias	_	_	_	
6-59	2413-2419	partes	_	_	_	
6-60	2419-2420	,	_	_	_	
6-61	2421-2424	com	_	_	_	
6-62	2425-2432	intento	_	_	_	
6-63	2433-2435	de	_	_	_	
6-64	2436-2442	ganhar	_	_	_	
6-65	2443-2446	uma	_	_	_	
6-66	2447-2458	indulgência	_	_	_	
6-67	2459-2467	plenária	_	_	_	
6-68	2467-2468	,	_	_	_	
6-69	2469-2472	que	_	_	_	
6-70	2473-2475	se	_	_	_	
6-71	2476-2483	concede	_	_	_	
6-72	2484-2485	a	_	_	_	
6-73	2486-2490	quem	_	_	_	
6-74	2491-2496	neste	_	_	_	
6-75	2497-2500	dia	_	_	_	
6-76	2501-2511	confessado	_	_	_	
6-77	2512-2513	e	_	_	_	
6-78	2514-2523	comungado	_	_	_	
6-79	2524-2531	visitar	_	_	_	
6-80	2532-2536	esta	_	_	_	
6-81	2537-2543	igreja	_	_	_	
6-82	2544-2548	esta	_	_	_	
6-83	2549-2554	graça	_	_	_	
6-84	2555-2560	porém	_	_	_	
6-85	2561-2564	não	_	_	_	
6-86	2565-2566	é	_	_	_	
6-87	2567-2575	perpétua	_	_	_	
6-88	2575-2576	,	_	_	_	
6-89	2577-2578	o	_	_	_	
6-90	2579-2586	segundo	_	_	_	
6-91	2587-2592	altar	_	_	_	
6-92	2593-2594	é	_	_	_	
6-93	2595-2597	da	_	_	_	
6-94	2598-2605	Senhora	*[12]	PER\_SAINT[12]	_	
6-95	2606-2608	do	*[12]	PER\_SAINT[12]	_	
6-96	2609-2616	Rosário	*[12]	PER\_SAINT[12]	_	
6-97	2617-2619	de	_	_	_	
6-98	2620-2623	que	_	_	_	
6-99	2624-2626	há	_	_	_	
6-100	2627-2630	uma	_	_	_	
6-101	2631-2639	mordomia	_	_	_	
6-102	2639-2640	,	_	_	_	
6-103	2641-2642	o	_	_	_	
6-104	2643-2651	terceiro	_	_	_	
6-105	2652-2657	altar	_	_	_	
6-106	2658-2659	é	_	_	_	
6-107	2660-2662	do	_	_	_	
6-108	2663-2669	senhor	*[13]	PER\_DIV[13]	_	
6-109	2670-2675	Jesus	*[13]	PER\_DIV[13]	_	
6-110	2676-2687	Crucificado	*[13]	PER\_DIV[13]	_	
6-111	2688-2690	de	_	_	_	
6-112	2691-2694	que	_	_	_	
6-113	2695-2697	há	_	_	_	
6-114	2698-2704	também	_	_	_	
6-115	2705-2710	outra	_	_	_	
6-116	2711-2719	mordomia	_	_	_	
6-117	2719-2720	,	_	_	_	
6-118	2721-2724	que	_	_	_	
6-119	2725-2730	todos	_	_	_	
6-120	2731-2733	os	_	_	_	
6-121	2734-2738	anos	_	_	_	
6-122	2739-2747	celebram	_	_	_	
6-123	2748-2753	festa	_	_	_	
6-124	2754-2756	em	_	_	_	
6-125	2757-2760	dia	*[14]	TIM\_CRON[14]	_	
6-126	2761-2763	da	*[14]	TIM\_CRON[14]	_	
6-127	2764-2775	Circuncisão	*[14]	TIM\_CRON[14]	_	
6-128	2776-2777	e	*[14]	TIM\_CRON[14]	_	
6-129	2778-2788	Santíssimo	*[14]	TIM\_CRON[14]	_	
6-130	2789-2790	e	*[14]	TIM\_CRON[14]	_	
6-131	2791-2799	inefável	*[14]	TIM\_CRON[14]	_	
6-132	2800-2804	nome	*[14]	TIM\_CRON[14]	_	
6-133	2805-2807	de	*[14]	TIM\_CRON[14]	_	
6-134	2808-2813	Jesus	*[14]	TIM\_CRON[14]	_	
6-135	2813-2814	,	_	_	_	
6-136	2815-2817	há	_	_	_	
6-137	2818-2828	finalmente	_	_	_	
6-138	2829-2832	uma	_	_	_	
6-139	2833-2839	capela	_	_	_	
6-140	2840-2843	das	*[15]	PER\_PGRP[15]	_	
6-141	2844-2849	Almas	*[15]	PER\_PGRP[15]	_	
6-142	2850-2854	toda	_	_	_	
6-143	2855-2857	de	_	_	_	
6-144	2858-2863	pedra	_	_	_	
6-145	2864-2872	lustrada	_	_	_	
6-146	2872-2873	,	_	_	_	
6-147	2874-2877	com	_	_	_	
6-148	2878-2882	todo	_	_	_	
6-149	2883-2884	o	_	_	_	
6-150	2885-2891	primor	_	_	_	
6-151	2892-2894	da	_	_	_	
6-152	2895-2899	arte	_	_	_	
6-153	2900-2902	de	_	_	_	
6-154	2903-2906	que	_	_	_	
6-155	2907-2909	há	_	_	_	
6-156	2910-2916	também	_	_	_	
6-157	2917-2920	uma	_	_	_	
6-158	2921-2930	Irmandade	_	_	_	
6-159	2931-2934	que	_	_	_	
6-160	2935-2940	todos	_	_	_	
6-161	2941-2943	os	_	_	_	
6-162	2944-2948	anos	_	_	_	
6-163	2949-2957	celebram	_	_	_	
6-164	2958-2969	aniversário	_	_	_	
6-165	2970-2975	pelos	_	_	_	
6-166	2976-2982	irmãos	_	_	_	
6-167	2983-2991	defuntos	_	_	_	
6-168	2991-2992	,	_	_	_	
6-169	2993-2995	há	_	_	_	
6-170	2996-3000	mais	_	_	_	
6-171	3001-3005	duas	_	_	_	
6-172	3006-3015	mordomias	_	_	_	
6-173	3016-3019	uma	_	_	_	
6-174	3020-3022	de	*[16]	ORG[16]	_	
6-175	3023-3026	São	*[16]	ORG[16]	_	
6-176	3027-3031	João	*[16]	ORG[16]	_	
6-177	3032-3039	Batista	*[16]	ORG[16]	_	
6-178	3039-3040	,	_	_	_	
6-179	3041-3046	outra	_	_	_	
6-180	3047-3049	de	*[17]	ORG[17]	_	
6-181	3050-3055	Santo	*[17]	ORG[17]	_	
6-182	3056-3063	António	*[17]	ORG[17]	_	
6-183	3063-3064	,	_	_	_	
6-184	3065-3070	cujas	_	_	_	
6-185	3071-3078	imagens	_	_	_	
6-186	3079-3084	estão	_	_	_	
6-187	3085-3094	colocadas	_	_	_	
6-188	3095-3097	em	_	_	_	
6-189	3098-3099	o	_	_	_	
6-190	3100-3105	altar	_	_	_	
6-191	3106-3111	maior	_	_	_	
6-192	3112-3114	em	_	_	_	
6-193	3115-3130	correspondência	_	_	_	
6-194	3131-3133	de	_	_	_	
6-195	3134-3139	orago	_	_	_	
6-196	3139-3140	.	_	_	_	

#Text=O pároco desta freguesia é Cura apresentado pelo excelentíssimo prelado desta Diocese, tem de renda duzentos alqueires de trigo.
7-1	3141-3142	O	_	_	_	
7-2	3143-3149	pároco	_	_	_	
7-3	3150-3155	desta	_	_	_	
7-4	3156-3165	freguesia	_	_	_	
7-5	3166-3167	é	_	_	_	
7-6	3168-3172	Cura	_	_	_	
7-7	3173-3184	apresentado	_	_	_	
7-8	3185-3189	pelo	_	_	_	
7-9	3190-3204	excelentíssimo	_	_	_	
7-10	3205-3212	prelado	_	_	_	
7-11	3213-3218	desta	_	_	_	
7-12	3219-3226	Diocese	_	_	_	
7-13	3226-3227	,	_	_	_	
7-14	3228-3231	tem	_	_	_	
7-15	3232-3234	de	_	_	_	
7-16	3235-3240	renda	_	_	_	
7-17	3241-3249	duzentos	_	_	_	
7-18	3250-3259	alqueires	_	_	_	
7-19	3260-3262	de	_	_	_	
7-20	3263-3268	trigo	_	_	_	
7-21	3268-3269	.	_	_	_	

#Text=Há dentro dos limites desta freguesia uma ermida, em o Sítio da Horta Grande à qual pela inclemência dos tempos, e descuido do dono, se acha arruinada, cuja invocação era /p. 524/ da Santa Helena, esta imagem porém ao presente se acha em esta freguesia pertence a conservação desta ermida a Luís de Oliveira, Osório Capitão-mor da cidade da Guarda.
8-1	3276-3278	Há	_	_	_	
8-2	3279-3285	dentro	_	_	_	
8-3	3286-3289	dos	_	_	_	
8-4	3290-3297	limites	_	_	_	
8-5	3298-3303	desta	_	_	_	
8-6	3304-3313	freguesia	_	_	_	
8-7	3314-3317	uma	_	_	_	
8-8	3318-3324	ermida	_	_	_	
8-9	3324-3325	,	_	_	_	
8-10	3326-3328	em	_	_	_	
8-11	3329-3330	o	_	_	_	
8-12	3331-3336	Sítio	_	_	_	
8-13	3337-3339	da	_	_	_	
8-14	3340-3345	Horta	*[18]	PLC\_LOC[18]	_	
8-15	3346-3352	Grande	*[18]	PLC\_LOC[18]	_	
8-16	3353-3354	à	_	_	_	
8-17	3355-3359	qual	_	_	_	
8-18	3360-3364	pela	_	_	_	
8-19	3365-3376	inclemência	_	_	_	
8-20	3377-3380	dos	_	_	_	
8-21	3381-3387	tempos	_	_	_	
8-22	3387-3388	,	_	_	_	
8-23	3389-3390	e	_	_	_	
8-24	3391-3399	descuido	_	_	_	
8-25	3400-3402	do	_	_	_	
8-26	3403-3407	dono	_	_	_	
8-27	3407-3408	,	_	_	_	
8-28	3409-3411	se	_	_	_	
8-29	3412-3416	acha	_	_	_	
8-30	3417-3426	arruinada	_	_	_	
8-31	3426-3427	,	_	_	_	
8-32	3428-3432	cuja	_	_	_	
8-33	3433-3442	invocação	_	_	_	
8-34	3443-3446	era	_	_	_	
8-35	3447-3448	/	_	_	_	
8-36	3448-3449	p	_	_	Page[37]	
8-37	3449-3450	.	_	_	Page[37]	
8-38	3451-3454	524	_	_	Page[37]	
8-39	3454-3455	/	_	_	_	
8-40	3456-3458	da	_	_	_	
8-41	3459-3464	Santa	*[19]	PER\_SAINT[19]	_	
8-42	3465-3471	Helena	*[19]	PER\_SAINT[19]	_	
8-43	3471-3472	,	_	_	_	
8-44	3473-3477	esta	_	_	_	
8-45	3478-3484	imagem	_	_	_	
8-46	3485-3490	porém	_	_	_	
8-47	3491-3493	ao	_	_	_	
8-48	3494-3502	presente	_	_	_	
8-49	3503-3505	se	_	_	_	
8-50	3506-3510	acha	_	_	_	
8-51	3511-3513	em	_	_	_	
8-52	3514-3518	esta	_	_	_	
8-53	3519-3528	freguesia	_	_	_	
8-54	3529-3537	pertence	_	_	_	
8-55	3538-3539	a	_	_	_	
8-56	3540-3551	conservação	_	_	_	
8-57	3552-3557	desta	_	_	_	
8-58	3558-3564	ermida	_	_	_	
8-59	3565-3566	a	_	_	_	
8-60	3567-3571	Luís	*[20]	PER\_NAM[20]	_	
8-61	3572-3574	de	*[20]	PER\_NAM[20]	_	
8-62	3575-3583	Oliveira	*[20]	PER\_NAM[20]	_	
8-63	3583-3584	,	*[20]	PER\_NAM[20]	_	
8-64	3585-3591	Osório	*[20]	PER\_NAM[20]	_	
8-65	3592-3603	Capitão-mor	*[20]	PER\_NAM[20]	_	
8-66	3604-3606	da	*[20]	PER\_NAM[20]	_	
8-67	3607-3613	cidade	*[20]	PER\_NAM[20]	_	
8-68	3614-3616	da	*[20]	PER\_NAM[20]	_	
8-69	3617-3623	Guarda	*[20]	PER\_NAM[20]	_	
8-70	3623-3624	.	_	_	_	

#Text=Os frutos que os moradores deste país recolhem em maior abundância são trigos, e cevadas, em os anos porém abundantes de água recolhem também uma boa cópia de feijão branco.
9-1	3631-3633	Os	_	_	_	
9-2	3634-3640	frutos	_	_	_	
9-3	3641-3644	que	_	_	_	
9-4	3645-3647	os	_	_	_	
9-5	3648-3657	moradores	_	_	_	
9-6	3658-3663	deste	_	_	_	
9-7	3664-3668	país	_	_	_	
9-8	3669-3677	recolhem	_	_	_	
9-9	3678-3680	em	_	_	_	
9-10	3681-3686	maior	_	_	_	
9-11	3687-3697	abundância	_	_	_	
9-12	3698-3701	são	_	_	_	
9-13	3702-3708	trigos	_	_	_	
9-14	3708-3709	,	_	_	_	
9-15	3710-3711	e	_	_	_	
9-16	3712-3719	cevadas	_	_	_	
9-17	3719-3720	,	_	_	_	
9-18	3721-3723	em	_	_	_	
9-19	3724-3726	os	_	_	_	
9-20	3727-3731	anos	_	_	_	
9-21	3732-3737	porém	_	_	_	
9-22	3738-3748	abundantes	_	_	_	
9-23	3749-3751	de	_	_	_	
9-24	3752-3756	água	_	_	_	
9-25	3757-3765	recolhem	_	_	_	
9-26	3766-3772	também	_	_	_	
9-27	3773-3776	uma	_	_	_	
9-28	3777-3780	boa	_	_	_	
9-29	3781-3786	cópia	_	_	_	
9-30	3787-3789	de	_	_	_	
9-31	3790-3796	feijão	_	_	_	
9-32	3797-3803	branco	_	_	_	
9-33	3803-3804	.	_	_	_	

#Text=Esta freguesia tem seu juiz da vintena sujeito ao governo das justiças de Vila Viçosa; Não consta que até ao presente saíssem, nem florescessem homens alguns em virtudes, letras ou armas oriundos desta freguesia.
10-1	3811-3815	Esta	_	_	_	
10-2	3816-3825	freguesia	_	_	_	
10-3	3826-3829	tem	_	_	_	
10-4	3830-3833	seu	_	_	_	
10-5	3834-3838	juiz	_	_	_	
10-6	3839-3841	da	_	_	_	
10-7	3842-3849	vintena	_	_	_	
10-8	3850-3857	sujeito	_	_	_	
10-9	3858-3860	ao	_	_	_	
10-10	3861-3868	governo	_	_	_	
10-11	3869-3872	das	_	_	_	
10-12	3873-3881	justiças	_	_	_	
10-13	3882-3884	de	_	_	_	
10-14	3885-3889	Vila	*[21]	PLC\_GPE[21]	_	
10-15	3890-3896	Viçosa	*[21]	PLC\_GPE[21]	_	
10-16	3896-3897	;	_	_	_	
10-17	3898-3901	Não	_	_	_	
10-18	3902-3908	consta	_	_	_	
10-19	3909-3912	que	_	_	_	
10-20	3913-3916	até	_	_	_	
10-21	3917-3919	ao	_	_	_	
10-22	3920-3928	presente	_	_	_	
10-23	3929-3936	saíssem	_	_	_	
10-24	3936-3937	,	_	_	_	
10-25	3938-3941	nem	_	_	_	
10-26	3942-3954	florescessem	_	_	_	
10-27	3955-3961	homens	_	_	_	
10-28	3962-3968	alguns	_	_	_	
10-29	3969-3971	em	_	_	_	
10-30	3972-3980	virtudes	_	_	_	
10-31	3980-3981	,	_	_	_	
10-32	3982-3988	letras	_	_	_	
10-33	3989-3991	ou	_	_	_	
10-34	3992-3997	armas	_	_	_	
10-35	3998-4006	oriundos	_	_	_	
10-36	4007-4012	desta	_	_	_	
10-37	4013-4022	freguesia	_	_	_	
10-38	4022-4023	.	_	_	_	

#Text=Se sim aqui assistiu muitos anos e nela faleceu o Doutor Desembargador Bento Dias Panasco natural da vila de Borba, desta província, varão muito douto, não só na jurisprudência, mas também em outra qualquer arte.
11-1	4024-4026	Se	_	_	_	
11-2	4027-4030	sim	_	_	_	
11-3	4031-4035	aqui	_	_	_	
11-4	4036-4044	assistiu	_	_	_	
11-5	4045-4051	muitos	_	_	_	
11-6	4052-4056	anos	_	_	_	
11-7	4057-4058	e	_	_	_	
11-8	4059-4063	nela	_	_	_	
11-9	4064-4071	faleceu	_	_	_	
11-10	4072-4073	o	_	_	_	
11-11	4074-4080	Doutor	*[22]	PER\_NAM[22]	_	
11-12	4081-4094	Desembargador	*[22]	PER\_NAM[22]	_	
11-13	4095-4100	Bento	*[22]	PER\_NAM[22]	_	
11-14	4101-4105	Dias	*[22]	PER\_NAM[22]	_	
11-15	4106-4113	Panasco	*[22]	PER\_NAM[22]	_	
11-16	4114-4121	natural	*[22]	PER\_NAM[22]	_	
11-17	4122-4124	da	*[22]	PER\_NAM[22]	_	
11-18	4125-4129	vila	*[22]	PER\_NAM[22]	_	
11-19	4130-4132	de	*[22]	PER\_NAM[22]	_	
11-20	4133-4138	Borba	*[22]	PER\_NAM[22]	_	
11-21	4138-4139	,	_	_	_	
11-22	4140-4145	desta	_	_	_	
11-23	4146-4155	província	_	_	_	
11-24	4155-4156	,	_	_	_	
11-25	4157-4162	varão	_	_	_	
11-26	4163-4168	muito	_	_	_	
11-27	4169-4174	douto	_	_	_	
11-28	4174-4175	,	_	_	_	
11-29	4176-4179	não	_	_	_	
11-30	4180-4182	só	_	_	_	
11-31	4183-4185	na	_	_	_	
11-32	4186-4200	jurisprudência	_	_	_	
11-33	4200-4201	,	_	_	_	
11-34	4202-4205	mas	_	_	_	
11-35	4206-4212	também	_	_	_	
11-36	4213-4215	em	_	_	_	
11-37	4216-4221	outra	_	_	_	
11-38	4222-4230	qualquer	_	_	_	
11-39	4231-4235	arte	_	_	_	
11-40	4235-4236	.	_	_	_	

#Text=Dista esta freguesia da cidade de Évora metrópole, e capital do arcebispado oito léguas, e da capital do Reino vinte e sete.
12-1	4243-4248	Dista	_	_	_	
12-2	4249-4253	esta	_	_	_	
12-3	4254-4263	freguesia	_	_	_	
12-4	4264-4266	da	_	_	_	
12-5	4267-4273	cidade	*[23]	PLC\_GPE[23]	_	
12-6	4274-4276	de	*[23]	PLC\_GPE[23]	_	
12-7	4277-4282	Évora	*[23]	PLC\_GPE[23]	_	
12-8	4283-4292	metrópole	_	_	_	
12-9	4292-4293	,	_	_	_	
12-10	4294-4295	e	_	_	_	
12-11	4296-4303	capital	_	_	_	
12-12	4304-4306	do	_	_	_	
12-13	4307-4318	arcebispado	_	_	_	
12-14	4319-4323	oito	_	_	_	
12-15	4324-4330	léguas	_	_	_	
12-16	4330-4331	,	_	_	_	
12-17	4332-4333	e	_	_	_	
12-18	4334-4336	da	_	_	_	
12-19	4337-4344	capital	_	_	_	
12-20	4345-4347	do	_	_	_	
12-21	4348-4353	Reino	_	_	_	
12-22	4354-4359	vinte	_	_	_	
12-23	4360-4361	e	_	_	_	
12-24	4362-4366	sete	_	_	_	
12-25	4366-4367	.	_	_	_	

#Text=Há também dentro dos limites desta freguesia uma lagoa célebre em o sítio da Herdade da Lagoa não só célebre, pelo cristalino das suas águas, mas também pela abundância com que mana esta em os anos de esterilidade totalmente, se extingue como agora de próximo aconteceu pelo espaço de seis, ou sete anos porém em o ano presente se acha com uma tal abundância de águas que permite duração por muitos tempos; \r
#Text=Padeceu esta igreja uma leve ruína em o terremoto do ano de mil, e setecentos e cinquenta e cinco, mas se acha reparada.
13-1	4374-4376	Há	_	_	_	
13-2	4377-4383	também	_	_	_	
13-3	4384-4390	dentro	_	_	_	
13-4	4391-4394	dos	_	_	_	
13-5	4395-4402	limites	_	_	_	
13-6	4403-4408	desta	_	_	_	
13-7	4409-4418	freguesia	_	_	_	
13-8	4419-4422	uma	_	_	_	
13-9	4423-4428	lagoa	_	_	_	
13-10	4429-4436	célebre	_	_	_	
13-11	4437-4439	em	_	_	_	
13-12	4440-4441	o	_	_	_	
13-13	4442-4447	sítio	_	_	_	
13-14	4448-4450	da	_	_	_	
13-15	4451-4458	Herdade	*[24]	PLC\_LOC[24]	_	
13-16	4459-4461	da	*[24]	PLC\_LOC[24]	_	
13-17	4462-4467	Lagoa	*[24]	PLC\_LOC[24]	_	
13-18	4468-4471	não	_	_	_	
13-19	4472-4474	só	_	_	_	
13-20	4475-4482	célebre	_	_	_	
13-21	4482-4483	,	_	_	_	
13-22	4484-4488	pelo	_	_	_	
13-23	4489-4499	cristalino	_	_	_	
13-24	4500-4503	das	_	_	_	
13-25	4504-4508	suas	_	_	_	
13-26	4509-4514	águas	_	_	_	
13-27	4514-4515	,	_	_	_	
13-28	4516-4519	mas	_	_	_	
13-29	4520-4526	também	_	_	_	
13-30	4527-4531	pela	_	_	_	
13-31	4532-4542	abundância	_	_	_	
13-32	4543-4546	com	_	_	_	
13-33	4547-4550	que	_	_	_	
13-34	4551-4555	mana	_	_	_	
13-35	4556-4560	esta	_	_	_	
13-36	4561-4563	em	_	_	_	
13-37	4564-4566	os	_	_	_	
13-38	4567-4571	anos	_	_	_	
13-39	4572-4574	de	_	_	_	
13-40	4575-4587	esterilidade	_	_	_	
13-41	4588-4598	totalmente	_	_	_	
13-42	4598-4599	,	_	_	_	
13-43	4600-4602	se	_	_	_	
13-44	4603-4611	extingue	_	_	_	
13-45	4612-4616	como	_	_	_	
13-46	4617-4622	agora	_	_	_	
13-47	4623-4625	de	_	_	_	
13-48	4626-4633	próximo	_	_	_	
13-49	4634-4643	aconteceu	_	_	_	
13-50	4644-4648	pelo	_	_	_	
13-51	4649-4655	espaço	_	_	_	
13-52	4656-4658	de	_	_	_	
13-53	4659-4663	seis	_	_	_	
13-54	4663-4664	,	_	_	_	
13-55	4665-4667	ou	_	_	_	
13-56	4668-4672	sete	_	_	_	
13-57	4673-4677	anos	_	_	_	
13-58	4678-4683	porém	_	_	_	
13-59	4684-4686	em	_	_	_	
13-60	4687-4688	o	_	_	_	
13-61	4689-4692	ano	_	_	_	
13-62	4693-4701	presente	_	_	_	
13-63	4702-4704	se	_	_	_	
13-64	4705-4709	acha	_	_	_	
13-65	4710-4713	com	_	_	_	
13-66	4714-4717	uma	_	_	_	
13-67	4718-4721	tal	_	_	_	
13-68	4722-4732	abundância	_	_	_	
13-69	4733-4735	de	_	_	_	
13-70	4736-4741	águas	_	_	_	
13-71	4742-4745	que	_	_	_	
13-72	4746-4753	permite	_	_	_	
13-73	4754-4761	duração	_	_	_	
13-74	4762-4765	por	_	_	_	
13-75	4766-4772	muitos	_	_	_	
13-76	4773-4779	tempos	_	_	_	
13-77	4779-4780	;	_	_	_	
13-78	4783-4790	Padeceu	_	_	_	
13-79	4791-4795	esta	_	_	_	
13-80	4796-4802	igreja	_	_	_	
13-81	4803-4806	uma	_	_	_	
13-82	4807-4811	leve	_	_	_	
13-83	4812-4817	ruína	_	_	_	
13-84	4818-4820	em	_	_	_	
13-85	4821-4822	o	_	_	_	
13-86	4823-4832	terremoto	_	_	_	
13-87	4833-4835	do	_	_	_	
13-88	4836-4839	ano	_	_	_	
13-89	4840-4842	de	_	_	_	
13-90	4843-4846	mil	_	_	_	
13-91	4846-4847	,	_	_	_	
13-92	4848-4849	e	_	_	_	
13-93	4850-4860	setecentos	_	_	_	
13-94	4861-4862	e	_	_	_	
13-95	4863-4872	cinquenta	_	_	_	
13-96	4873-4874	e	_	_	_	
13-97	4875-4880	cinco	_	_	_	
13-98	4880-4881	,	_	_	_	
13-99	4882-4885	mas	_	_	_	
13-100	4886-4888	se	_	_	_	
13-101	4889-4893	acha	_	_	_	
13-102	4894-4902	reparada	_	_	_	
13-103	4902-4903	.	_	_	_	

#Text=É este país dotado pela natureza, de muita água, pela abundância de várias fontes, que o fertilizam, donde procede ser povoado de quintas, jardins, e hortas, cujos frondosos arvoredos inculcam aos olhos uma pulchra e deliciosa vista, não só pelo adereço da sua galhardia, mas também pelos excelentes e sazonados frutos, que em todas as espécies frutificam, especialmente uma  sumptuosa quinta do Panasco, cuja grandeza composição e formosura serve de admiração aos viventes; esta sem dúvida a causa, porque de partes ainda remotas, vem gente só por gozar da sua recreação;\r
#Text=     Há também dentro do circuito desta freguesia em o sítio da Herdade da Almagreira um monte, em cujo pináculo, se acha uma concavidade, donde se tiram várias castas de terra equivalentes e semelhantes em as cores a todos os tabacos deste nosso reino; tão proporcionadas, que não há distinção entre elas e os tabacos, se não em o cheiro, de constante, que antes que se mandasse tapar, desta concavidade, se tirava muita desta sobredita terra, que se defendia por vários estancos deste Reino.
14-1	4910-4911	É	_	_	_	
14-2	4912-4916	este	_	_	_	
14-3	4917-4921	país	_	_	_	
14-4	4922-4928	dotado	_	_	_	
14-5	4929-4933	pela	_	_	_	
14-6	4934-4942	natureza	_	_	_	
14-7	4942-4943	,	_	_	_	
14-8	4944-4946	de	_	_	_	
14-9	4947-4952	muita	_	_	_	
14-10	4953-4957	água	_	_	_	
14-11	4957-4958	,	_	_	_	
14-12	4959-4963	pela	_	_	_	
14-13	4964-4974	abundância	_	_	_	
14-14	4975-4977	de	_	_	_	
14-15	4978-4984	várias	_	_	_	
14-16	4985-4991	fontes	_	_	_	
14-17	4991-4992	,	_	_	_	
14-18	4993-4996	que	_	_	_	
14-19	4997-4998	o	_	_	_	
14-20	4999-5009	fertilizam	_	_	_	
14-21	5009-5010	,	_	_	_	
14-22	5011-5016	donde	_	_	_	
14-23	5017-5024	procede	_	_	_	
14-24	5025-5028	ser	_	_	_	
14-25	5029-5036	povoado	_	_	_	
14-26	5037-5039	de	_	_	_	
14-27	5040-5047	quintas	_	_	_	
14-28	5047-5048	,	_	_	_	
14-29	5049-5056	jardins	_	_	_	
14-30	5056-5057	,	_	_	_	
14-31	5058-5059	e	_	_	_	
14-32	5060-5066	hortas	_	_	_	
14-33	5066-5067	,	_	_	_	
14-34	5068-5073	cujos	_	_	_	
14-35	5074-5083	frondosos	_	_	_	
14-36	5084-5093	arvoredos	_	_	_	
14-37	5094-5102	inculcam	_	_	_	
14-38	5103-5106	aos	_	_	_	
14-39	5107-5112	olhos	_	_	_	
14-40	5113-5116	uma	_	_	_	
14-41	5117-5124	pulchra	_	_	_	
14-42	5125-5126	e	_	_	_	
14-43	5127-5136	deliciosa	_	_	_	
14-44	5137-5142	vista	_	_	_	
14-45	5142-5143	,	_	_	_	
14-46	5144-5147	não	_	_	_	
14-47	5148-5150	só	_	_	_	
14-48	5151-5155	pelo	_	_	_	
14-49	5156-5163	adereço	_	_	_	
14-50	5164-5166	da	_	_	_	
14-51	5167-5170	sua	_	_	_	
14-52	5171-5180	galhardia	_	_	_	
14-53	5180-5181	,	_	_	_	
14-54	5182-5185	mas	_	_	_	
14-55	5186-5192	também	_	_	_	
14-56	5193-5198	pelos	_	_	_	
14-57	5199-5209	excelentes	_	_	_	
14-58	5210-5211	e	_	_	_	
14-59	5212-5221	sazonados	_	_	_	
14-60	5222-5228	frutos	_	_	_	
14-61	5228-5229	,	_	_	_	
14-62	5230-5233	que	_	_	_	
14-63	5234-5236	em	_	_	_	
14-64	5237-5242	todas	_	_	_	
14-65	5243-5245	as	_	_	_	
14-66	5246-5254	espécies	_	_	_	
14-67	5255-5265	frutificam	_	_	_	
14-68	5265-5266	,	_	_	_	
14-69	5267-5280	especialmente	_	_	_	
14-70	5281-5284	uma	_	_	_	
14-71	5286-5295	sumptuosa	_	_	_	
14-72	5296-5302	quinta	*[25]	PLC\_LOC[25]	_	
14-73	5303-5305	do	*[25]	PLC\_LOC[25]	_	
14-74	5306-5313	Panasco	*[25]	PLC\_LOC[25]	_	
14-75	5313-5314	,	*[25]	PLC\_LOC[25]	_	
14-76	5315-5319	cuja	_	_	_	
14-77	5320-5328	grandeza	_	_	_	
14-78	5329-5339	composição	_	_	_	
14-79	5340-5341	e	_	_	_	
14-80	5342-5351	formosura	_	_	_	
14-81	5352-5357	serve	_	_	_	
14-82	5358-5360	de	_	_	_	
14-83	5361-5370	admiração	_	_	_	
14-84	5371-5374	aos	_	_	_	
14-85	5375-5383	viventes	_	_	_	
14-86	5383-5384	;	_	_	_	
14-87	5385-5389	esta	_	_	_	
14-88	5390-5393	sem	_	_	_	
14-89	5394-5400	dúvida	_	_	_	
14-90	5401-5402	a	_	_	_	
14-91	5403-5408	causa	_	_	_	
14-92	5408-5409	,	_	_	_	
14-93	5410-5416	porque	_	_	_	
14-94	5417-5419	de	_	_	_	
14-95	5420-5426	partes	_	_	_	
14-96	5427-5432	ainda	_	_	_	
14-97	5433-5440	remotas	_	_	_	
14-98	5440-5441	,	_	_	_	
14-99	5442-5445	vem	_	_	_	
14-100	5446-5451	gente	_	_	_	
14-101	5452-5454	só	_	_	_	
14-102	5455-5458	por	_	_	_	
14-103	5459-5464	gozar	_	_	_	
14-104	5465-5467	da	_	_	_	
14-105	5468-5471	sua	_	_	_	
14-106	5472-5481	recreação	_	_	_	
14-107	5481-5482	;	_	_	_	
14-108	5489-5491	Há	_	_	_	
14-109	5492-5498	também	_	_	_	
14-110	5499-5505	dentro	_	_	_	
14-111	5506-5508	do	_	_	_	
14-112	5509-5517	circuito	_	_	_	
14-113	5518-5523	desta	_	_	_	
14-114	5524-5533	freguesia	_	_	_	
14-115	5534-5536	em	_	_	_	
14-116	5537-5538	o	_	_	_	
14-117	5539-5544	sítio	_	_	_	
14-118	5545-5547	da	_	_	_	
14-119	5548-5555	Herdade	*[26]	PLC\_LOC[26]	_	
14-120	5556-5558	da	*[26]	PLC\_LOC[26]	_	
14-121	5559-5569	Almagreira	*[26]	PLC\_LOC[26]	_	
14-122	5570-5572	um	_	_	_	
14-123	5573-5578	monte	_	_	_	
14-124	5578-5579	,	_	_	_	
14-125	5580-5582	em	_	_	_	
14-126	5583-5587	cujo	_	_	_	
14-127	5588-5596	pináculo	_	_	_	
14-128	5596-5597	,	_	_	_	
14-129	5598-5600	se	_	_	_	
14-130	5601-5605	acha	_	_	_	
14-131	5606-5609	uma	_	_	_	
14-132	5610-5621	concavidade	_	_	_	
14-133	5621-5622	,	_	_	_	
14-134	5623-5628	donde	_	_	_	
14-135	5629-5631	se	_	_	_	
14-136	5632-5637	tiram	_	_	_	
14-137	5638-5644	várias	_	_	_	
14-138	5645-5651	castas	_	_	_	
14-139	5652-5654	de	_	_	_	
14-140	5655-5660	terra	_	_	_	
14-141	5661-5673	equivalentes	_	_	_	
14-142	5674-5675	e	_	_	_	
14-143	5676-5687	semelhantes	_	_	_	
14-144	5688-5690	em	_	_	_	
14-145	5691-5693	as	_	_	_	
14-146	5694-5699	cores	_	_	_	
14-147	5700-5701	a	_	_	_	
14-148	5702-5707	todos	_	_	_	
14-149	5708-5710	os	_	_	_	
14-150	5711-5718	tabacos	_	_	_	
14-151	5719-5724	deste	_	_	_	
14-152	5725-5730	nosso	_	_	_	
14-153	5731-5736	reino	_	_	_	
14-154	5736-5737	;	_	_	_	
14-155	5738-5741	tão	_	_	_	
14-156	5742-5756	proporcionadas	_	_	_	
14-157	5756-5757	,	_	_	_	
14-158	5758-5761	que	_	_	_	
14-159	5762-5765	não	_	_	_	
14-160	5766-5768	há	_	_	_	
14-161	5769-5778	distinção	_	_	_	
14-162	5779-5784	entre	_	_	_	
14-163	5785-5789	elas	_	_	_	
14-164	5790-5791	e	_	_	_	
14-165	5792-5794	os	_	_	_	
14-166	5795-5802	tabacos	_	_	_	
14-167	5802-5803	,	_	_	_	
14-168	5804-5806	se	_	_	_	
14-169	5807-5810	não	_	_	_	
14-170	5811-5813	em	_	_	_	
14-171	5814-5815	o	_	_	_	
14-172	5816-5822	cheiro	_	_	_	
14-173	5822-5823	,	_	_	_	
14-174	5824-5826	de	_	_	_	
14-175	5827-5836	constante	_	_	_	
14-176	5836-5837	,	_	_	_	
14-177	5838-5841	que	_	_	_	
14-178	5842-5847	antes	_	_	_	
14-179	5848-5851	que	_	_	_	
14-180	5852-5854	se	_	_	_	
14-181	5855-5863	mandasse	_	_	_	
14-182	5864-5869	tapar	_	_	_	
14-183	5869-5870	,	_	_	_	
14-184	5871-5876	desta	_	_	_	
14-185	5877-5888	concavidade	_	_	_	
14-186	5888-5889	,	_	_	_	
14-187	5890-5892	se	_	_	_	
14-188	5893-5899	tirava	_	_	_	
14-189	5900-5905	muita	_	_	_	
14-190	5906-5911	desta	_	_	_	
14-191	5912-5921	sobredita	_	_	_	
14-192	5922-5927	terra	_	_	_	
14-193	5927-5928	,	_	_	_	
14-194	5929-5932	que	_	_	_	
14-195	5933-5935	se	_	_	_	
14-196	5936-5944	defendia	_	_	_	
14-197	5945-5948	por	_	_	_	
14-198	5949-5955	vários	_	_	_	
14-199	5956-5964	estancos	_	_	_	
14-200	5965-5970	deste	_	_	_	
14-201	5971-5976	Reino	_	_	_	
14-202	5976-5977	.	_	_	_	

#Text=A maior parte dos campos desta freguesia é ocupada de matos silvestres, de que procede ser abundante de caça, como são perdizes lebres, e coelhos.
15-1	5984-5985	A	_	_	_	
15-2	5986-5991	maior	_	_	_	
15-3	5992-5997	parte	_	_	_	
15-4	5998-6001	dos	_	_	_	
15-5	6002-6008	campos	_	_	_	
15-6	6009-6014	desta	_	_	_	
15-7	6015-6024	freguesia	_	_	_	
15-8	6025-6026	é	_	_	_	
15-9	6027-6034	ocupada	_	_	_	
15-10	6035-6037	de	_	_	_	
15-11	6038-6043	matos	_	_	_	
15-12	6044-6054	silvestres	_	_	_	
15-13	6054-6055	,	_	_	_	
15-14	6056-6058	de	_	_	_	
15-15	6059-6062	que	_	_	_	
15-16	6063-6070	procede	_	_	_	
15-17	6071-6074	ser	_	_	_	
15-18	6075-6084	abundante	_	_	_	
15-19	6085-6087	de	_	_	_	
15-20	6088-6092	caça	_	_	_	
15-21	6092-6093	,	_	_	_	
15-22	6094-6098	como	_	_	_	
15-23	6099-6102	são	_	_	_	
15-24	6103-6111	perdizes	_	_	_	
15-25	6112-6118	lebres	_	_	_	
15-26	6118-6119	,	_	_	_	
15-27	6120-6121	e	_	_	_	
15-28	6122-6129	coelhos	_	_	_	
15-29	6129-6130	.	_	_	_	

#Text=Da sobredita lagoa chamada de Pardais se forma um pequeno rio nomeado vulgarmente Ribeira de Pardais, dizem os naturais, que sempre conservara este nome derivado da sua origem consta por algumas notícias, que permanecem em as memórias dos homens, que fora antigamente este rio chamado Ribeira da Saúde por antonomásia; a razão de se nomear assim é; porque em os tempos antigos havendo contágio maligno em Vila Viçosa se retirara a gente daquela povoação para as vizinhanças deste rio, onde gozando do ameno, e fértil deste país conseguiam o benefício da isenção do contágio pestilente /p. 525/ \r
#Text=     É este rio muito pequeno na intenção, pelo limitado cabedal das suas águas; porque a maior parte delas recebe da mencionada lagoa; esta em os anos de esterilidade totalmente se seca, de que procede não correr todo o ano este rio.
16-1	6137-6139	Da	_	_	_	
16-2	6140-6149	sobredita	_	_	_	
16-3	6150-6155	lagoa	*[27]	PLC\_AQU[27]	_	
16-4	6156-6163	chamada	*[27]	PLC\_AQU[27]	_	
16-5	6164-6166	de	*[27]	PLC\_AQU[27]	_	
16-6	6167-6174	Pardais	*[27]	PLC\_AQU[27]	_	
16-7	6175-6177	se	_	_	_	
16-8	6178-6183	forma	_	_	_	
16-9	6184-6186	um	_	_	_	
16-10	6187-6194	pequeno	_	_	_	
16-11	6195-6198	rio	_	_	_	
16-12	6199-6206	nomeado	_	_	_	
16-13	6207-6218	vulgarmente	_	_	_	
16-14	6219-6226	Ribeira	*[28]	PLC\_AQU[28]	_	
16-15	6227-6229	de	*[28]	PLC\_AQU[28]	_	
16-16	6230-6237	Pardais	*[28]	PLC\_AQU[28]	_	
16-17	6237-6238	,	_	_	_	
16-18	6239-6244	dizem	_	_	_	
16-19	6245-6247	os	_	_	_	
16-20	6248-6256	naturais	_	_	_	
16-21	6256-6257	,	_	_	_	
16-22	6258-6261	que	_	_	_	
16-23	6262-6268	sempre	_	_	_	
16-24	6269-6279	conservara	_	_	_	
16-25	6280-6284	este	_	_	_	
16-26	6285-6289	nome	_	_	_	
16-27	6290-6298	derivado	_	_	_	
16-28	6299-6301	da	_	_	_	
16-29	6302-6305	sua	_	_	_	
16-30	6306-6312	origem	_	_	_	
16-31	6313-6319	consta	_	_	_	
16-32	6320-6323	por	_	_	_	
16-33	6324-6331	algumas	_	_	_	
16-34	6332-6340	notícias	_	_	_	
16-35	6340-6341	,	_	_	_	
16-36	6342-6345	que	_	_	_	
16-37	6346-6356	permanecem	_	_	_	
16-38	6357-6359	em	_	_	_	
16-39	6360-6362	as	_	_	_	
16-40	6363-6371	memórias	_	_	_	
16-41	6372-6375	dos	_	_	_	
16-42	6376-6382	homens	_	_	_	
16-43	6382-6383	,	_	_	_	
16-44	6384-6387	que	_	_	_	
16-45	6388-6392	fora	_	_	_	
16-46	6393-6404	antigamente	_	_	_	
16-47	6405-6409	este	_	_	_	
16-48	6410-6413	rio	_	_	_	
16-49	6414-6421	chamado	_	_	_	
16-50	6422-6429	Ribeira	*[29]	PLC\_AQU[29]	_	
16-51	6430-6432	da	*[29]	PLC\_AQU[29]	_	
16-52	6433-6438	Saúde	*[29]	PLC\_AQU[29]	_	
16-53	6439-6442	por	_	_	_	
16-54	6443-6454	antonomásia	_	_	_	
16-55	6454-6455	;	_	_	_	
16-56	6456-6457	a	_	_	_	
16-57	6458-6463	razão	_	_	_	
16-58	6464-6466	de	_	_	_	
16-59	6467-6469	se	_	_	_	
16-60	6470-6476	nomear	_	_	_	
16-61	6477-6482	assim	_	_	_	
16-62	6483-6484	é	_	_	_	
16-63	6484-6485	;	_	_	_	
16-64	6486-6492	porque	_	_	_	
16-65	6493-6495	em	_	_	_	
16-66	6496-6498	os	_	_	_	
16-67	6499-6505	tempos	_	_	_	
16-68	6506-6513	antigos	_	_	_	
16-69	6514-6521	havendo	_	_	_	
16-70	6522-6530	contágio	_	_	_	
16-71	6531-6538	maligno	_	_	_	
16-72	6539-6541	em	_	_	_	
16-73	6542-6546	Vila	*[30]	PLC\_GPE[30]	_	
16-74	6547-6553	Viçosa	*[30]	PLC\_GPE[30]	_	
16-75	6554-6556	se	_	_	_	
16-76	6557-6565	retirara	_	_	_	
16-77	6566-6567	a	_	_	_	
16-78	6568-6573	gente	_	_	_	
16-79	6574-6581	daquela	_	_	_	
16-80	6582-6590	povoação	_	_	_	
16-81	6591-6595	para	_	_	_	
16-82	6596-6598	as	_	_	_	
16-83	6599-6610	vizinhanças	_	_	_	
16-84	6611-6616	deste	_	_	_	
16-85	6617-6620	rio	_	_	_	
16-86	6620-6621	,	_	_	_	
16-87	6622-6626	onde	_	_	_	
16-88	6627-6634	gozando	_	_	_	
16-89	6635-6637	do	_	_	_	
16-90	6638-6643	ameno	_	_	_	
16-91	6643-6644	,	_	_	_	
16-92	6645-6646	e	_	_	_	
16-93	6647-6653	fértil	_	_	_	
16-94	6654-6659	deste	_	_	_	
16-95	6660-6664	país	_	_	_	
16-96	6665-6675	conseguiam	_	_	_	
16-97	6676-6677	o	_	_	_	
16-98	6678-6687	benefício	_	_	_	
16-99	6688-6690	da	_	_	_	
16-100	6691-6698	isenção	_	_	_	
16-101	6699-6701	do	_	_	_	
16-102	6702-6710	contágio	_	_	_	
16-103	6711-6721	pestilente	_	_	_	
16-104	6722-6723	/	_	_	_	
16-105	6723-6724	p	_	_	Page[38]	
16-106	6724-6725	.	_	_	Page[38]	
16-107	6726-6729	525	_	_	Page[38]	
16-108	6729-6730	/	_	_	_	
16-109	6738-6739	É	_	_	_	
16-110	6740-6744	este	_	_	_	
16-111	6745-6748	rio	_	_	_	
16-112	6749-6754	muito	_	_	_	
16-113	6755-6762	pequeno	_	_	_	
16-114	6763-6765	na	_	_	_	
16-115	6766-6774	intenção	_	_	_	
16-116	6774-6775	,	_	_	_	
16-117	6776-6780	pelo	_	_	_	
16-118	6781-6789	limitado	_	_	_	
16-119	6790-6797	cabedal	_	_	_	
16-120	6798-6801	das	_	_	_	
16-121	6802-6806	suas	_	_	_	
16-122	6807-6812	águas	_	_	_	
16-123	6812-6813	;	_	_	_	
16-124	6814-6820	porque	_	_	_	
16-125	6821-6822	a	_	_	_	
16-126	6823-6828	maior	_	_	_	
16-127	6829-6834	parte	_	_	_	
16-128	6835-6840	delas	_	_	_	
16-129	6841-6847	recebe	_	_	_	
16-130	6848-6850	da	_	_	_	
16-131	6851-6861	mencionada	_	_	_	
16-132	6862-6867	lagoa	_	_	_	
16-133	6867-6868	;	_	_	_	
16-134	6869-6873	esta	_	_	_	
16-135	6874-6876	em	_	_	_	
16-136	6877-6879	os	_	_	_	
16-137	6880-6884	anos	_	_	_	
16-138	6885-6887	de	_	_	_	
16-139	6888-6900	esterilidade	_	_	_	
16-140	6901-6911	totalmente	_	_	_	
16-141	6912-6914	se	_	_	_	
16-142	6915-6919	seca	_	_	_	
16-143	6919-6920	,	_	_	_	
16-144	6921-6923	de	_	_	_	
16-145	6924-6927	que	_	_	_	
16-146	6928-6935	procede	_	_	_	
16-147	6936-6939	não	_	_	_	
16-148	6940-6946	correr	_	_	_	
16-149	6947-6951	todo	_	_	_	
16-150	6952-6953	o	_	_	_	
16-151	6954-6957	ano	_	_	_	
16-152	6958-6962	este	_	_	_	
16-153	6963-6966	rio	_	_	_	
16-154	6966-6967	.	_	_	_	

#Text=É de violento, e rápido curso em toda a sua distância; corre de Poente para o Nascente, os peixes que cria em maior abundância são pardelhas e bordalos; as pescarias são livres e isentas em todo o rio.
17-1	6974-6975	É	_	_	_	
17-2	6976-6978	de	_	_	_	
17-3	6979-6987	violento	_	_	_	
17-4	6987-6988	,	_	_	_	
17-5	6989-6990	e	_	_	_	
17-6	6991-6997	rápido	_	_	_	
17-7	6998-7003	curso	_	_	_	
17-8	7004-7006	em	_	_	_	
17-9	7007-7011	toda	_	_	_	
17-10	7012-7013	a	_	_	_	
17-11	7014-7017	sua	_	_	_	
17-12	7018-7027	distância	_	_	_	
17-13	7027-7028	;	_	_	_	
17-14	7029-7034	corre	_	_	_	
17-15	7035-7037	de	_	_	_	
17-16	7038-7044	Poente	_	_	_	
17-17	7045-7049	para	_	_	_	
17-18	7050-7051	o	_	_	_	
17-19	7052-7060	Nascente	_	_	_	
17-20	7060-7061	,	_	_	_	
17-21	7062-7064	os	_	_	_	
17-22	7065-7071	peixes	_	_	_	
17-23	7072-7075	que	_	_	_	
17-24	7076-7080	cria	_	_	_	
17-25	7081-7083	em	_	_	_	
17-26	7084-7089	maior	_	_	_	
17-27	7090-7100	abundância	_	_	_	
17-28	7101-7104	são	_	_	_	
17-29	7105-7114	pardelhas	_	_	_	
17-30	7115-7116	e	_	_	_	
17-31	7117-7125	bordalos	_	_	_	
17-32	7125-7126	;	_	_	_	
17-33	7127-7129	as	_	_	_	
17-34	7130-7139	pescarias	_	_	_	
17-35	7140-7143	são	_	_	_	
17-36	7144-7150	livres	_	_	_	
17-37	7151-7152	e	_	_	_	
17-38	7153-7160	isentas	_	_	_	
17-39	7161-7163	em	_	_	_	
17-40	7164-7168	todo	_	_	_	
17-41	7169-7170	o	_	_	_	
17-42	7171-7174	rio	_	_	_	
17-43	7174-7175	.	_	_	_	

#Text=As margens deste rio costumam os moradores cultivar semeando feijões, trigos, e meloais, tem muito arvoredo de fruto incluso em os jardins, quintas, e hortas, de que acima falei; a outra parte do rio, que será pela distância de uma légua, é povoada de arvoredos silvestres.
18-1	7182-7184	As	_	_	_	
18-2	7185-7192	margens	_	_	_	
18-3	7193-7198	deste	_	_	_	
18-4	7199-7202	rio	_	_	_	
18-5	7203-7211	costumam	_	_	_	
18-6	7212-7214	os	_	_	_	
18-7	7215-7224	moradores	_	_	_	
18-8	7225-7233	cultivar	_	_	_	
18-9	7234-7242	semeando	_	_	_	
18-10	7243-7250	feijões	_	_	_	
18-11	7250-7251	,	_	_	_	
18-12	7252-7258	trigos	_	_	_	
18-13	7258-7259	,	_	_	_	
18-14	7260-7261	e	_	_	_	
18-15	7262-7269	meloais	_	_	_	
18-16	7269-7270	,	_	_	_	
18-17	7271-7274	tem	_	_	_	
18-18	7275-7280	muito	_	_	_	
18-19	7281-7289	arvoredo	_	_	_	
18-20	7290-7292	de	_	_	_	
18-21	7293-7298	fruto	_	_	_	
18-22	7299-7306	incluso	_	_	_	
18-23	7307-7309	em	_	_	_	
18-24	7310-7312	os	_	_	_	
18-25	7313-7320	jardins	_	_	_	
18-26	7320-7321	,	_	_	_	
18-27	7322-7329	quintas	_	_	_	
18-28	7329-7330	,	_	_	_	
18-29	7331-7332	e	_	_	_	
18-30	7333-7339	hortas	_	_	_	
18-31	7339-7340	,	_	_	_	
18-32	7341-7343	de	_	_	_	
18-33	7344-7347	que	_	_	_	
18-34	7348-7353	acima	_	_	_	
18-35	7354-7359	falei	_	_	_	
18-36	7359-7360	;	_	_	_	
18-37	7361-7362	a	_	_	_	
18-38	7363-7368	outra	_	_	_	
18-39	7369-7374	parte	_	_	_	
18-40	7375-7377	do	_	_	_	
18-41	7378-7381	rio	_	_	_	
18-42	7381-7382	,	_	_	_	
18-43	7383-7386	que	_	_	_	
18-44	7387-7391	será	_	_	_	
18-45	7392-7396	pela	_	_	_	
18-46	7397-7406	distância	_	_	_	
18-47	7407-7409	de	_	_	_	
18-48	7410-7413	uma	_	_	_	
18-49	7414-7419	légua	_	_	_	
18-50	7419-7420	,	_	_	_	
18-51	7421-7422	é	_	_	_	
18-52	7423-7430	povoada	_	_	_	
18-53	7431-7433	de	_	_	_	
18-54	7434-7443	arvoredos	_	_	_	
18-55	7444-7454	silvestres	_	_	_	
18-56	7454-7455	.	_	_	_	

#Text=Morre este rio em o Guadiana no Sítio das Naturas.
19-1	7462-7467	Morre	_	_	_	
19-2	7468-7472	este	_	_	_	
19-3	7473-7476	rio	_	_	_	
19-4	7477-7479	em	_	_	_	
19-5	7480-7481	o	_	_	_	
19-6	7482-7490	Guadiana	*	PLC\_AQU	_	
19-7	7491-7493	no	_	_	_	
19-8	7494-7499	Sítio	*[31]	PLC\_LOC[31]	_	
19-9	7500-7503	das	*[31]	PLC\_LOC[31]	_	
19-10	7504-7511	Naturas	*[31]	PLC\_LOC[31]	_	
19-11	7511-7512	.	_	_	_	

#Text=Há neste rio vinte e um engenhos de azenhas, e três moinhos, que por todos fazem o número de vinte e quatro engenhos; movendo-se todos com as águas da sobredita lagoa.
20-1	7513-7515	Há	_	_	_	
20-2	7516-7521	neste	_	_	_	
20-3	7522-7525	rio	_	_	_	
20-4	7526-7531	vinte	_	_	_	
20-5	7532-7533	e	_	_	_	
20-6	7534-7536	um	_	_	_	
20-7	7537-7545	engenhos	_	_	_	
20-8	7546-7548	de	_	_	_	
20-9	7549-7556	azenhas	_	_	_	
20-10	7556-7557	,	_	_	_	
20-11	7558-7559	e	_	_	_	
20-12	7560-7564	três	_	_	_	
20-13	7565-7572	moinhos	_	_	_	
20-14	7572-7573	,	_	_	_	
20-15	7574-7577	que	_	_	_	
20-16	7578-7581	por	_	_	_	
20-17	7582-7587	todos	_	_	_	
20-18	7588-7593	fazem	_	_	_	
20-19	7594-7595	o	_	_	_	
20-20	7596-7602	número	_	_	_	
20-21	7603-7605	de	_	_	_	
20-22	7606-7611	vinte	_	_	_	
20-23	7612-7613	e	_	_	_	
20-24	7614-7620	quatro	_	_	_	
20-25	7621-7629	engenhos	_	_	_	
20-26	7629-7630	;	_	_	_	
20-27	7631-7641	movendo-se	_	_	_	
20-28	7642-7647	todos	_	_	_	
20-29	7648-7651	com	_	_	_	
20-30	7652-7654	as	_	_	_	
20-31	7655-7660	águas	_	_	_	
20-32	7661-7663	da	_	_	_	
20-33	7664-7673	sobredita	_	_	_	
20-34	7674-7679	lagoa	_	_	_	
20-35	7679-7680	.	_	_	_	

#Text=Das águas da mencionada lagoa, não usam livremente os moradores, por quanto todos os engenhos, que estão em este rio pagam foro desta água à sereníssima Casa de Bragança.
21-1	7687-7690	Das	_	_	_	
21-2	7691-7696	águas	_	_	_	
21-3	7697-7699	da	_	_	_	
21-4	7700-7710	mencionada	_	_	_	
21-5	7711-7716	lagoa	_	_	_	
21-6	7716-7717	,	_	_	_	
21-7	7718-7721	não	_	_	_	
21-8	7722-7726	usam	_	_	_	
21-9	7727-7737	livremente	_	_	_	
21-10	7738-7740	os	_	_	_	
21-11	7741-7750	moradores	_	_	_	
21-12	7750-7751	,	_	_	_	
21-13	7752-7755	por	_	_	_	
21-14	7756-7762	quanto	_	_	_	
21-15	7763-7768	todos	_	_	_	
21-16	7769-7771	os	_	_	_	
21-17	7772-7780	engenhos	_	_	_	
21-18	7780-7781	,	_	_	_	
21-19	7782-7785	que	_	_	_	
21-20	7786-7791	estão	_	_	_	
21-21	7792-7794	em	_	_	_	
21-22	7795-7799	este	_	_	_	
21-23	7800-7803	rio	_	_	_	
21-24	7804-7809	pagam	_	_	_	
21-25	7810-7814	foro	_	_	_	
21-26	7815-7820	desta	_	_	_	
21-27	7821-7825	água	_	_	_	
21-28	7826-7827	à	_	_	_	
21-29	7828-7839	sereníssima	_	_	_	
21-30	7840-7844	Casa	*[32]	PER\_PGRP[32]	_	
21-31	7845-7847	de	*[32]	PER\_PGRP[32]	_	
21-32	7848-7856	Bragança	*[32]	PER\_PGRP[32]	_	
21-33	7856-7857	.	_	_	_	

#Text=Compreende este rio duas léguas da sua origem, até onde finaliza, não passa junto a povoação alguma; menos em seu princípio que tem a aldeia de Pardais vizinha das suas margens.
22-1	7864-7874	Compreende	_	_	_	
22-2	7875-7879	este	_	_	_	
22-3	7880-7883	rio	_	_	_	
22-4	7884-7888	duas	_	_	_	
22-5	7889-7895	léguas	_	_	_	
22-6	7896-7898	da	_	_	_	
22-7	7899-7902	sua	_	_	_	
22-8	7903-7909	origem	_	_	_	
22-9	7909-7910	,	_	_	_	
22-10	7911-7914	até	_	_	_	
22-11	7915-7919	onde	_	_	_	
22-12	7920-7928	finaliza	_	_	_	
22-13	7928-7929	,	_	_	_	
22-14	7930-7933	não	_	_	_	
22-15	7934-7939	passa	_	_	_	
22-16	7940-7945	junto	_	_	_	
22-17	7946-7947	a	_	_	_	
22-18	7948-7956	povoação	_	_	_	
22-19	7957-7963	alguma	_	_	_	
22-20	7963-7964	;	_	_	_	
22-21	7965-7970	menos	_	_	_	
22-22	7971-7973	em	_	_	_	
22-23	7974-7977	seu	_	_	_	
22-24	7978-7987	princípio	_	_	_	
22-25	7988-7991	que	_	_	_	
22-26	7992-7995	tem	_	_	_	
22-27	7996-7997	a	_	_	_	
22-28	7998-8004	aldeia	_	_	_	
22-29	8005-8007	de	_	_	_	
22-30	8008-8015	Pardais	*	PLC\_GPE	_	
22-31	8016-8023	vizinha	_	_	_	
22-32	8024-8027	das	_	_	_	
22-33	8028-8032	suas	_	_	_	
22-34	8033-8040	margens	_	_	_	
22-35	8040-8041	.	_	_	_	

#Text=Há também junto a este rio três pedreiras, donde se tiram pedras de moinho em abundância, que, se difundem por toda esta província.
23-1	8048-8050	Há	_	_	_	
23-2	8051-8057	também	_	_	_	
23-3	8058-8063	junto	_	_	_	
23-4	8064-8065	a	_	_	_	
23-5	8066-8070	este	_	_	_	
23-6	8071-8074	rio	_	_	_	
23-7	8075-8079	três	_	_	_	
23-8	8080-8089	pedreiras	_	_	_	
23-9	8089-8090	,	_	_	_	
23-10	8091-8096	donde	_	_	_	
23-11	8097-8099	se	_	_	_	
23-12	8100-8105	tiram	_	_	_	
23-13	8106-8112	pedras	_	_	_	
23-14	8113-8115	de	_	_	_	
23-15	8116-8122	moinho	_	_	_	
23-16	8123-8125	em	_	_	_	
23-17	8126-8136	abundância	_	_	_	
23-18	8136-8137	,	_	_	_	
23-19	8138-8141	que	_	_	_	
23-20	8141-8142	,	_	_	_	
23-21	8143-8145	se	_	_	_	
23-22	8146-8154	difundem	_	_	_	
23-23	8155-8158	por	_	_	_	
23-24	8159-8163	toda	_	_	_	
23-25	8164-8168	esta	_	_	_	
23-26	8169-8178	província	_	_	_	
23-27	8178-8179	.	_	_	_	

#Text=Todo o referido, é o que achei digno de se escrever segundo assim se continha em os interrogatórios que da parte da Majestade Fidelíssima que Deus guarde me foram apresentados, intervindo a ordem do meu excelentíssimo prelado, não achei mais notícias nem clarezas que descrever de que fiz a sobredita relação Pardais em os 6 de Junho de 1758.
24-1	8186-8190	Todo	_	_	_	
24-2	8191-8192	o	_	_	_	
24-3	8193-8201	referido	_	_	_	
24-4	8201-8202	,	_	_	_	
24-5	8203-8204	é	_	_	_	
24-6	8205-8206	o	_	_	_	
24-7	8207-8210	que	_	_	_	
24-8	8211-8216	achei	_	_	_	
24-9	8217-8222	digno	_	_	_	
24-10	8223-8225	de	_	_	_	
24-11	8226-8228	se	_	_	_	
24-12	8229-8237	escrever	_	_	_	
24-13	8238-8245	segundo	_	_	_	
24-14	8246-8251	assim	_	_	_	
24-15	8252-8254	se	_	_	_	
24-16	8255-8263	continha	_	_	_	
24-17	8264-8266	em	_	_	_	
24-18	8267-8269	os	_	_	_	
24-19	8270-8285	interrogatórios	_	_	_	
24-20	8286-8289	que	_	_	_	
24-21	8290-8292	da	_	_	_	
24-22	8293-8298	parte	_	_	_	
24-23	8299-8301	da	_	_	_	
24-24	8302-8311	Majestade	*	PER\_NAM	_	
24-25	8312-8323	Fidelíssima	_	_	_	
24-26	8324-8327	que	_	_	_	
24-27	8328-8332	Deus	*	PER\_DIV	_	
24-28	8333-8339	guarde	_	_	_	
24-29	8340-8342	me	_	_	_	
24-30	8343-8348	foram	_	_	_	
24-31	8349-8361	apresentados	_	_	_	
24-32	8361-8362	,	_	_	_	
24-33	8363-8373	intervindo	_	_	_	
24-34	8374-8375	a	_	_	_	
24-35	8376-8381	ordem	_	_	_	
24-36	8382-8384	do	_	_	_	
24-37	8385-8388	meu	_	_	_	
24-38	8389-8403	excelentíssimo	_	_	_	
24-39	8404-8411	prelado	_	_	_	
24-40	8411-8412	,	_	_	_	
24-41	8413-8416	não	_	_	_	
24-42	8417-8422	achei	_	_	_	
24-43	8423-8427	mais	_	_	_	
24-44	8428-8436	notícias	_	_	_	
24-45	8437-8440	nem	_	_	_	
24-46	8441-8449	clarezas	_	_	_	
24-47	8450-8453	que	_	_	_	
24-48	8454-8463	descrever	_	_	_	
24-49	8464-8466	de	_	_	_	
24-50	8467-8470	que	_	_	_	
24-51	8471-8474	fiz	_	_	_	
24-52	8475-8476	a	_	_	_	
24-53	8477-8486	sobredita	_	_	_	
24-54	8487-8494	relação	_	_	_	
24-55	8495-8502	Pardais	*	PLC\_GPE	_	
24-56	8503-8505	em	_	_	_	
24-57	8506-8508	os	_	_	_	
24-58	8509-8510	6	*[33]	TIM\_CRON[33]	_	
24-59	8511-8513	de	*[33]	TIM\_CRON[33]	_	
24-60	8514-8519	Junho	*[33]	TIM\_CRON[33]	_	
24-61	8520-8522	de	*[33]	TIM\_CRON[33]	_	
24-62	8523-8527	1758	*[33]	TIM\_CRON[33]	_	
24-63	8527-8528	.	_	_	_	

#Text=Manuel Martins Filipe /p. 526/\r
#Text=[Em branco]”   \r
#Text=\r
#Text=Transcrição: Ofélia Sequeira\r
#Text=Revisão: Fátima Farrica
25-1	8532-8538	Manuel	*[34]	PER\_NAM[34]	_	
25-2	8539-8546	Martins	*[34]	PER\_NAM[34]	_	
25-3	8547-8553	Filipe	*[34]	PER\_NAM[34]	_	
25-4	8554-8555	/	_	_	_	
25-5	8555-8556	p	_	_	Page[39]	
25-6	8556-8557	.	_	_	Page[39]	
25-7	8558-8561	526	_	_	Page[39]	
25-8	8561-8562	/	_	_	_	
25-9	8564-8565	[	_	_	_	
25-10	8565-8567	Em	_	_	Comments[40]	
25-11	8568-8574	branco	_	_	Comments[40]	
25-12	8574-8575	]	_	_	_	
25-13	8575-8576	”	_	_	_	
25-14	8583-8594	Transcrição	_	_	Reviewer[41]	
25-15	8594-8595	:	_	_	Reviewer[41]	
25-16	8596-8602	Ofélia	_	_	Reviewer[41]	
25-17	8603-8611	Sequeira	_	_	Reviewer[41]	
25-18	8613-8620	Revisão	_	_	Reviewer[41]	
25-19	8620-8621	:	_	_	Reviewer[41]	
25-20	8622-8628	Fátima	_	_	Reviewer[41]	
25-21	8629-8636	Farrica	_	_	Reviewer[41]	
