#FORMAT=WebAnno TSV 3.3
#T_SP=de.tudarmstadt.ukp.dkpro.core.api.ner.type.NamedEntity|identifier|value
#T_SP=webanno.custom.ParaText|ParaText


#Text=﻿São Bartolomeu, 1758, 20 de Abril\r
#Text=Memória Paroquial de São Bartolomeu, Comarca de Vila Viçosa\r
#Text=[ANTT, Memórias Paroquiais, vol. 40, nº 271a, p. 1665 a 1668]\r
#Text=\r
#Text=“/p. 1665/\r
#Text=Vila Viçosa São Bartolomeu\r
#Text=\r
#Text=     Obedecendo à ordem de Vossa Excelência em que me manda responder a uns interrogatórios que com a mesma me foram entregues, digo que esta Vila Viçosa é uma das mais ilustres povoações do Alentejo: nela residiam os Sereníssimos Duques de Bragança até que com a aclamação do Senhor Dom João 4 transferiram o seu assento para a Corte de Lisboa.
1-1	0-4	﻿São	_	_	Header[29]	
1-2	5-15	Bartolomeu	_	_	Header[29]	
1-3	15-16	,	_	_	Header[29]	
1-4	17-21	1758	_	_	Header[29]	
1-5	21-22	,	_	_	Header[29]	
1-6	23-25	20	_	_	Header[29]	
1-7	26-28	de	_	_	Header[29]	
1-8	29-34	Abril	_	_	Header[29]	
1-9	36-43	Memória	_	_	Header[29]	
1-10	44-53	Paroquial	_	_	Header[29]	
1-11	54-56	de	_	_	Header[29]	
1-12	57-60	São	_	_	Header[29]	
1-13	61-71	Bartolomeu	_	_	Header[29]	
1-14	71-72	,	_	_	Header[29]	
1-15	73-80	Comarca	_	_	Header[29]	
1-16	81-83	de	_	_	Header[29]	
1-17	84-88	Vila	_	_	Header[29]	
1-18	89-95	Viçosa	_	_	Header[29]	
1-19	97-98	[	_	_	Header[29]	
1-20	98-102	ANTT	_	_	Header[29]	
1-21	102-103	,	_	_	Header[29]	
1-22	104-112	Memórias	_	_	Header[29]	
1-23	113-123	Paroquiais	_	_	Header[29]	
1-24	123-124	,	_	_	Header[29]	
1-25	125-128	vol	_	_	Header[29]	
1-26	128-129	.	_	_	Header[29]	
1-27	130-132	40	_	_	Header[29]	
1-28	132-133	,	_	_	Header[29]	
1-29	134-136	nº	_	_	Header[29]	
1-30	137-141	271a	_	_	Header[29]	
1-31	141-142	,	_	_	Header[29]	
1-32	143-144	p	_	_	Header[29]	
1-33	144-145	.	_	_	Header[29]	
1-34	146-150	1665	_	_	Header[29]	
1-35	151-152	a	_	_	Header[29]	
1-36	153-157	1668	_	_	Header[29]	
1-37	157-158	]	_	_	Header[29]	
1-38	162-163	“	_	_	_	
1-39	163-164	/	_	_	_	
1-40	164-165	p	_	_	Page[30]	
1-41	165-166	.	_	_	Page[30]	
1-42	167-171	1665	_	_	Page[30]	
1-43	171-172	/	_	_	_	
1-44	174-178	Vila	*[1]	PLC\_GPE[1]	_	
1-45	179-185	Viçosa	*[1]	PLC\_GPE[1]	_	
1-46	186-189	São	*[1]	PLC\_GPE[1]	_	
1-47	190-200	Bartolomeu	*[1]	PLC\_GPE[1]	_	
1-48	209-219	Obedecendo	_	_	_	
1-49	220-221	à	_	_	_	
1-50	222-227	ordem	_	_	_	
1-51	228-230	de	_	_	_	
1-52	231-236	Vossa	_	_	_	
1-53	237-247	Excelência	_	_	_	
1-54	248-250	em	_	_	_	
1-55	251-254	que	_	_	_	
1-56	255-257	me	_	_	_	
1-57	258-263	manda	_	_	_	
1-58	264-273	responder	_	_	_	
1-59	274-275	a	_	_	_	
1-60	276-279	uns	_	_	_	
1-61	280-295	interrogatórios	_	_	_	
1-62	296-299	que	_	_	_	
1-63	300-303	com	_	_	_	
1-64	304-305	a	_	_	_	
1-65	306-311	mesma	_	_	_	
1-66	312-314	me	_	_	_	
1-67	315-320	foram	_	_	_	
1-68	321-330	entregues	_	_	_	
1-69	330-331	,	_	_	_	
1-70	332-336	digo	_	_	_	
1-71	337-340	que	_	_	_	
1-72	341-345	esta	_	_	_	
1-73	346-350	Vila	*[2]	PLC\_GPE[2]	_	
1-74	351-357	Viçosa	*[2]	PLC\_GPE[2]	_	
1-75	358-359	é	_	_	_	
1-76	360-363	uma	_	_	_	
1-77	364-367	das	_	_	_	
1-78	368-372	mais	_	_	_	
1-79	373-381	ilustres	_	_	_	
1-80	382-391	povoações	_	_	_	
1-81	392-394	do	_	_	_	
1-82	395-403	Alentejo	*	PLC\_LOC	_	
1-83	403-404	:	_	_	_	
1-84	405-409	nela	_	_	_	
1-85	410-418	residiam	_	_	_	
1-86	419-421	os	_	_	_	
1-87	422-434	Sereníssimos	_	_	_	
1-88	435-441	Duques	*[3]	PER\_PGRP[3]	_	
1-89	442-444	de	*[3]	PER\_PGRP[3]	_	
1-90	445-453	Bragança	*[3]	PER\_PGRP[3]	_	
1-91	454-457	até	_	_	_	
1-92	458-461	que	_	_	_	
1-93	462-465	com	_	_	_	
1-94	466-467	a	_	_	_	
1-95	468-477	aclamação	_	_	_	
1-96	478-480	do	_	_	_	
1-97	481-487	Senhor	_	_	_	
1-98	488-491	Dom	*[4]	PER\_NAM[4]	_	
1-99	492-496	João	*[4]	PER\_NAM[4]	_	
1-100	497-498	4	*[4]	PER\_NAM[4]	_	
1-101	499-511	transferiram	_	_	_	
1-102	512-513	o	_	_	_	
1-103	514-517	seu	_	_	_	
1-104	518-525	assento	_	_	_	
1-105	526-530	para	_	_	_	
1-106	531-532	a	_	_	_	
1-107	533-538	Corte	_	_	_	
1-108	539-541	de	_	_	_	
1-109	542-548	Lisboa	*	PLC\_GPE	_	
1-110	548-549	.	_	_	_	

#Text=Abunda de cousas muito notáveis; mas como estas são do território da igreja matriz, ao reverendo prior dela pertence referi-las, e descrevê-las; pois eu cingindo-me precisamente à minha freguesia, digo que: tem esta freguesia de São Bartolomeu 563 fogos, e 2073 fregueses, os quais são curados por um prior, que tem de côngrua três moios de trigo, dois de cevada, e vinte mil réis em dinheiro, e dois beneficiados tem cada um de renda dois moios de trigo, moio, e meio de cevada, e dez mil réis.
2-1	557-563	Abunda	_	_	_	
2-2	564-566	de	_	_	_	
2-3	567-573	cousas	_	_	_	
2-4	574-579	muito	_	_	_	
2-5	580-588	notáveis	_	_	_	
2-6	588-589	;	_	_	_	
2-7	590-593	mas	_	_	_	
2-8	594-598	como	_	_	_	
2-9	599-604	estas	_	_	_	
2-10	605-608	são	_	_	_	
2-11	609-611	do	_	_	_	
2-12	612-622	território	_	_	_	
2-13	623-625	da	_	_	_	
2-14	626-632	igreja	_	_	_	
2-15	633-639	matriz	_	_	_	
2-16	639-640	,	_	_	_	
2-17	641-643	ao	_	_	_	
2-18	644-653	reverendo	_	_	_	
2-19	654-659	prior	_	_	_	
2-20	660-664	dela	_	_	_	
2-21	665-673	pertence	_	_	_	
2-22	674-684	referi-las	_	_	_	
2-23	684-685	,	_	_	_	
2-24	686-687	e	_	_	_	
2-25	688-700	descrevê-las	_	_	_	
2-26	700-701	;	_	_	_	
2-27	702-706	pois	_	_	_	
2-28	707-709	eu	_	_	_	
2-29	710-721	cingindo-me	_	_	_	
2-30	722-734	precisamente	_	_	_	
2-31	735-736	à	_	_	_	
2-32	737-742	minha	_	_	_	
2-33	743-752	freguesia	_	_	_	
2-34	752-753	,	_	_	_	
2-35	754-758	digo	_	_	_	
2-36	759-762	que	_	_	_	
2-37	762-763	:	_	_	_	
2-38	764-767	tem	_	_	_	
2-39	768-772	esta	_	_	_	
2-40	773-782	freguesia	*[5]	PLC\_GPE[5]	_	
2-41	783-785	de	*[5]	PLC\_GPE[5]	_	
2-42	786-789	São	*[5]	PLC\_GPE[5]	_	
2-43	790-800	Bartolomeu	*[5]	PLC\_GPE[5]	_	
2-44	801-804	563	_	_	_	
2-45	805-810	fogos	_	_	_	
2-46	810-811	,	_	_	_	
2-47	812-813	e	_	_	_	
2-48	814-818	2073	_	_	_	
2-49	819-828	fregueses	_	_	_	
2-50	828-829	,	_	_	_	
2-51	830-832	os	_	_	_	
2-52	833-838	quais	_	_	_	
2-53	839-842	são	_	_	_	
2-54	843-850	curados	_	_	_	
2-55	851-854	por	_	_	_	
2-56	855-857	um	_	_	_	
2-57	858-863	prior	_	_	_	
2-58	863-864	,	_	_	_	
2-59	865-868	que	_	_	_	
2-60	869-872	tem	_	_	_	
2-61	873-875	de	_	_	_	
2-62	876-883	côngrua	_	_	_	
2-63	884-888	três	_	_	_	
2-64	889-894	moios	_	_	_	
2-65	895-897	de	_	_	_	
2-66	898-903	trigo	_	_	_	
2-67	903-904	,	_	_	_	
2-68	905-909	dois	_	_	_	
2-69	910-912	de	_	_	_	
2-70	913-919	cevada	_	_	_	
2-71	919-920	,	_	_	_	
2-72	921-922	e	_	_	_	
2-73	923-928	vinte	_	_	_	
2-74	929-932	mil	_	_	_	
2-75	933-937	réis	_	_	_	
2-76	938-940	em	_	_	_	
2-77	941-949	dinheiro	_	_	_	
2-78	949-950	,	_	_	_	
2-79	951-952	e	_	_	_	
2-80	953-957	dois	_	_	_	
2-81	958-970	beneficiados	_	_	_	
2-82	971-974	tem	_	_	_	
2-83	975-979	cada	_	_	_	
2-84	980-982	um	_	_	_	
2-85	983-985	de	_	_	_	
2-86	986-991	renda	_	_	_	
2-87	992-996	dois	_	_	_	
2-88	997-1002	moios	_	_	_	
2-89	1003-1005	de	_	_	_	
2-90	1006-1011	trigo	_	_	_	
2-91	1011-1012	,	_	_	_	
2-92	1013-1017	moio	_	_	_	
2-93	1017-1018	,	_	_	_	
2-94	1019-1020	e	_	_	_	
2-95	1021-1025	meio	_	_	_	
2-96	1026-1028	de	_	_	_	
2-97	1029-1035	cevada	_	_	_	
2-98	1035-1036	,	_	_	_	
2-99	1037-1038	e	_	_	_	
2-100	1039-1042	dez	_	_	_	
2-101	1043-1046	mil	_	_	_	
2-102	1047-1051	réis	_	_	_	
2-103	1051-1052	.	_	_	_	

#Text=Tanto prior como beneficiados são da apresentação de Sua Majestade como governador e perpétuo administrador da Ordem Militar de São Bento de Avis, a cuja ordem pertencem as igrejas paroquiais, e comenda desta vila.
3-1	1053-1058	Tanto	_	_	_	
3-2	1059-1064	prior	_	_	_	
3-3	1065-1069	como	_	_	_	
3-4	1070-1082	beneficiados	_	_	_	
3-5	1083-1086	são	_	_	_	
3-6	1087-1089	da	_	_	_	
3-7	1090-1102	apresentação	_	_	_	
3-8	1103-1105	de	_	_	_	
3-9	1106-1109	Sua	*[6]	PER\_NAM[6]	_	
3-10	1110-1119	Majestade	*[6]	PER\_NAM[6]	_	
3-11	1120-1124	como	_	_	_	
3-12	1125-1135	governador	_	_	_	
3-13	1136-1137	e	_	_	_	
3-14	1138-1146	perpétuo	_	_	_	
3-15	1147-1160	administrador	_	_	_	
3-16	1161-1163	da	_	_	_	
3-17	1164-1169	Ordem	*[7]	ORG[7]	_	
3-18	1170-1177	Militar	*[7]	ORG[7]	_	
3-19	1178-1180	de	*[7]	ORG[7]	_	
3-20	1181-1184	São	*[7]	ORG[7]	_	
3-21	1185-1190	Bento	*[7]	ORG[7]	_	
3-22	1191-1193	de	*[7]	ORG[7]	_	
3-23	1194-1198	Avis	*[7]	ORG[7]	_	
3-24	1198-1199	,	_	_	_	
3-25	1200-1201	a	_	_	_	
3-26	1202-1206	cuja	_	_	_	
3-27	1207-1212	ordem	_	_	_	
3-28	1213-1222	pertencem	_	_	_	
3-29	1223-1225	as	_	_	_	
3-30	1226-1233	igrejas	_	_	_	
3-31	1234-1244	paroquiais	_	_	_	
3-32	1244-1245	,	_	_	_	
3-33	1246-1247	e	_	_	_	
3-34	1248-1255	comenda	_	_	_	
3-35	1256-1261	desta	_	_	_	
3-36	1262-1266	vila	_	_	_	
3-37	1266-1267	.	_	_	_	

#Text=Não tem a freguesia igreja própria e se está servindo há muitos anos da igreja da Misericórdia sem que Sua Majestade por mais contas, que desta falta lhe têm dado os priores da mesma tenha sido servido mandar continuar à igreja própria, que há muitos anos se conserva só com os alicerces.
4-1	1275-1278	Não	_	_	_	
4-2	1279-1282	tem	_	_	_	
4-3	1283-1284	a	_	_	_	
4-4	1285-1294	freguesia	_	_	_	
4-5	1295-1301	igreja	_	_	_	
4-6	1302-1309	própria	_	_	_	
4-7	1310-1311	e	_	_	_	
4-8	1312-1314	se	_	_	_	
4-9	1315-1319	está	_	_	_	
4-10	1320-1328	servindo	_	_	_	
4-11	1329-1331	há	_	_	_	
4-12	1332-1338	muitos	_	_	_	
4-13	1339-1343	anos	_	_	_	
4-14	1344-1346	da	_	_	_	
4-15	1347-1353	igreja	*[8]	PLC\_FAC[8]	_	
4-16	1354-1356	da	*[8]	PLC\_FAC[8]	_	
4-17	1357-1369	Misericórdia	*[8]	PLC\_FAC[8]	_	
4-18	1370-1373	sem	_	_	_	
4-19	1374-1377	que	_	_	_	
4-20	1378-1381	Sua	*[9]	PER\_NAM[9]	_	
4-21	1382-1391	Majestade	*[9]	PER\_NAM[9]	_	
4-22	1392-1395	por	_	_	_	
4-23	1396-1400	mais	_	_	_	
4-24	1401-1407	contas	_	_	_	
4-25	1407-1408	,	_	_	_	
4-26	1409-1412	que	_	_	_	
4-27	1413-1418	desta	_	_	_	
4-28	1419-1424	falta	_	_	_	
4-29	1425-1428	lhe	_	_	_	
4-30	1429-1432	têm	_	_	_	
4-31	1433-1437	dado	_	_	_	
4-32	1438-1440	os	_	_	_	
4-33	1441-1448	priores	_	_	_	
4-34	1449-1451	da	_	_	_	
4-35	1452-1457	mesma	_	_	_	
4-36	1458-1463	tenha	_	_	_	
4-37	1464-1468	sido	_	_	_	
4-38	1469-1476	servido	_	_	_	
4-39	1477-1483	mandar	_	_	_	
4-40	1484-1493	continuar	_	_	_	
4-41	1494-1495	à	_	_	_	
4-42	1496-1502	igreja	_	_	_	
4-43	1503-1510	própria	_	_	_	
4-44	1510-1511	,	_	_	_	
4-45	1512-1515	que	_	_	_	
4-46	1516-1518	há	_	_	_	
4-47	1519-1525	muitos	_	_	_	
4-48	1526-1530	anos	_	_	_	
4-49	1531-1533	se	_	_	_	
4-50	1534-1542	conserva	_	_	_	
4-51	1543-1545	só	_	_	_	
4-52	1546-1549	com	_	_	_	
4-53	1550-1552	os	_	_	_	
4-54	1553-1562	alicerces	_	_	_	
4-55	1562-1563	.	_	_	_	

#Text=Estão sitas nesta igreja paroquial três irmandades: primeira do Santíssimo Sacramento que além das obrigações gerais à semelhantes irmandades cuida do ornato do altar, e culto de uma imagem do Senhor morto vulgarmente chamada o Senhor do Descendimento; com a qual tem /p. 1666/ este povo uma extraordinária fé, e devoção: segunda das Almas, que floresce muito pela grande piedade, e aplicação dos irmãos, que administram os seus bens conservando oito capelães com missa quotidiana e tendo a sua sacristia muito bem provida de pratas e ornamentos: 3ª da Senhora do Rosário; que não tem cousa, que mereça particular memória.
5-1	1564-1569	Estão	_	_	_	
5-2	1570-1575	sitas	_	_	_	
5-3	1576-1581	nesta	_	_	_	
5-4	1582-1588	igreja	_	_	_	
5-5	1589-1598	paroquial	_	_	_	
5-6	1599-1603	três	_	_	_	
5-7	1604-1614	irmandades	_	_	_	
5-8	1614-1615	:	_	_	_	
5-9	1616-1624	primeira	_	_	_	
5-10	1625-1627	do	*[10]	ORG[10]	_	
5-11	1628-1638	Santíssimo	*[10]	ORG[10]	_	
5-12	1639-1649	Sacramento	*[10]	ORG[10]	_	
5-13	1650-1653	que	_	_	_	
5-14	1654-1658	além	_	_	_	
5-15	1659-1662	das	_	_	_	
5-16	1663-1673	obrigações	_	_	_	
5-17	1674-1680	gerais	_	_	_	
5-18	1681-1682	à	_	_	_	
5-19	1683-1694	semelhantes	_	_	_	
5-20	1695-1705	irmandades	_	_	_	
5-21	1706-1711	cuida	_	_	_	
5-22	1712-1714	do	_	_	_	
5-23	1715-1721	ornato	_	_	_	
5-24	1722-1724	do	_	_	_	
5-25	1725-1730	altar	_	_	_	
5-26	1730-1731	,	_	_	_	
5-27	1732-1733	e	_	_	_	
5-28	1734-1739	culto	_	_	_	
5-29	1740-1742	de	_	_	_	
5-30	1743-1746	uma	_	_	_	
5-31	1747-1753	imagem	_	_	_	
5-32	1754-1756	do	_	_	_	
5-33	1757-1763	Senhor	*[11]	PER\_DIV[11]	_	
5-34	1764-1769	morto	*[11]	PER\_DIV[11]	_	
5-35	1770-1781	vulgarmente	_	_	_	
5-36	1782-1789	chamada	_	_	_	
5-37	1790-1791	o	_	_	_	
5-38	1792-1798	Senhor	*[12]	PER\_DIV[12]	_	
5-39	1799-1801	do	*[12]	PER\_DIV[12]	_	
5-40	1802-1815	Descendimento	*[12]	PER\_DIV[12]	_	
5-41	1815-1816	;	_	_	_	
5-42	1817-1820	com	_	_	_	
5-43	1821-1822	a	_	_	_	
5-44	1823-1827	qual	_	_	_	
5-45	1828-1831	tem	_	_	_	
5-46	1832-1833	/	_	_	_	
5-47	1833-1834	p	_	_	Page[31]	
5-48	1834-1835	.	_	_	Page[31]	
5-49	1836-1840	1666	_	_	Page[31]	
5-50	1840-1841	/	_	_	_	
5-51	1842-1846	este	_	_	_	
5-52	1847-1851	povo	_	_	_	
5-53	1852-1855	uma	_	_	_	
5-54	1856-1870	extraordinária	_	_	_	
5-55	1871-1873	fé	_	_	_	
5-56	1873-1874	,	_	_	_	
5-57	1875-1876	e	_	_	_	
5-58	1877-1884	devoção	_	_	_	
5-59	1884-1885	:	_	_	_	
5-60	1886-1893	segunda	_	_	_	
5-61	1894-1897	das	*[13]	ORG[13]	_	
5-62	1898-1903	Almas	*[13]	ORG[13]	_	
5-63	1903-1904	,	_	_	_	
5-64	1905-1908	que	_	_	_	
5-65	1909-1917	floresce	_	_	_	
5-66	1918-1923	muito	_	_	_	
5-67	1924-1928	pela	_	_	_	
5-68	1929-1935	grande	_	_	_	
5-69	1936-1943	piedade	_	_	_	
5-70	1943-1944	,	_	_	_	
5-71	1945-1946	e	_	_	_	
5-72	1947-1956	aplicação	_	_	_	
5-73	1957-1960	dos	_	_	_	
5-74	1961-1967	irmãos	_	_	_	
5-75	1967-1968	,	_	_	_	
5-76	1969-1972	que	_	_	_	
5-77	1973-1984	administram	_	_	_	
5-78	1985-1987	os	_	_	_	
5-79	1988-1992	seus	_	_	_	
5-80	1993-1997	bens	_	_	_	
5-81	1998-2009	conservando	_	_	_	
5-82	2010-2014	oito	_	_	_	
5-83	2015-2023	capelães	_	_	_	
5-84	2024-2027	com	_	_	_	
5-85	2028-2033	missa	_	_	_	
5-86	2034-2044	quotidiana	_	_	_	
5-87	2045-2046	e	_	_	_	
5-88	2047-2052	tendo	_	_	_	
5-89	2053-2054	a	_	_	_	
5-90	2055-2058	sua	_	_	_	
5-91	2059-2068	sacristia	_	_	_	
5-92	2069-2074	muito	_	_	_	
5-93	2075-2078	bem	_	_	_	
5-94	2079-2086	provida	_	_	_	
5-95	2087-2089	de	_	_	_	
5-96	2090-2096	pratas	_	_	_	
5-97	2097-2098	e	_	_	_	
5-98	2099-2109	ornamentos	_	_	_	
5-99	2109-2110	:	_	_	_	
5-100	2111-2113	3ª	_	_	_	
5-101	2114-2116	da	_	_	_	
5-102	2117-2124	Senhora	*[14]	ORG[14]	_	
5-103	2125-2127	do	*[14]	ORG[14]	_	
5-104	2128-2135	Rosário	*[14]	ORG[14]	_	
5-105	2135-2136	;	_	_	_	
5-106	2137-2140	que	_	_	_	
5-107	2141-2144	não	_	_	_	
5-108	2145-2148	tem	_	_	_	
5-109	2149-2154	cousa	_	_	_	
5-110	2154-2155	,	_	_	_	
5-111	2156-2159	que	_	_	_	
5-112	2160-2166	mereça	_	_	_	
5-113	2167-2177	particular	_	_	_	
5-114	2178-2185	memória	_	_	_	
5-115	2185-2186	.	_	_	_	

#Text=A Casa da Misericórdia é das mais antigas deste Reino, e se entende a erigiram os Sereníssimos Duques de Bragança, que serviam de provedores, enquanto residiram nesta vila e ainda hoje os provedores, e escrivães não são feitos por votos da irmandade, mas ela propõem três para cada um dos dois cargos, e Sua Majestade escolhe qual lhe parece, particularidade que não consta tenha outra alguma misericórdia.
6-1	2194-2195	A	_	_	_	
6-2	2196-2200	Casa	*[15]	ORG[15]	_	
6-3	2201-2203	da	*[15]	ORG[15]	_	
6-4	2204-2216	Misericórdia	*[15]	ORG[15]	_	
6-5	2217-2218	é	_	_	_	
6-6	2219-2222	das	_	_	_	
6-7	2223-2227	mais	_	_	_	
6-8	2228-2235	antigas	_	_	_	
6-9	2236-2241	deste	_	_	_	
6-10	2242-2247	Reino	_	_	_	
6-11	2247-2248	,	_	_	_	
6-12	2249-2250	e	_	_	_	
6-13	2251-2253	se	_	_	_	
6-14	2254-2261	entende	_	_	_	
6-15	2262-2263	a	_	_	_	
6-16	2264-2272	erigiram	_	_	_	
6-17	2273-2275	os	_	_	_	
6-18	2276-2288	Sereníssimos	_	_	_	
6-19	2289-2295	Duques	*[16]	PER\_PGRP[16]	_	
6-20	2296-2298	de	*[16]	PER\_PGRP[16]	_	
6-21	2299-2307	Bragança	*[16]	PER\_PGRP[16]	_	
6-22	2307-2308	,	_	_	_	
6-23	2309-2312	que	_	_	_	
6-24	2313-2320	serviam	_	_	_	
6-25	2321-2323	de	_	_	_	
6-26	2324-2334	provedores	_	_	_	
6-27	2334-2335	,	_	_	_	
6-28	2336-2344	enquanto	_	_	_	
6-29	2345-2354	residiram	_	_	_	
6-30	2355-2360	nesta	_	_	_	
6-31	2361-2365	vila	_	_	_	
6-32	2366-2367	e	_	_	_	
6-33	2368-2373	ainda	_	_	_	
6-34	2374-2378	hoje	_	_	_	
6-35	2379-2381	os	_	_	_	
6-36	2382-2392	provedores	_	_	_	
6-37	2392-2393	,	_	_	_	
6-38	2394-2395	e	_	_	_	
6-39	2396-2405	escrivães	_	_	_	
6-40	2406-2409	não	_	_	_	
6-41	2410-2413	são	_	_	_	
6-42	2414-2420	feitos	_	_	_	
6-43	2421-2424	por	_	_	_	
6-44	2425-2430	votos	_	_	_	
6-45	2431-2433	da	_	_	_	
6-46	2434-2443	irmandade	_	_	_	
6-47	2443-2444	,	_	_	_	
6-48	2445-2448	mas	_	_	_	
6-49	2449-2452	ela	_	_	_	
6-50	2453-2460	propõem	_	_	_	
6-51	2461-2465	três	_	_	_	
6-52	2466-2470	para	_	_	_	
6-53	2471-2475	cada	_	_	_	
6-54	2476-2478	um	_	_	_	
6-55	2479-2482	dos	_	_	_	
6-56	2483-2487	dois	_	_	_	
6-57	2488-2494	cargos	_	_	_	
6-58	2494-2495	,	_	_	_	
6-59	2496-2497	e	_	_	_	
6-60	2498-2501	Sua	*[17]	PER\_NAM[17]	_	
6-61	2502-2511	Majestade	*[17]	PER\_NAM[17]	_	
6-62	2512-2519	escolhe	_	_	_	
6-63	2520-2524	qual	_	_	_	
6-64	2525-2528	lhe	_	_	_	
6-65	2529-2535	parece	_	_	_	
6-66	2535-2536	,	_	_	_	
6-67	2537-2552	particularidade	_	_	_	
6-68	2553-2556	que	_	_	_	
6-69	2557-2560	não	_	_	_	
6-70	2561-2567	consta	_	_	_	
6-71	2568-2573	tenha	_	_	_	
6-72	2574-2579	outra	_	_	_	
6-73	2580-2586	alguma	_	_	_	
6-74	2587-2599	misericórdia	_	_	_	
6-75	2599-2600	.	_	_	_	

#Text=Tem de renda 444$667 réis; e assim é a mais pobre de todas as circunvizinhas.
7-1	2601-2604	Tem	_	_	_	
7-2	2605-2607	de	_	_	_	
7-3	2608-2613	renda	_	_	_	
7-4	2614-2617	444	_	_	_	
7-5	2617-2621	$667	_	_	_	
7-6	2622-2626	réis	_	_	_	
7-7	2626-2627	;	_	_	_	
7-8	2628-2629	e	_	_	_	
7-9	2630-2635	assim	_	_	_	
7-10	2636-2637	é	_	_	_	
7-11	2638-2639	a	_	_	_	
7-12	2640-2644	mais	_	_	_	
7-13	2645-2650	pobre	_	_	_	
7-14	2651-2653	de	_	_	_	
7-15	2654-2659	todas	_	_	_	
7-16	2660-2662	as	_	_	_	
7-17	2663-2677	circunvizinhas	_	_	_	
7-18	2677-2678	.	_	_	_	

#Text=Nesta casa erigiu a piedade dos Sereníssimos Duques de Bragança um hospital para curar o mal venéreo nas duas estações de Primavera e Outono, dotando-o para este efeito com liberalidade própria de tão grandes príncipes; pois lhe consignando em cada um ano 406$070 réis sete moios e meio de trigo, e vinte quatro alqueires de azeite, tudo pago no almoxarifado desta vila vindo todas estas adições nas folhas, e sendo cobradas por conhecimento do escrivão da mesa.
8-1	2679-2684	Nesta	_	_	_	
8-2	2685-2689	casa	_	_	_	
8-3	2690-2696	erigiu	_	_	_	
8-4	2697-2698	a	_	_	_	
8-5	2699-2706	piedade	_	_	_	
8-6	2707-2710	dos	_	_	_	
8-7	2711-2723	Sereníssimos	_	_	_	
8-8	2724-2730	Duques	*[18]	PER\_PGRP[18]	_	
8-9	2731-2733	de	*[18]	PER\_PGRP[18]	_	
8-10	2734-2742	Bragança	*[18]	PER\_PGRP[18]	_	
8-11	2743-2745	um	_	_	_	
8-12	2746-2754	hospital	_	_	_	
8-13	2755-2759	para	_	_	_	
8-14	2760-2765	curar	_	_	_	
8-15	2766-2767	o	_	_	_	
8-16	2768-2771	mal	_	_	_	
8-17	2772-2779	venéreo	_	_	_	
8-18	2780-2783	nas	_	_	_	
8-19	2784-2788	duas	_	_	_	
8-20	2789-2797	estações	_	_	_	
8-21	2798-2800	de	_	_	_	
8-22	2801-2810	Primavera	_	_	_	
8-23	2811-2812	e	_	_	_	
8-24	2813-2819	Outono	_	_	_	
8-25	2819-2820	,	_	_	_	
8-26	2821-2830	dotando-o	_	_	_	
8-27	2831-2835	para	_	_	_	
8-28	2836-2840	este	_	_	_	
8-29	2841-2847	efeito	_	_	_	
8-30	2848-2851	com	_	_	_	
8-31	2852-2864	liberalidade	_	_	_	
8-32	2865-2872	própria	_	_	_	
8-33	2873-2875	de	_	_	_	
8-34	2876-2879	tão	_	_	_	
8-35	2880-2887	grandes	_	_	_	
8-36	2888-2897	príncipes	_	_	_	
8-37	2897-2898	;	_	_	_	
8-38	2899-2903	pois	_	_	_	
8-39	2904-2907	lhe	_	_	_	
8-40	2908-2919	consignando	_	_	_	
8-41	2920-2922	em	_	_	_	
8-42	2923-2927	cada	_	_	_	
8-43	2928-2930	um	_	_	_	
8-44	2931-2934	ano	_	_	_	
8-45	2935-2938	406	_	_	_	
8-46	2938-2942	$070	_	_	_	
8-47	2943-2947	réis	_	_	_	
8-48	2948-2952	sete	_	_	_	
8-49	2953-2958	moios	_	_	_	
8-50	2959-2960	e	_	_	_	
8-51	2961-2965	meio	_	_	_	
8-52	2966-2968	de	_	_	_	
8-53	2969-2974	trigo	_	_	_	
8-54	2974-2975	,	_	_	_	
8-55	2976-2977	e	_	_	_	
8-56	2978-2983	vinte	_	_	_	
8-57	2984-2990	quatro	_	_	_	
8-58	2991-3000	alqueires	_	_	_	
8-59	3001-3003	de	_	_	_	
8-60	3004-3010	azeite	_	_	_	
8-61	3010-3011	,	_	_	_	
8-62	3012-3016	tudo	_	_	_	
8-63	3017-3021	pago	_	_	_	
8-64	3022-3024	no	_	_	_	
8-65	3025-3037	almoxarifado	_	_	_	
8-66	3038-3043	desta	_	_	_	
8-67	3044-3048	vila	_	_	_	
8-68	3049-3054	vindo	_	_	_	
8-69	3055-3060	todas	_	_	_	
8-70	3061-3066	estas	_	_	_	
8-71	3067-3074	adições	_	_	_	
8-72	3075-3078	nas	_	_	_	
8-73	3079-3085	folhas	_	_	_	
8-74	3085-3086	,	_	_	_	
8-75	3087-3088	e	_	_	_	
8-76	3089-3094	sendo	_	_	_	
8-77	3095-3103	cobradas	_	_	_	
8-78	3104-3107	por	_	_	_	
8-79	3108-3120	conhecimento	_	_	_	
8-80	3121-3123	do	_	_	_	
8-81	3124-3132	escrivão	_	_	_	
8-82	3133-3135	da	_	_	_	
8-83	3136-3140	mesa	_	_	_	
8-84	3140-3141	.	_	_	_	

#Text=Porém, depois do terramoto de 55 nunca mais vieram lançadas nas folhas do almoxarifado as ditas adições com motivo de se terem queimado no incêndio daquele fatal dia os títulos por onde se lançavam, suprimindo-se por esta falta as curas do dito mal, com grande prejuízo dos pobres, que morrem faltos de /p. 1667/ remédio, não havendo em toda esta província outro algum hospital, em que se façam semelhantes curas.
9-1	3149-3154	Porém	_	_	_	
9-2	3154-3155	,	_	_	_	
9-3	3156-3162	depois	_	_	_	
9-4	3163-3165	do	_	_	_	
9-5	3166-3175	terramoto	_	_	_	
9-6	3176-3178	de	_	_	_	
9-7	3179-3181	55	_	_	_	
9-8	3182-3187	nunca	_	_	_	
9-9	3188-3192	mais	_	_	_	
9-10	3193-3199	vieram	_	_	_	
9-11	3200-3208	lançadas	_	_	_	
9-12	3209-3212	nas	_	_	_	
9-13	3213-3219	folhas	_	_	_	
9-14	3220-3222	do	_	_	_	
9-15	3223-3235	almoxarifado	_	_	_	
9-16	3236-3238	as	_	_	_	
9-17	3239-3244	ditas	_	_	_	
9-18	3245-3252	adições	_	_	_	
9-19	3253-3256	com	_	_	_	
9-20	3257-3263	motivo	_	_	_	
9-21	3264-3266	de	_	_	_	
9-22	3267-3269	se	_	_	_	
9-23	3270-3275	terem	_	_	_	
9-24	3276-3284	queimado	_	_	_	
9-25	3285-3287	no	_	_	_	
9-26	3288-3296	incêndio	_	_	_	
9-27	3297-3304	daquele	_	_	_	
9-28	3305-3310	fatal	_	_	_	
9-29	3311-3314	dia	_	_	_	
9-30	3315-3317	os	_	_	_	
9-31	3318-3325	títulos	_	_	_	
9-32	3326-3329	por	_	_	_	
9-33	3330-3334	onde	_	_	_	
9-34	3335-3337	se	_	_	_	
9-35	3338-3346	lançavam	_	_	_	
9-36	3346-3347	,	_	_	_	
9-37	3348-3361	suprimindo-se	_	_	_	
9-38	3362-3365	por	_	_	_	
9-39	3366-3370	esta	_	_	_	
9-40	3371-3376	falta	_	_	_	
9-41	3377-3379	as	_	_	_	
9-42	3380-3385	curas	_	_	_	
9-43	3386-3388	do	_	_	_	
9-44	3389-3393	dito	_	_	_	
9-45	3394-3397	mal	_	_	_	
9-46	3397-3398	,	_	_	_	
9-47	3399-3402	com	_	_	_	
9-48	3403-3409	grande	_	_	_	
9-49	3410-3418	prejuízo	_	_	_	
9-50	3419-3422	dos	_	_	_	
9-51	3423-3429	pobres	_	_	_	
9-52	3429-3430	,	_	_	_	
9-53	3431-3434	que	_	_	_	
9-54	3435-3441	morrem	_	_	_	
9-55	3442-3448	faltos	_	_	_	
9-56	3449-3451	de	_	_	_	
9-57	3452-3453	/	_	_	_	
9-58	3453-3454	p	_	_	Page[32]	
9-59	3454-3455	.	_	_	Page[32]	
9-60	3456-3460	1667	_	_	Page[32]	
9-61	3460-3461	/	_	_	_	
9-62	3462-3469	remédio	_	_	_	
9-63	3469-3470	,	_	_	_	
9-64	3471-3474	não	_	_	_	
9-65	3475-3482	havendo	_	_	_	
9-66	3483-3485	em	_	_	_	
9-67	3486-3490	toda	_	_	_	
9-68	3491-3495	esta	_	_	_	
9-69	3496-3505	província	_	_	_	
9-70	3506-3511	outro	_	_	_	
9-71	3512-3517	algum	_	_	_	
9-72	3518-3526	hospital	_	_	_	
9-73	3526-3527	,	_	_	_	
9-74	3528-3530	em	_	_	_	
9-75	3531-3534	que	_	_	_	
9-76	3535-3537	se	_	_	_	
9-77	3538-3543	façam	_	_	_	
9-78	3544-3555	semelhantes	_	_	_	
9-79	3556-3561	curas	_	_	_	
9-80	3561-3562	.	_	_	_	

#Text=Há nesta freguesia dois conventos de religiosos, e dois de freiras, daqueles é um a casa professa da Companhia de JESUS, cuja comunidade se compõe de oito Sacerdotes, e dois leigos; e o outro é de São Paulo, que costuma ter 22 até 24 religiosos.
10-1	3570-3572	Há	_	_	_	
10-2	3573-3578	nesta	_	_	_	
10-3	3579-3588	freguesia	_	_	_	
10-4	3589-3593	dois	_	_	_	
10-5	3594-3603	conventos	_	_	_	
10-6	3604-3606	de	_	_	_	
10-7	3607-3617	religiosos	_	_	_	
10-8	3617-3618	,	_	_	_	
10-9	3619-3620	e	_	_	_	
10-10	3621-3625	dois	_	_	_	
10-11	3626-3628	de	_	_	_	
10-12	3629-3636	freiras	_	_	_	
10-13	3636-3637	,	_	_	_	
10-14	3638-3646	daqueles	_	_	_	
10-15	3647-3648	é	_	_	_	
10-16	3649-3651	um	_	_	_	
10-17	3652-3653	a	_	_	_	
10-18	3654-3658	casa	*[19]	ORG[19]	_	
10-19	3659-3667	professa	*[19]	ORG[19]	_	
10-20	3668-3670	da	*[19]	ORG[19]	_	
10-21	3671-3680	Companhia	*[19]	ORG[19]	_	
10-22	3681-3683	de	*[19]	ORG[19]	_	
10-23	3684-3689	JESUS	*[19]	ORG[19]	_	
10-24	3689-3690	,	_	_	_	
10-25	3691-3695	cuja	_	_	_	
10-26	3696-3706	comunidade	_	_	_	
10-27	3707-3709	se	_	_	_	
10-28	3710-3716	compõe	_	_	_	
10-29	3717-3719	de	_	_	_	
10-30	3720-3724	oito	_	_	_	
10-31	3725-3735	Sacerdotes	_	_	_	
10-32	3735-3736	,	_	_	_	
10-33	3737-3738	e	_	_	_	
10-34	3739-3743	dois	_	_	_	
10-35	3744-3750	leigos	_	_	_	
10-36	3750-3751	;	_	_	_	
10-37	3752-3753	e	_	_	_	
10-38	3754-3755	o	_	_	_	
10-39	3756-3761	outro	_	_	_	
10-40	3762-3763	é	_	_	_	
10-41	3764-3766	de	*[20]	ORG[20]	_	
10-42	3767-3770	São	*[20]	ORG[20]	_	
10-43	3771-3776	Paulo	*[20]	ORG[20]	_	
10-44	3776-3777	,	_	_	_	
10-45	3778-3781	que	_	_	_	
10-46	3782-3789	costuma	_	_	_	
10-47	3790-3793	ter	_	_	_	
10-48	3794-3796	22	_	_	_	
10-49	3797-3800	até	_	_	_	
10-50	3801-3803	24	_	_	_	
10-51	3804-3814	religiosos	_	_	_	
10-52	3814-3815	.	_	_	_	

#Text=De freiras é o primeiro o das Chagas do instituto do Patriarca São Francisco que tem número certo de 60, e o de Santa Cruz, que professa a regra de Santo Agostinho, que não tem número certo de religiosas; e ao presente se compõem de oitenta, e tantas.
11-1	3816-3818	De	_	_	_	
11-2	3819-3826	freiras	_	_	_	
11-3	3827-3828	é	_	_	_	
11-4	3829-3830	o	_	_	_	
11-5	3831-3839	primeiro	_	_	_	
11-6	3840-3841	o	_	_	_	
11-7	3842-3845	das	*[21]	ORG[21]	_	
11-8	3846-3852	Chagas	*[21]	ORG[21]	_	
11-9	3853-3855	do	*[21]	ORG[21]	_	
11-10	3856-3865	instituto	*[21]	ORG[21]	_	
11-11	3866-3868	do	*[21]	ORG[21]	_	
11-12	3869-3878	Patriarca	*[21]	ORG[21]	_	
11-13	3879-3882	São	*[21]	ORG[21]	_	
11-14	3883-3892	Francisco	*[21]	ORG[21]	_	
11-15	3893-3896	que	_	_	_	
11-16	3897-3900	tem	_	_	_	
11-17	3901-3907	número	_	_	_	
11-18	3908-3913	certo	_	_	_	
11-19	3914-3916	de	_	_	_	
11-20	3917-3919	60	_	_	_	
11-21	3919-3920	,	_	_	_	
11-22	3921-3922	e	_	_	_	
11-23	3923-3924	o	_	_	_	
11-24	3925-3927	de	*[22]	ORG[22]	_	
11-25	3928-3933	Santa	*[22]	ORG[22]	_	
11-26	3934-3938	Cruz	*[22]	ORG[22]	_	
11-27	3938-3939	,	_	_	_	
11-28	3940-3943	que	_	_	_	
11-29	3944-3952	professa	_	_	_	
11-30	3953-3954	a	_	_	_	
11-31	3955-3960	regra	_	_	_	
11-32	3961-3963	de	_	_	_	
11-33	3964-3969	Santo	*[23]	PER\_SAINT[23]	_	
11-34	3970-3979	Agostinho	*[23]	PER\_SAINT[23]	_	
11-35	3979-3980	,	_	_	_	
11-36	3981-3984	que	_	_	_	
11-37	3985-3988	não	_	_	_	
11-38	3989-3992	tem	_	_	_	
11-39	3993-3999	número	_	_	_	
11-40	4000-4005	certo	_	_	_	
11-41	4006-4008	de	_	_	_	
11-42	4009-4019	religiosas	_	_	_	
11-43	4019-4020	;	_	_	_	
11-44	4021-4022	e	_	_	_	
11-45	4023-4025	ao	_	_	_	
11-46	4026-4034	presente	_	_	_	
11-47	4035-4037	se	_	_	_	
11-48	4038-4045	compõem	_	_	_	
11-49	4046-4048	de	_	_	_	
11-50	4049-4056	oitenta	_	_	_	
11-51	4056-4057	,	_	_	_	
11-52	4058-4059	e	_	_	_	
11-53	4060-4066	tantas	_	_	_	
11-54	4066-4067	.	_	_	_	

#Text=Os três primeiros conventos têm por padroeiros os Sereníssimos Duques de Bragança e só o de Santa Cruz é, que não tem padroeiro algum.
12-1	4068-4070	Os	_	_	_	
12-2	4071-4075	três	_	_	_	
12-3	4076-4085	primeiros	_	_	_	
12-4	4086-4095	conventos	_	_	_	
12-5	4096-4099	têm	_	_	_	
12-6	4100-4103	por	_	_	_	
12-7	4104-4114	padroeiros	_	_	_	
12-8	4115-4117	os	_	_	_	
12-9	4118-4130	Sereníssimos	_	_	_	
12-10	4131-4137	Duques	*[24]	PER\_PGRP[24]	_	
12-11	4138-4140	de	*[24]	PER\_PGRP[24]	_	
12-12	4141-4149	Bragança	*[24]	PER\_PGRP[24]	_	
12-13	4150-4151	e	_	_	_	
12-14	4152-4154	só	_	_	_	
12-15	4155-4156	o	_	_	_	
12-16	4157-4159	de	*[25]	ORG[25]	_	
12-17	4160-4165	Santa	*[25]	ORG[25]	_	
12-18	4166-4170	Cruz	*[25]	ORG[25]	_	
12-19	4171-4172	é	_	_	_	
12-20	4172-4173	,	_	_	_	
12-21	4174-4177	que	_	_	_	
12-22	4178-4181	não	_	_	_	
12-23	4182-4185	tem	_	_	_	
12-24	4186-4195	padroeiro	_	_	_	
12-25	4196-4201	algum	_	_	_	
12-26	4201-4202	.	_	_	_	

#Text=É o que se me oferece dizer a Vossa Excelência.
13-1	4203-4204	É	_	_	_	
13-2	4205-4206	o	_	_	_	
13-3	4207-4210	que	_	_	_	
13-4	4211-4213	se	_	_	_	
13-5	4214-4216	me	_	_	_	
13-6	4217-4224	oferece	_	_	_	
13-7	4225-4230	dizer	_	_	_	
13-8	4231-4232	a	_	_	_	
13-9	4233-4238	Vossa	_	_	_	
13-10	4239-4249	Excelência	_	_	_	
13-11	4249-4250	.	_	_	_	

#Text=Vila Viçosa em 20 de Abril de 1758.
14-1	4251-4255	Vila	*[26]	PLC\_GPE[26]	_	
14-2	4256-4262	Viçosa	*[26]	PLC\_GPE[26]	_	
14-3	4263-4265	em	_	_	_	
14-4	4266-4268	20	*[27]	TIM\_CRON[27]	_	
14-5	4269-4271	de	*[27]	TIM\_CRON[27]	_	
14-6	4272-4277	Abril	*[27]	TIM\_CRON[27]	_	
14-7	4278-4280	de	*[27]	TIM\_CRON[27]	_	
14-8	4281-4285	1758	*[27]	TIM\_CRON[27]	_	
14-9	4285-4286	.	_	_	_	

#Text=[Prior] da freguesia de São Bartolomeo de Vila Viçosa  \r
#Text=Frei António Xavier do Vale [assinatura autógrafa]//\r
#Text=\r
#Text=/p. 1668/\r
#Text=[Em branco]//”\r
#Text=\r
#Text=Transcrição: Francisco Segurado\r
#Text=Revisão: Fernanda Olival
15-1	4295-4296	[	*[28]	PER\_NAM[28]	_	
15-2	4296-4301	Prior	*[28]	PER\_NAM[28]	_	
15-3	4301-4302	]	*[28]	PER\_NAM[28]	_	
15-4	4303-4305	da	*[28]	PER\_NAM[28]	_	
15-5	4306-4315	freguesia	*[28]	PER\_NAM[28]	_	
15-6	4316-4318	de	*[28]	PER\_NAM[28]	_	
15-7	4319-4322	São	*[28]	PER\_NAM[28]	_	
15-8	4323-4333	Bartolomeo	*[28]	PER\_NAM[28]	_	
15-9	4334-4336	de	*[28]	PER\_NAM[28]	_	
15-10	4337-4341	Vila	*[28]	PER\_NAM[28]	_	
15-11	4342-4348	Viçosa	*[28]	PER\_NAM[28]	_	
15-12	4352-4356	Frei	*[28]	PER\_NAM[28]	_	
15-13	4357-4364	António	*[28]	PER\_NAM[28]	_	
15-14	4365-4371	Xavier	*[28]	PER\_NAM[28]	_	
15-15	4372-4374	do	*[28]	PER\_NAM[28]	_	
15-16	4375-4379	Vale	*[28]	PER\_NAM[28]	_	
15-17	4380-4381	[	_	_	_	
15-18	4381-4391	assinatura	_	_	Comments[33]	
15-19	4392-4401	autógrafa	_	_	Comments[33]	
15-20	4401-4402	]	_	_	_	
15-21	4402-4403	/	_	_	_	
15-22	4403-4404	/	_	_	_	
15-23	4408-4409	/	_	_	Page[34]	
15-24	4409-4410	p	_	_	Page[34]	
15-25	4410-4411	.	_	_	Page[34]	
15-26	4412-4416	1668	_	_	Page[34]	
15-27	4416-4417	/	_	_	Page[34]	
15-28	4419-4420	[	_	_	_	
15-29	4420-4422	Em	_	_	Comments[35]	
15-30	4423-4429	branco	_	_	Comments[35]	
15-31	4429-4430	]	_	_	_	
15-32	4430-4431	/	_	_	_	
15-33	4431-4432	/	_	_	_	
15-34	4432-4433	”	_	_	_	
15-35	4437-4448	Transcrição	_	_	Transcriptor[36]	
15-36	4448-4449	:	_	_	Transcriptor[36]	
15-37	4450-4459	Francisco	_	_	Transcriptor[36]	
15-38	4460-4468	Segurado	_	_	Transcriptor[36]	
15-39	4470-4477	Revisão	_	_	Reviewer[37]	
15-40	4477-4478	:	_	_	Reviewer[37]	
15-41	4479-4487	Fernanda	_	_	Reviewer[37]	
15-42	4488-4494	Olival	_	_	Reviewer[37]	
