﻿file_name;entity;category_entity;entity_cardinal;ent_concat;text_concat
Beja_SantaCatarinaDeSelmes.modernizada;*;PLC\_GPE;29;Beja;#Text=Ao interrogatório décimo sexto respondo que tem juiz da vintena, e está sujeita as justiças de Beja. #Text=Ao interrogatório vigésimo primeiro: respondo que dista da cidade de Évora capital do bispado oito léguas, e de Lisboa vinte e duas. #Text=Selmes 5 de junho de 1758\r#Text=O Cura Alexandre José de Moura Coutinho [assinatura autógrafa]//\r#Text=\r#Text=/p. 888/\r#Text=Freguesia de Santa Catarina de Selmes\r#Text=Termo de Beja//”\r#Text=\r#Text=Transcrição: Ofélia Sequeira
Beja_SantaCatarinaDeSelmes.modernizada;*;PLC\_GPE;32;Lisboa;#Text=Ao interrogatório décimo sexto respondo que tem juiz da vintena, e está sujeita as justiças de Beja. #Text=Ao interrogatório vigésimo primeiro: respondo que dista da cidade de Évora capital do bispado oito léguas, e de Lisboa vinte e duas. #Text=Selmes 5 de junho de 1758\r#Text=O Cura Alexandre José de Moura Coutinho [assinatura autógrafa]//\r#Text=\r#Text=/p. 888/\r#Text=Freguesia de Santa Catarina de Selmes\r#Text=Termo de Beja//”\r#Text=\r#Text=Transcrição: Ofélia Sequeira
Beja_SantaCatarinaDeSelmes.modernizada;*;PLC\_GPE;34;Selmes;#Text=Ao interrogatório décimo sexto respondo que tem juiz da vintena, e está sujeita as justiças de Beja. #Text=Ao interrogatório vigésimo primeiro: respondo que dista da cidade de Évora capital do bispado oito léguas, e de Lisboa vinte e duas. #Text=Selmes 5 de junho de 1758\r#Text=O Cura Alexandre José de Moura Coutinho [assinatura autógrafa]//\r#Text=\r#Text=/p. 888/\r#Text=Freguesia de Santa Catarina de Selmes\r#Text=Termo de Beja//”\r#Text=\r#Text=Transcrição: Ofélia Sequeira
Beja_SantaCatarinaDeSelmes.modernizada;*[10];PLC\_LOC[10];8;aldeia de Alcaria;"#Text=Ao quarto interrogatório: respondo; que a dita aldeia está situada, parte em planície, e parte em pequenos montes, o de ela senão descobre outra povoação mais, que aldeia de Alcaria na distância de uma légua."
Beja_SantaCatarinaDeSelmes.modernizada;*[11];PLC\_GPE[11];9;cidade de Beja;"#Text=Ao quinto interrogatório: respondo; que não tem termo seu porque o é da cidade de Beja."
Beja_SantaCatarinaDeSelmes.modernizada;*[12];PLC\_LOC[12];10;aldeia a que chamam Alcaria;"#Text=Ao sexto: respondo; que a paróquia está fora da aldeia//\r#Text=\r#Text=/p. 886/\r#Text=mas imediata a ela; a freguesia tem outra aldeia a que chamam Alcaria de que há pouco fiz menção; esta se divide em duas povoações que compreendem trinta, e nove vizinhos, e cento, e dezassete pedras de sacramento."
Beja_SantaCatarinaDeSelmes.modernizada;*[13];PLC\_LOC[13];11;aldeia de Selmes;"#Text=Ao sétimo interrogatório: respondo, que o orago da igreja desta aldeia de Selmes é de Santa Catarina virgem e mártir: tem uma só nave e cinco altares; no maior está o Santíssimo Sacramento, Nossa Senhora do Carmo, e Santa Catarina; os mais, um é do Senhor dos Passos, outro das Almas, outro de Nossa Senhora, do Rosário, outro de Nossa Senhora das Candeias; tem quatro irmandades, a do Santíssimo Sacramento, e do Senhor dos Passos, e do Rosário e o das Almas."
Beja_SantaCatarinaDeSelmes.modernizada;*[14];PER\_SAINT[14];12;Santa Catarina;"#Text=Ao sétimo interrogatório: respondo, que o orago da igreja desta aldeia de Selmes é de Santa Catarina virgem e mártir: tem uma só nave e cinco altares; no maior está o Santíssimo Sacramento, Nossa Senhora do Carmo, e Santa Catarina; os mais, um é do Senhor dos Passos, outro das Almas, outro de Nossa Senhora, do Rosário, outro de Nossa Senhora das Candeias; tem quatro irmandades, a do Santíssimo Sacramento, e do Senhor dos Passos, e do Rosário e o das Almas."
Beja_SantaCatarinaDeSelmes.modernizada;*[15];PER\_DIV[15];13;Santíssimo Sacramento;"#Text=Ao sétimo interrogatório: respondo, que o orago da igreja desta aldeia de Selmes é de Santa Catarina virgem e mártir: tem uma só nave e cinco altares; no maior está o Santíssimo Sacramento, Nossa Senhora do Carmo, e Santa Catarina; os mais, um é do Senhor dos Passos, outro das Almas, outro de Nossa Senhora, do Rosário, outro de Nossa Senhora das Candeias; tem quatro irmandades, a do Santíssimo Sacramento, e do Senhor dos Passos, e do Rosário e o das Almas."
Beja_SantaCatarinaDeSelmes.modernizada;*[16];PER\_SAINT[16];14;Nossa Senhora do Carmo;"#Text=Ao sétimo interrogatório: respondo, que o orago da igreja desta aldeia de Selmes é de Santa Catarina virgem e mártir: tem uma só nave e cinco altares; no maior está o Santíssimo Sacramento, Nossa Senhora do Carmo, e Santa Catarina; os mais, um é do Senhor dos Passos, outro das Almas, outro de Nossa Senhora, do Rosário, outro de Nossa Senhora das Candeias; tem quatro irmandades, a do Santíssimo Sacramento, e do Senhor dos Passos, e do Rosário e o das Almas."
Beja_SantaCatarinaDeSelmes.modernizada;*[17];PER\_SAINT[17];15;Santa Catarina;"#Text=Ao sétimo interrogatório: respondo, que o orago da igreja desta aldeia de Selmes é de Santa Catarina virgem e mártir: tem uma só nave e cinco altares; no maior está o Santíssimo Sacramento, Nossa Senhora do Carmo, e Santa Catarina; os mais, um é do Senhor dos Passos, outro das Almas, outro de Nossa Senhora, do Rosário, outro de Nossa Senhora das Candeias; tem quatro irmandades, a do Santíssimo Sacramento, e do Senhor dos Passos, e do Rosário e o das Almas."
Beja_SantaCatarinaDeSelmes.modernizada;*[18];PER\_DIV[18];16;Senhor dos Passos;"#Text=Ao sétimo interrogatório: respondo, que o orago da igreja desta aldeia de Selmes é de Santa Catarina virgem e mártir: tem uma só nave e cinco altares; no maior está o Santíssimo Sacramento, Nossa Senhora do Carmo, e Santa Catarina; os mais, um é do Senhor dos Passos, outro das Almas, outro de Nossa Senhora, do Rosário, outro de Nossa Senhora das Candeias; tem quatro irmandades, a do Santíssimo Sacramento, e do Senhor dos Passos, e do Rosário e o das Almas."
Beja_SantaCatarinaDeSelmes.modernizada;*[19];PER\_PGRP[19];17;das Almas;"#Text=Ao sétimo interrogatório: respondo, que o orago da igreja desta aldeia de Selmes é de Santa Catarina virgem e mártir: tem uma só nave e cinco altares; no maior está o Santíssimo Sacramento, Nossa Senhora do Carmo, e Santa Catarina; os mais, um é do Senhor dos Passos, outro das Almas, outro de Nossa Senhora, do Rosário, outro de Nossa Senhora das Candeias; tem quatro irmandades, a do Santíssimo Sacramento, e do Senhor dos Passos, e do Rosário e o das Almas."
Beja_SantaCatarinaDeSelmes.modernizada;*[1];PLC\_GPE[1];1;Selmes , termo Beja;#Text=Santa Catarina de Selmes, 1758, 5 de Junho\r#Text=Memória Paroquial de Santa Catarina de Selmes, Comarca de Beja\r#Text=[ANTT, Memórias Paroquiais, vol. 34, nº 117, p. 885 a 888]\r#Text=\r#Text=\r#Text=“/p. 885/\r#Text=Selmes, termo Beja\r#Text=Resposta aos interrogatórios, que se me fizeram por ordem do muito reverendíssimo ilustríssimo Dom Vigário Geral da cidade de Beja para dar conta do que neles se contém a respeito desta aldeia de Selmes.
Beja_SantaCatarinaDeSelmes.modernizada;*[20];PER\_SAINT[20];18;Nossa Senhora , do Rosário;"#Text=Ao sétimo interrogatório: respondo, que o orago da igreja desta aldeia de Selmes é de Santa Catarina virgem e mártir: tem uma só nave e cinco altares; no maior está o Santíssimo Sacramento, Nossa Senhora do Carmo, e Santa Catarina; os mais, um é do Senhor dos Passos, outro das Almas, outro de Nossa Senhora, do Rosário, outro de Nossa Senhora das Candeias; tem quatro irmandades, a do Santíssimo Sacramento, e do Senhor dos Passos, e do Rosário e o das Almas."
Beja_SantaCatarinaDeSelmes.modernizada;*[21];PER\_SAINT[21];19;Nossa Senhora das Candeias;"#Text=Ao sétimo interrogatório: respondo, que o orago da igreja desta aldeia de Selmes é de Santa Catarina virgem e mártir: tem uma só nave e cinco altares; no maior está o Santíssimo Sacramento, Nossa Senhora do Carmo, e Santa Catarina; os mais, um é do Senhor dos Passos, outro das Almas, outro de Nossa Senhora, do Rosário, outro de Nossa Senhora das Candeias; tem quatro irmandades, a do Santíssimo Sacramento, e do Senhor dos Passos, e do Rosário e o das Almas."
Beja_SantaCatarinaDeSelmes.modernizada;*[22];ORG[22];20;Santíssimo Sacramento;"#Text=Ao sétimo interrogatório: respondo, que o orago da igreja desta aldeia de Selmes é de Santa Catarina virgem e mártir: tem uma só nave e cinco altares; no maior está o Santíssimo Sacramento, Nossa Senhora do Carmo, e Santa Catarina; os mais, um é do Senhor dos Passos, outro das Almas, outro de Nossa Senhora, do Rosário, outro de Nossa Senhora das Candeias; tem quatro irmandades, a do Santíssimo Sacramento, e do Senhor dos Passos, e do Rosário e o das Almas."
Beja_SantaCatarinaDeSelmes.modernizada;*[23];ORG[23];21;Senhor dos Passos;"#Text=Ao sétimo interrogatório: respondo, que o orago da igreja desta aldeia de Selmes é de Santa Catarina virgem e mártir: tem uma só nave e cinco altares; no maior está o Santíssimo Sacramento, Nossa Senhora do Carmo, e Santa Catarina; os mais, um é do Senhor dos Passos, outro das Almas, outro de Nossa Senhora, do Rosário, outro de Nossa Senhora das Candeias; tem quatro irmandades, a do Santíssimo Sacramento, e do Senhor dos Passos, e do Rosário e o das Almas."
Beja_SantaCatarinaDeSelmes.modernizada;*[24];ORG[24];22;do Rosário;"#Text=Ao sétimo interrogatório: respondo, que o orago da igreja desta aldeia de Selmes é de Santa Catarina virgem e mártir: tem uma só nave e cinco altares; no maior está o Santíssimo Sacramento, Nossa Senhora do Carmo, e Santa Catarina; os mais, um é do Senhor dos Passos, outro das Almas, outro de Nossa Senhora, do Rosário, outro de Nossa Senhora das Candeias; tem quatro irmandades, a do Santíssimo Sacramento, e do Senhor dos Passos, e do Rosário e o das Almas."
Beja_SantaCatarinaDeSelmes.modernizada;*[25];ORG[25];23;das Almas;"#Text=Ao sétimo interrogatório: respondo, que o orago da igreja desta aldeia de Selmes é de Santa Catarina virgem e mártir: tem uma só nave e cinco altares; no maior está o Santíssimo Sacramento, Nossa Senhora do Carmo, e Santa Catarina; os mais, um é do Senhor dos Passos, outro das Almas, outro de Nossa Senhora, do Rosário, outro de Nossa Senhora das Candeias; tem quatro irmandades, a do Santíssimo Sacramento, e do Senhor dos Passos, e do Rosário e o das Almas."
Beja_SantaCatarinaDeSelmes.modernizada;*[26];PER\_OCC[26];24;Arcebispo de Évora;"#Text=Ao oitavo interrogatório: respondo; que o pároco é cura, e apresentação do Excelentíssimo Senhor Arcebispo de Évora; tem de renda quatro moios menos dez alqueires de trigo, cinco mil reis para casas, oito arráteis de cera branca e três pouco mais ou menos de cera amarela para a missa do pároco, e dos hóspedes; isto é do próprio e do contingente poderá render de sessenta ate setenta mil reis."
Beja_SantaCatarinaDeSelmes.modernizada;*[27];PLC\_FAC[27];25;do Espírito Santo;"#Text=Ao interrogatório décimo terceiro: respondo; que tem a freguesia três ermidas sufragâneas uma do Espírito Santo dentro desta aldeia de Selmes, outra de São João Baptista quase fora dela, e outra de Nossa Senhora das Neves em distancia de meia légua.//\r#Text=\r#Text=/p. 887/\r#Text=Ao interrogatório décimo quinto: respondo; que os frutos da terra, que em maior abundância se recolhem, são trigo, cevada, azeite, e algum vinho."
Beja_SantaCatarinaDeSelmes.modernizada;*[28];PLC\_LOC[28];26;aldeia de Selmes;"#Text=Ao interrogatório décimo terceiro: respondo; que tem a freguesia três ermidas sufragâneas uma do Espírito Santo dentro desta aldeia de Selmes, outra de São João Baptista quase fora dela, e outra de Nossa Senhora das Neves em distancia de meia légua.//\r#Text=\r#Text=/p. 887/\r#Text=Ao interrogatório décimo quinto: respondo; que os frutos da terra, que em maior abundância se recolhem, são trigo, cevada, azeite, e algum vinho."
Beja_SantaCatarinaDeSelmes.modernizada;*[29];PLC\_FAC[29];27;São João Baptista;"#Text=Ao interrogatório décimo terceiro: respondo; que tem a freguesia três ermidas sufragâneas uma do Espírito Santo dentro desta aldeia de Selmes, outra de São João Baptista quase fora dela, e outra de Nossa Senhora das Neves em distancia de meia légua.//\r#Text=\r#Text=/p. 887/\r#Text=Ao interrogatório décimo quinto: respondo; que os frutos da terra, que em maior abundância se recolhem, são trigo, cevada, azeite, e algum vinho."
Beja_SantaCatarinaDeSelmes.modernizada;*[2];PER\_OCC[2];2;Dom Vigário Geral da cidade de Beja;#Text=Santa Catarina de Selmes, 1758, 5 de Junho\r#Text=Memória Paroquial de Santa Catarina de Selmes, Comarca de Beja\r#Text=[ANTT, Memórias Paroquiais, vol. 34, nº 117, p. 885 a 888]\r#Text=\r#Text=\r#Text=“/p. 885/\r#Text=Selmes, termo Beja\r#Text=Resposta aos interrogatórios, que se me fizeram por ordem do muito reverendíssimo ilustríssimo Dom Vigário Geral da cidade de Beja para dar conta do que neles se contém a respeito desta aldeia de Selmes.
Beja_SantaCatarinaDeSelmes.modernizada;*[30];PLC\_FAC[30];28;Nossa Senhora das Neves;"#Text=Ao interrogatório décimo terceiro: respondo; que tem a freguesia três ermidas sufragâneas uma do Espírito Santo dentro desta aldeia de Selmes, outra de São João Baptista quase fora dela, e outra de Nossa Senhora das Neves em distancia de meia légua.//\r#Text=\r#Text=/p. 887/\r#Text=Ao interrogatório décimo quinto: respondo; que os frutos da terra, que em maior abundância se recolhem, são trigo, cevada, azeite, e algum vinho."
Beja_SantaCatarinaDeSelmes.modernizada;*[31];PLC\_GPE[31];30;vila da Vidigueira;"#Text=Ao interrogatório vigésimo: respondo; que não tem correio, e se serve do da vila da Vidigueira, que dista uma légua."
Beja_SantaCatarinaDeSelmes.modernizada;*[32];PLC\_GPE[32];31;cidade de Évora;#Text=Ao interrogatório vigésimo primeiro: respondo que dista da cidade de Évora capital do bispado oito léguas, e de Lisboa vinte e duas.
Beja_SantaCatarinaDeSelmes.modernizada;*[33];TIM\_CRON[33];33;mil , e setecentos , e cinquenta e cinco;"#Text=Ao interrogatório vigésimo sexto: respondo; que a paróquia padeceu alguma ruína com o terremoto do ano de mil, e setecentos, e cinquenta e cinco: abrindo-se uma racha na parede do frontispício, e a abóbada do coro tão bem ficou arruinada e tudo está ainda sem reparo."
Beja_SantaCatarinaDeSelmes.modernizada;*[34];TIM\_CRON[34];34;5 de junho de 1758;#Text=Selmes 5 de junho de 1758\r#Text=O Cura Alexandre José de Moura Coutinho [assinatura autógrafa]//\r#Text=\r#Text=/p. 888/\r#Text=Freguesia de Santa Catarina de Selmes\r#Text=Termo de Beja//”\r#Text=\r#Text=Transcrição: Ofélia Sequeira
Beja_SantaCatarinaDeSelmes.modernizada;*[35];PER\_NAM[35];35;Cura Alexandre José de Moura Coutinho;#Text=Selmes 5 de junho de 1758\r#Text=O Cura Alexandre José de Moura Coutinho [assinatura autógrafa]//\r#Text=\r#Text=/p. 888/\r#Text=Freguesia de Santa Catarina de Selmes\r#Text=Termo de Beja//”\r#Text=\r#Text=Transcrição: Ofélia Sequeira
Beja_SantaCatarinaDeSelmes.modernizada;*[36];PLC\_GPE[36];36;Freguesia de Santa Catarina de Selmes Termo de Beja;#Text=Selmes 5 de junho de 1758\r#Text=O Cura Alexandre José de Moura Coutinho [assinatura autógrafa]//\r#Text=\r#Text=/p. 888/\r#Text=Freguesia de Santa Catarina de Selmes\r#Text=Termo de Beja//”\r#Text=\r#Text=Transcrição: Ofélia Sequeira
Beja_SantaCatarinaDeSelmes.modernizada;*[3];PLC\_LOC[3];3;aldeia de Selmes;#Text=Santa Catarina de Selmes, 1758, 5 de Junho\r#Text=Memória Paroquial de Santa Catarina de Selmes, Comarca de Beja\r#Text=[ANTT, Memórias Paroquiais, vol. 34, nº 117, p. 885 a 888]\r#Text=\r#Text=\r#Text=“/p. 885/\r#Text=Selmes, termo Beja\r#Text=Resposta aos interrogatórios, que se me fizeram por ordem do muito reverendíssimo ilustríssimo Dom Vigário Geral da cidade de Beja para dar conta do que neles se contém a respeito desta aldeia de Selmes.
Beja_SantaCatarinaDeSelmes.modernizada;*[4];PLC\_LOC[4];4;aldeia de Selmes;#Text=Ao primeiro interrogatório: respondo: que esta aldeia de Selmes esta situada na província do Alentejo, bispado de Évora, comarca, e termo de Beja freguesia de Santa Catarina.
Beja_SantaCatarinaDeSelmes.modernizada;*[5];PLC\_LOC[5];5;província do Alentejo;#Text=Ao primeiro interrogatório: respondo: que esta aldeia de Selmes esta situada na província do Alentejo, bispado de Évora, comarca, e termo de Beja freguesia de Santa Catarina.
Beja_SantaCatarinaDeSelmes.modernizada;*[6];PLC\_GPE[6];6;bispado de Évora ,;#Text=Ao primeiro interrogatório: respondo: que esta aldeia de Selmes esta situada na província do Alentejo, bispado de Évora, comarca, e termo de Beja freguesia de Santa Catarina.
Beja_SantaCatarinaDeSelmes.modernizada;*[7];PLC\_GPE[7];6;comarca , e termo de Beja;#Text=Ao primeiro interrogatório: respondo: que esta aldeia de Selmes esta situada na província do Alentejo, bispado de Évora, comarca, e termo de Beja freguesia de Santa Catarina.
Beja_SantaCatarinaDeSelmes.modernizada;*[8];PLC\_GPE[8];6;freguesia de Santa Catarina;#Text=Ao primeiro interrogatório: respondo: que esta aldeia de Selmes esta situada na província do Alentejo, bispado de Évora, comarca, e termo de Beja freguesia de Santa Catarina.
Beja_SantaCatarinaDeSelmes.modernizada;*[9];PER\_PGRP[9];7;Casa do Infantado .;"#Text=Ao segundo interrogatório: respondo; que é da Casa do Infantado."
