﻿file_name;entity;category_entity;entity_cardinal;ent_concat;text_concat
Beja_Baleizao.modernizada;*;PLC\_GPE;31;Baleizão;#Text=Aos mais interrogatórios não há cousa alguma que a lhes diga e pro tudo isto ser verdade fiz a presente Baleizão 19 de abril de 1758.
Beja_Baleizao.modernizada;*[10];PLC\_LOC[10];9;termo da cidade de Beja;#Text=É do termo da cidade de Beja.
Beja_Baleizao.modernizada;*[11];PLC\_LOC[11];10;aldeia nova de Baleizão;#Text=Está a paróquia a uma parta do lugar junta com o mesmo lugar e tem outra aldeia que vem a ser duas aldeias uma se chama a aldeia nova de Baleizão a onde esta a paróquia e a outra a aldeia velha de Baleizão.
Beja_Baleizao.modernizada;*[12];PLC\_LOC[12];11;aldeia velha de Baleizão;#Text=Está a paróquia a uma parta do lugar junta com o mesmo lugar e tem outra aldeia que vem a ser duas aldeias uma se chama a aldeia nova de Baleizão a onde esta a paróquia e a outra a aldeia velha de Baleizão.
Beja_Baleizao.modernizada;*[13];PER\_SAINT[13];12;Nossa Senhora da Graça de Baleizão;#Text=O orago é Nossa Senhora da Graça de Baleizão, e tem cinco altares um de Nossa Senhora da Graça de Baleizão e outro de Nossa Senhora dos Prazeres e outro de Nossa Senhora do Rosário, e outro das Almas e outro de São Pedro, tem só uma nave, e tem três irmandades uma a irmandade do Santíssimo Sacramento e outra a irmandade de Nossa Senhora do Rosário e outra a irmandade das Almas.
Beja_Baleizao.modernizada;*[14];PER\_SAINT[14];13;Nossa Senhora da Graça de Baleizão;#Text=O orago é Nossa Senhora da Graça de Baleizão, e tem cinco altares um de Nossa Senhora da Graça de Baleizão e outro de Nossa Senhora dos Prazeres e outro de Nossa Senhora do Rosário, e outro das Almas e outro de São Pedro, tem só uma nave, e tem três irmandades uma a irmandade do Santíssimo Sacramento e outra a irmandade de Nossa Senhora do Rosário e outra a irmandade das Almas.
Beja_Baleizao.modernizada;*[15];PER\_SAINT[15];14;Nossa Senhora dos Prazeres;#Text=O orago é Nossa Senhora da Graça de Baleizão, e tem cinco altares um de Nossa Senhora da Graça de Baleizão e outro de Nossa Senhora dos Prazeres e outro de Nossa Senhora do Rosário, e outro das Almas e outro de São Pedro, tem só uma nave, e tem três irmandades uma a irmandade do Santíssimo Sacramento e outra a irmandade de Nossa Senhora do Rosário e outra a irmandade das Almas.
Beja_Baleizao.modernizada;*[16];PER\_SAINT[16];15;Nossa Senhora do Rosário;#Text=O orago é Nossa Senhora da Graça de Baleizão, e tem cinco altares um de Nossa Senhora da Graça de Baleizão e outro de Nossa Senhora dos Prazeres e outro de Nossa Senhora do Rosário, e outro das Almas e outro de São Pedro, tem só uma nave, e tem três irmandades uma a irmandade do Santíssimo Sacramento e outra a irmandade de Nossa Senhora do Rosário e outra a irmandade das Almas.
Beja_Baleizao.modernizada;*[17];PER\_PGRP[17];16;das Almas;#Text=O orago é Nossa Senhora da Graça de Baleizão, e tem cinco altares um de Nossa Senhora da Graça de Baleizão e outro de Nossa Senhora dos Prazeres e outro de Nossa Senhora do Rosário, e outro das Almas e outro de São Pedro, tem só uma nave, e tem três irmandades uma a irmandade do Santíssimo Sacramento e outra a irmandade de Nossa Senhora do Rosário e outra a irmandade das Almas.
Beja_Baleizao.modernizada;*[18];PER\_SAINT[18];17;São Pedro;#Text=O orago é Nossa Senhora da Graça de Baleizão, e tem cinco altares um de Nossa Senhora da Graça de Baleizão e outro de Nossa Senhora dos Prazeres e outro de Nossa Senhora do Rosário, e outro das Almas e outro de São Pedro, tem só uma nave, e tem três irmandades uma a irmandade do Santíssimo Sacramento e outra a irmandade de Nossa Senhora do Rosário e outra a irmandade das Almas.
Beja_Baleizao.modernizada;*[19];ORG[19];18;irmandade do Santíssimo Sacramento;#Text=O orago é Nossa Senhora da Graça de Baleizão, e tem cinco altares um de Nossa Senhora da Graça de Baleizão e outro de Nossa Senhora dos Prazeres e outro de Nossa Senhora do Rosário, e outro das Almas e outro de São Pedro, tem só uma nave, e tem três irmandades uma a irmandade do Santíssimo Sacramento e outra a irmandade de Nossa Senhora do Rosário e outra a irmandade das Almas.
Beja_Baleizao.modernizada;*[1];PER\_NAM[1];1;padre Aires António Vinagre cura da igreja de Nossa Senhora da Graça de Baleizão termo da cidade de Beja;#Text=Baleizão, 1758, 19 de Abril\r#Text=Memória Paroquial de Baleizão, Comarca de Beja\r#Text=[ANTT, Memórias Paroquiais, vol. 6, nº 15, p. 101 a 102] \r#Text=\r#Text=“/p. 101/\r#Text=N 15\r#Text=Expõem o padre Aires António Vinagre cura da igreja de Nossa Senhora da Graça de Baleizão termo da cidade de Beja, aos interrogatórios que se lhe procuram o seguinte.
Beja_Baleizao.modernizada;*[20];ORG[20];19;irmandade de Nossa Senhora do Rosário;#Text=O orago é Nossa Senhora da Graça de Baleizão, e tem cinco altares um de Nossa Senhora da Graça de Baleizão e outro de Nossa Senhora dos Prazeres e outro de Nossa Senhora do Rosário, e outro das Almas e outro de São Pedro, tem só uma nave, e tem três irmandades uma a irmandade do Santíssimo Sacramento e outra a irmandade de Nossa Senhora do Rosário e outra a irmandade das Almas.
Beja_Baleizao.modernizada;*[21];ORG[21];20;irmandade das Almas;#Text=O orago é Nossa Senhora da Graça de Baleizão, e tem cinco altares um de Nossa Senhora da Graça de Baleizão e outro de Nossa Senhora dos Prazeres e outro de Nossa Senhora do Rosário, e outro das Almas e outro de São Pedro, tem só uma nave, e tem três irmandades uma a irmandade do Santíssimo Sacramento e outra a irmandade de Nossa Senhora do Rosário e outra a irmandade das Almas.
Beja_Baleizao.modernizada;*[22];PER\_SAINT[22];21;Nossa Senhora da Graça de Baleizão;#Text=A Nossa Senhora da Graça de Baleizão tem vindo este ano algumas romagens com que lhe têm trazido cinco mortalhas mas não tem dias determinados.
Beja_Baleizao.modernizada;*[23];PLC\_GPE[23];22;cidade de Beja;#Text=O juiz é de vintena sujeito a justiças da cidade de Beja.
Beja_Baleizao.modernizada;*[24];PER\_NAM[24];23;Padre Simão Esteves;"#Text=Há memória de que floresceram três exronis insignes em letras e destes um se chamava o Padre Simão Esteves o qual foi confessor em palácio e Casa Real; e outro um chamavam o padre//\r#Text=\r#Text=/p. 102/ \r#Text=o Padre Gaspar Esteves o qual foi mestre em palácio e Casa Real e outro lhe chamavam Tomás Estevens o qual foi desembargador na Corte principal deste reino chamada a cidade de Lisboa."
Beja_Baleizao.modernizada;*[25];PER\_OCC[25];24;confessor em palácio e Casa Real;"#Text=Há memória de que floresceram três exronis insignes em letras e destes um se chamava o Padre Simão Esteves o qual foi confessor em palácio e Casa Real; e outro um chamavam o padre//\r#Text=\r#Text=/p. 102/ \r#Text=o Padre Gaspar Esteves o qual foi mestre em palácio e Casa Real e outro lhe chamavam Tomás Estevens o qual foi desembargador na Corte principal deste reino chamada a cidade de Lisboa."
Beja_Baleizao.modernizada;*[26];PER\_NAM[26];25;Padre Gaspar Esteves;"#Text=Há memória de que floresceram três exronis insignes em letras e destes um se chamava o Padre Simão Esteves o qual foi confessor em palácio e Casa Real; e outro um chamavam o padre//\r#Text=\r#Text=/p. 102/ \r#Text=o Padre Gaspar Esteves o qual foi mestre em palácio e Casa Real e outro lhe chamavam Tomás Estevens o qual foi desembargador na Corte principal deste reino chamada a cidade de Lisboa."
Beja_Baleizao.modernizada;*[27];PER\_OCC[27];26;mestre em palácio e Casa Real;"#Text=Há memória de que floresceram três exronis insignes em letras e destes um se chamava o Padre Simão Esteves o qual foi confessor em palácio e Casa Real; e outro um chamavam o padre//\r#Text=\r#Text=/p. 102/ \r#Text=o Padre Gaspar Esteves o qual foi mestre em palácio e Casa Real e outro lhe chamavam Tomás Estevens o qual foi desembargador na Corte principal deste reino chamada a cidade de Lisboa."
Beja_Baleizao.modernizada;*[28];PER\_NAM[28];27;Tomás Estevens;"#Text=Há memória de que floresceram três exronis insignes em letras e destes um se chamava o Padre Simão Esteves o qual foi confessor em palácio e Casa Real; e outro um chamavam o padre//\r#Text=\r#Text=/p. 102/ \r#Text=o Padre Gaspar Esteves o qual foi mestre em palácio e Casa Real e outro lhe chamavam Tomás Estevens o qual foi desembargador na Corte principal deste reino chamada a cidade de Lisboa."
Beja_Baleizao.modernizada;*[29];PER\_OCC[29];28;desembargador na Corte;"#Text=Há memória de que floresceram três exronis insignes em letras e destes um se chamava o Padre Simão Esteves o qual foi confessor em palácio e Casa Real; e outro um chamavam o padre//\r#Text=\r#Text=/p. 102/ \r#Text=o Padre Gaspar Esteves o qual foi mestre em palácio e Casa Real e outro lhe chamavam Tomás Estevens o qual foi desembargador na Corte principal deste reino chamada a cidade de Lisboa."
Beja_Baleizao.modernizada;*[2];PLC\_LOC[2];2;província do Alentejo;"#Text=Esta terra fica na província do Alentejo; e pertence ao arcebispado de Évora comarca e termo da cidade de Beja e é de donatários parte dela pertence ao capitão Francisco Xavier Soares e a outra parte pertence a Dona Margarida Antónia Pereira de Lacerda."
Beja_Baleizao.modernizada;*[30];PLC\_GPE[30];29;cidade de Lisboa;"#Text=Há memória de que floresceram três exronis insignes em letras e destes um se chamava o Padre Simão Esteves o qual foi confessor em palácio e Casa Real; e outro um chamavam o padre//\r#Text=\r#Text=/p. 102/ \r#Text=o Padre Gaspar Esteves o qual foi mestre em palácio e Casa Real e outro lhe chamavam Tomás Estevens o qual foi desembargador na Corte principal deste reino chamada a cidade de Lisboa."
Beja_Baleizao.modernizada;*[31];TIM\_CRON[31];30;mil e setecentos e cinquenta e cinco;#Text=No terremoto do ano de mil e setecentos e cinquenta e cinco não padeceu ruína alguma.
Beja_Baleizao.modernizada;*[32];TIM\_CRON[32];31;19 de abril de 1758 .;#Text=Aos mais interrogatórios não há cousa alguma que a lhes diga e pro tudo isto ser verdade fiz a presente Baleizão 19 de abril de 1758.
Beja_Baleizao.modernizada;*[33];PER\_NAM[33];32;cura Aires António Vinagre;#Text=O cura Aires António Vinagre [assinatura autógrafa]//”\r#Text=\r#Text=Transcrição: Lígia Duarte
Beja_Baleizao.modernizada;*[3];PLC\_GPE[3];3;arcebispado de Évora;"#Text=Esta terra fica na província do Alentejo; e pertence ao arcebispado de Évora comarca e termo da cidade de Beja e é de donatários parte dela pertence ao capitão Francisco Xavier Soares e a outra parte pertence a Dona Margarida Antónia Pereira de Lacerda."
Beja_Baleizao.modernizada;*[4];PLC\_GPE[4];3;comarca e termo da cidade de Beja;"#Text=Esta terra fica na província do Alentejo; e pertence ao arcebispado de Évora comarca e termo da cidade de Beja e é de donatários parte dela pertence ao capitão Francisco Xavier Soares e a outra parte pertence a Dona Margarida Antónia Pereira de Lacerda."
Beja_Baleizao.modernizada;*[5];PER\_NAM[5];4;capitão Francisco Xavier Soares;"#Text=Esta terra fica na província do Alentejo; e pertence ao arcebispado de Évora comarca e termo da cidade de Beja e é de donatários parte dela pertence ao capitão Francisco Xavier Soares e a outra parte pertence a Dona Margarida Antónia Pereira de Lacerda."
Beja_Baleizao.modernizada;*[6];PER\_NAM[6];5;Dona Margarida Antónia Pereira de Lacerda;"#Text=Esta terra fica na província do Alentejo; e pertence ao arcebispado de Évora comarca e termo da cidade de Beja e é de donatários parte dela pertence ao capitão Francisco Xavier Soares e a outra parte pertence a Dona Margarida Antónia Pereira de Lacerda."
Beja_Baleizao.modernizada;*[7];PLC\_GPE[7];6;cidade de Beja;"#Text=Esta situada em campina e dela se descobre a cidade de Beja; e dista dela, duas léguas e se descobre a vila de Serpa e dista dela duas léguas; e dela se descobre aldeia velha de Baleizão e dista dela seis centos passos que ainda é da mesma freguesia e consta de sento e oitenta e nove vizinhos e tem pela as maiores quatro centos e trinta e quatro; e pessoas menores de sete anos para cima setenta e outo."
Beja_Baleizao.modernizada;*[8];PLC\_GPE[8];7;vila de Serpa;"#Text=Esta situada em campina e dela se descobre a cidade de Beja; e dista dela, duas léguas e se descobre a vila de Serpa e dista dela duas léguas; e dela se descobre aldeia velha de Baleizão e dista dela seis centos passos que ainda é da mesma freguesia e consta de sento e oitenta e nove vizinhos e tem pela as maiores quatro centos e trinta e quatro; e pessoas menores de sete anos para cima setenta e outo."
Beja_Baleizao.modernizada;*[9];PLC\_LOC[9];8;aldeia velha de Baleizão;"#Text=Esta situada em campina e dela se descobre a cidade de Beja; e dista dela, duas léguas e se descobre a vila de Serpa e dista dela duas léguas; e dela se descobre aldeia velha de Baleizão e dista dela seis centos passos que ainda é da mesma freguesia e consta de sento e oitenta e nove vizinhos e tem pela as maiores quatro centos e trinta e quatro; e pessoas menores de sete anos para cima setenta e outo."
