﻿file_name;entity;category_entity;entity_cardinal;ent_concat;text_concat
Beja_Farinho.modernizada;*;PLC\_GPE;1;Farinho Farinho;"#Text=Farinho, 1758\r#Text=Memória Paroquial de Farinho, Comarca de Beja\r#Text=[ANTT, Memórias Paroquiais, vol. 42, nº 85, p. 53]\r#Text=\r#Text=“/p. 53/\r#Text=N. 85\r#Text=Farinho\r#Text=Farinho, a que outros chamam vila de Farinho, é aldeia, e paróquia do termo da cidade de Beja; o seu povo a que Lima faz saber há 71 fogos, com 264 almas, é avaliado no Portugal Sacro em 60 fogos, todos na Matriz dedicada a São Luis."
Beja_Farinho.modernizada;*;PER\_AUT;4;Lima;"#Text=Farinho, 1758\r#Text=Memória Paroquial de Farinho, Comarca de Beja\r#Text=[ANTT, Memórias Paroquiais, vol. 42, nº 85, p. 53]\r#Text=\r#Text=“/p. 53/\r#Text=N. 85\r#Text=Farinho\r#Text=Farinho, a que outros chamam vila de Farinho, é aldeia, e paróquia do termo da cidade de Beja; o seu povo a que Lima faz saber há 71 fogos, com 264 almas, é avaliado no Portugal Sacro em 60 fogos, todos na Matriz dedicada a São Luis."
Beja_Farinho.modernizada;*[1];PLC\_GPE[1];2;vila de Farinho;"#Text=Farinho, 1758\r#Text=Memória Paroquial de Farinho, Comarca de Beja\r#Text=[ANTT, Memórias Paroquiais, vol. 42, nº 85, p. 53]\r#Text=\r#Text=“/p. 53/\r#Text=N. 85\r#Text=Farinho\r#Text=Farinho, a que outros chamam vila de Farinho, é aldeia, e paróquia do termo da cidade de Beja; o seu povo a que Lima faz saber há 71 fogos, com 264 almas, é avaliado no Portugal Sacro em 60 fogos, todos na Matriz dedicada a São Luis."
Beja_Farinho.modernizada;*[2];PLC\_LOC[2];3;termo da cidade de Beja;"#Text=Farinho, 1758\r#Text=Memória Paroquial de Farinho, Comarca de Beja\r#Text=[ANTT, Memórias Paroquiais, vol. 42, nº 85, p. 53]\r#Text=\r#Text=“/p. 53/\r#Text=N. 85\r#Text=Farinho\r#Text=Farinho, a que outros chamam vila de Farinho, é aldeia, e paróquia do termo da cidade de Beja; o seu povo a que Lima faz saber há 71 fogos, com 264 almas, é avaliado no Portugal Sacro em 60 fogos, todos na Matriz dedicada a São Luis."
Beja_Farinho.modernizada;*[3];AUTWORK[3];5;Portugal Sacro;"#Text=Farinho, 1758\r#Text=Memória Paroquial de Farinho, Comarca de Beja\r#Text=[ANTT, Memórias Paroquiais, vol. 42, nº 85, p. 53]\r#Text=\r#Text=“/p. 53/\r#Text=N. 85\r#Text=Farinho\r#Text=Farinho, a que outros chamam vila de Farinho, é aldeia, e paróquia do termo da cidade de Beja; o seu povo a que Lima faz saber há 71 fogos, com 264 almas, é avaliado no Portugal Sacro em 60 fogos, todos na Matriz dedicada a São Luis."
Beja_Farinho.modernizada;*[4];PER\_SAINT[4];6;São Luis;"#Text=Farinho, 1758\r#Text=Memória Paroquial de Farinho, Comarca de Beja\r#Text=[ANTT, Memórias Paroquiais, vol. 42, nº 85, p. 53]\r#Text=\r#Text=“/p. 53/\r#Text=N. 85\r#Text=Farinho\r#Text=Farinho, a que outros chamam vila de Farinho, é aldeia, e paróquia do termo da cidade de Beja; o seu povo a que Lima faz saber há 71 fogos, com 264 almas, é avaliado no Portugal Sacro em 60 fogos, todos na Matriz dedicada a São Luis."
