﻿file_name;entity;category_entity;entity_cardinal;ent_concat;text_concat
Beja_SantaClaraDoLouredo.modernizada;*;PER\_DIV;23;Deus;#Text=Nesta freguesia a maior fabricação dos moradores dela é semearem nas suas terras muitos trigos bastante cevada, e algum centeio, de que se colhem boas novidades segundo os anos, que Deus manda. #Text=Vizinho desta igreja se acha uma fonte coberta e bem composta e fabricada à custa dos fregueses, e por tradição antiga se chama Fonte Santa, e consta per deporem alguns homens antigos que muita gente que vinha de romaria visitar a Santa padecendo//\r#Text=\r#Text=/p. 1207/\r#Text=padecendo alguma enfermidade bebendo água da fonte, ou lavando com ela a parte queixosa, e invocando a santa cobravam a saúde perfeita\r#Text=No ano de 1755 que se experimentou o terremoto foi Deus servido não experimentar esta igreja dano grave, mais que um leve sentimento, em algumas paredes, que não necessitam de reparo.
Beja_SantaClaraDoLouredo.modernizada;*;TIM\_CRON;36;1755;#Text=Vizinho desta igreja se acha uma fonte coberta e bem composta e fabricada à custa dos fregueses, e por tradição antiga se chama Fonte Santa, e consta per deporem alguns homens antigos que muita gente que vinha de romaria visitar a Santa padecendo//\r#Text=\r#Text=/p. 1207/\r#Text=padecendo alguma enfermidade bebendo água da fonte, ou lavando com ela a parte queixosa, e invocando a santa cobravam a saúde perfeita\r#Text=No ano de 1755 que se experimentou o terremoto foi Deus servido não experimentar esta igreja dano grave, mais que um leve sentimento, em algumas paredes, que não necessitam de reparo.
Beja_SantaClaraDoLouredo.modernizada;*;PER\_DIV;37;Deus;#Text=Nesta freguesia a maior fabricação dos moradores dela é semearem nas suas terras muitos trigos bastante cevada, e algum centeio, de que se colhem boas novidades segundo os anos, que Deus manda. #Text=Vizinho desta igreja se acha uma fonte coberta e bem composta e fabricada à custa dos fregueses, e por tradição antiga se chama Fonte Santa, e consta per deporem alguns homens antigos que muita gente que vinha de romaria visitar a Santa padecendo//\r#Text=\r#Text=/p. 1207/\r#Text=padecendo alguma enfermidade bebendo água da fonte, ou lavando com ela a parte queixosa, e invocando a santa cobravam a saúde perfeita\r#Text=No ano de 1755 que se experimentou o terremoto foi Deus servido não experimentar esta igreja dano grave, mais que um leve sentimento, em algumas paredes, que não necessitam de reparo.
Beja_SantaClaraDoLouredo.modernizada;*[10];PER\_SAINT[10];10;São Miguel;"#Text=É o orago da sua igreja a Senhora Santa Clara do Louredo e é tradição antiga, que se intitula assim esta Santa por estar a sua igreja situada junto aonde principia um pequeno ribeiro que se chama o Louredo, tem esta igreja três altares o principal é o da capela mor aonde está colocada a santa, e o senhor Pedro e o Senhor São Luís; e os dois estão no corpo da igreja, que é só de uma nave, e em um esta colocada a Senhora do Rosário, e o arcanjo o senhor São Miguel; e no outro, esta colocado o Menino Deus, e o senhor São António."
Beja_SantaClaraDoLouredo.modernizada;*[11];PER\_DIV[11];11;Menino Deus;"#Text=É o orago da sua igreja a Senhora Santa Clara do Louredo e é tradição antiga, que se intitula assim esta Santa por estar a sua igreja situada junto aonde principia um pequeno ribeiro que se chama o Louredo, tem esta igreja três altares o principal é o da capela mor aonde está colocada a santa, e o senhor Pedro e o Senhor São Luís; e os dois estão no corpo da igreja, que é só de uma nave, e em um esta colocada a Senhora do Rosário, e o arcanjo o senhor São Miguel; e no outro, esta colocado o Menino Deus, e o senhor São António."
Beja_SantaClaraDoLouredo.modernizada;*[12];PER\_SAINT[12];12;São António;"#Text=É o orago da sua igreja a Senhora Santa Clara do Louredo e é tradição antiga, que se intitula assim esta Santa por estar a sua igreja situada junto aonde principia um pequeno ribeiro que se chama o Louredo, tem esta igreja três altares o principal é o da capela mor aonde está colocada a santa, e o senhor Pedro e o Senhor São Luís; e os dois estão no corpo da igreja, que é só de uma nave, e em um esta colocada a Senhora do Rosário, e o arcanjo o senhor São Miguel; e no outro, esta colocado o Menino Deus, e o senhor São António."
Beja_SantaClaraDoLouredo.modernizada;*[13];ORG[13];13;das Almas;"#Text=Nela se acha erigida uma irmandade ereta autoridade ordinária, intitulada das Almas de baixo de proteção do senhor São Miguel; e entre os fregueses há devoções, que comummente se chamam mordomias, que todos os anos festejam alguns dos Santos da mesma igreja, e são mordomos de Senhora do Rosário, mordomos do senhor São Pedro, e mordomos do senhor São António."
Beja_SantaClaraDoLouredo.modernizada;*[14];PER\_SAINT[14];14;São Miguel;"#Text=Nela se acha erigida uma irmandade ereta autoridade ordinária, intitulada das Almas de baixo de proteção do senhor São Miguel; e entre os fregueses há devoções, que comummente se chamam mordomias, que todos os anos festejam alguns dos Santos da mesma igreja, e são mordomos de Senhora do Rosário, mordomos do senhor São Pedro, e mordomos do senhor São António."
Beja_SantaClaraDoLouredo.modernizada;*[15];ORG[15];15;Senhora do Rosário;"#Text=Nela se acha erigida uma irmandade ereta autoridade ordinária, intitulada das Almas de baixo de proteção do senhor São Miguel; e entre os fregueses há devoções, que comummente se chamam mordomias, que todos os anos festejam alguns dos Santos da mesma igreja, e são mordomos de Senhora do Rosário, mordomos do senhor São Pedro, e mordomos do senhor São António."
Beja_SantaClaraDoLouredo.modernizada;*[16];ORG[16];16;São Pedro;"#Text=Nela se acha erigida uma irmandade ereta autoridade ordinária, intitulada das Almas de baixo de proteção do senhor São Miguel; e entre os fregueses há devoções, que comummente se chamam mordomias, que todos os anos festejam alguns dos Santos da mesma igreja, e são mordomos de Senhora do Rosário, mordomos do senhor São Pedro, e mordomos do senhor São António."
Beja_SantaClaraDoLouredo.modernizada;*[17];ORG[17];17;São António;"#Text=Nela se acha erigida uma irmandade ereta autoridade ordinária, intitulada das Almas de baixo de proteção do senhor São Miguel; e entre os fregueses há devoções, que comummente se chamam mordomias, que todos os anos festejam alguns dos Santos da mesma igreja, e são mordomos de Senhora do Rosário, mordomos do senhor São Pedro, e mordomos do senhor São António."
Beja_SantaClaraDoLouredo.modernizada;*[18];PER\_OCC[18];18;arcebispo de Évora;"#Text=O seu pároco é cura, e apresentado pelo excelentíssimo, e reverendíssimo senhor arcebispo de Évora, que na forma da constituição deste arcebispado é obrigado todos os anos passado dia de São João Batista pedir nova provisão para poder continuar no curativo; e tem de côngrua uns anos por outros entre trigo, e cevada seis moios entrando algumas oblatas."
Beja_SantaClaraDoLouredo.modernizada;*[19];PER\_SAINT[19];19;São João Batista;"#Text=O seu pároco é cura, e apresentado pelo excelentíssimo, e reverendíssimo senhor arcebispo de Évora, que na forma da constituição deste arcebispado é obrigado todos os anos passado dia de São João Batista pedir nova provisão para poder continuar no curativo; e tem de côngrua uns anos por outros entre trigo, e cevada seis moios entrando algumas oblatas."
Beja_SantaClaraDoLouredo.modernizada;*[1];PLC\_GPE[1];1;freguesia de Santa Clara de Louredo termo da cidade de Beja arcebispado de Évora;#Text=Santa Clara do Louredo, 1758\r#Text=Memória Paroquial de Santa Clara do Louredo, Comarca de Beja \r#Text=[ANTT, Memórias Paroquiais, vol. 21, nº 134, p. 1205 a 1208]\r#Text=\r#Text=\r#Text=“/p. 1205/\r#Text=Relação da freguesia de Santa Clara de Louredo termo da cidade de Beja arcebispado de Évora\r#Text=Acha-se esta freguesia no termo da cidade de Beja, que dista da mesma cidade meia légua tudo arcebispado de Évora.
Beja_SantaClaraDoLouredo.modernizada;*[20];PER\_SAINT[20];20;Nossa Senhora;#Text=Há nesta igreja um capelão, que é obrigado a dizer missa primeira todos os Domingos do ano, e festas de preceito de Nossa Senhora aplicando pretensão dos fregueses, que lhe fazem de côngrua dois moios de trigo.
Beja_SantaClaraDoLouredo.modernizada;*[21];TIM\_CRON[21];21;tempo de Quaresma;#Text=É esta santa advogada pera a enfermidade de sezões, e por interceção sua se vem muita gente livre desta enfermidade, e em remuneração deste benefício há muita frequência de romarias, e no tempo de Quaresma e ainda no carnal de muitas partes todas as Sextas feiras do mês//\r#Text=\r#Text=/p. 1206/\r#Text=do mês de março vem muita gente em romaria a pé descalço visitar a santa e muitos ocultamente sem camisa com apertos com os mais vestidos exteriores imitando a vida penitente, que teve esta santa em agradecimento dos benefícios recebidos.
Beja_SantaClaraDoLouredo.modernizada;*[22];TIM\_CRON[22];22;todas as Sextas feiras do mês;#Text=É esta santa advogada pera a enfermidade de sezões, e por interceção sua se vem muita gente livre desta enfermidade, e em remuneração deste benefício há muita frequência de romarias, e no tempo de Quaresma e ainda no carnal de muitas partes todas as Sextas feiras do mês//\r#Text=\r#Text=/p. 1206/\r#Text=do mês de março vem muita gente em romaria a pé descalço visitar a santa e muitos ocultamente sem camisa com apertos com os mais vestidos exteriores imitando a vida penitente, que teve esta santa em agradecimento dos benefícios recebidos.
Beja_SantaClaraDoLouredo.modernizada;*[23];PLC\_AQU[23];24;fonte chamada , as Barrocas;"#Text=Há também várias hortas onde se cultivam admiráveis hortaliças, e tem arvoredos que dão muitas frutas, e tem em si nascedios de abundantes águas, e entre eles os mais abundantes é um de uma fonte chamada, as Barrocas junta a uma estrada que vai da cidade de Beja chamada a estrada de vale de Mértola, fica distante da cidade uma légua, é a água desta fonte não só muito abundante de água mas muito admirável na sua qualidade, e é tal a sua abundância que com ela se fabricam duas hortas, e ambas se chamam hortas da Almada; e o outro nascedio é um que fabrica a horta chamada da Faleira que fica distante da cidade de Beja meia légua e é tão abundante de água que além da necessária para a dita horta a que sobeja podia bastar para qualquer fazenda que de novo se quiser fazer."
Beja_SantaClaraDoLouredo.modernizada;*[24];PLC\_GPE[24];25;cidade de Beja;"#Text=Há também várias hortas onde se cultivam admiráveis hortaliças, e tem arvoredos que dão muitas frutas, e tem em si nascedios de abundantes águas, e entre eles os mais abundantes é um de uma fonte chamada, as Barrocas junta a uma estrada que vai da cidade de Beja chamada a estrada de vale de Mértola, fica distante da cidade uma légua, é a água desta fonte não só muito abundante de água mas muito admirável na sua qualidade, e é tal a sua abundância que com ela se fabricam duas hortas, e ambas se chamam hortas da Almada; e o outro nascedio é um que fabrica a horta chamada da Faleira que fica distante da cidade de Beja meia légua e é tão abundante de água que além da necessária para a dita horta a que sobeja podia bastar para qualquer fazenda que de novo se quiser fazer."
Beja_SantaClaraDoLouredo.modernizada;*[25];PLC\_LOC[25];26;vale de Mértola;"#Text=Há também várias hortas onde se cultivam admiráveis hortaliças, e tem arvoredos que dão muitas frutas, e tem em si nascedios de abundantes águas, e entre eles os mais abundantes é um de uma fonte chamada, as Barrocas junta a uma estrada que vai da cidade de Beja chamada a estrada de vale de Mértola, fica distante da cidade uma légua, é a água desta fonte não só muito abundante de água mas muito admirável na sua qualidade, e é tal a sua abundância que com ela se fabricam duas hortas, e ambas se chamam hortas da Almada; e o outro nascedio é um que fabrica a horta chamada da Faleira que fica distante da cidade de Beja meia légua e é tão abundante de água que além da necessária para a dita horta a que sobeja podia bastar para qualquer fazenda que de novo se quiser fazer."
Beja_SantaClaraDoLouredo.modernizada;*[26];PLC\_LOC[26];27;hortas da Almada;"#Text=Há também várias hortas onde se cultivam admiráveis hortaliças, e tem arvoredos que dão muitas frutas, e tem em si nascedios de abundantes águas, e entre eles os mais abundantes é um de uma fonte chamada, as Barrocas junta a uma estrada que vai da cidade de Beja chamada a estrada de vale de Mértola, fica distante da cidade uma légua, é a água desta fonte não só muito abundante de água mas muito admirável na sua qualidade, e é tal a sua abundância que com ela se fabricam duas hortas, e ambas se chamam hortas da Almada; e o outro nascedio é um que fabrica a horta chamada da Faleira que fica distante da cidade de Beja meia légua e é tão abundante de água que além da necessária para a dita horta a que sobeja podia bastar para qualquer fazenda que de novo se quiser fazer."
Beja_SantaClaraDoLouredo.modernizada;*[27];PLC\_LOC[27];28;horta chamada da Faleira;"#Text=Há também várias hortas onde se cultivam admiráveis hortaliças, e tem arvoredos que dão muitas frutas, e tem em si nascedios de abundantes águas, e entre eles os mais abundantes é um de uma fonte chamada, as Barrocas junta a uma estrada que vai da cidade de Beja chamada a estrada de vale de Mértola, fica distante da cidade uma légua, é a água desta fonte não só muito abundante de água mas muito admirável na sua qualidade, e é tal a sua abundância que com ela se fabricam duas hortas, e ambas se chamam hortas da Almada; e o outro nascedio é um que fabrica a horta chamada da Faleira que fica distante da cidade de Beja meia légua e é tão abundante de água que além da necessária para a dita horta a que sobeja podia bastar para qualquer fazenda que de novo se quiser fazer."
Beja_SantaClaraDoLouredo.modernizada;*[28];PLC\_GPE[28];29;cidade de Beja;"#Text=Há também várias hortas onde se cultivam admiráveis hortaliças, e tem arvoredos que dão muitas frutas, e tem em si nascedios de abundantes águas, e entre eles os mais abundantes é um de uma fonte chamada, as Barrocas junta a uma estrada que vai da cidade de Beja chamada a estrada de vale de Mértola, fica distante da cidade uma légua, é a água desta fonte não só muito abundante de água mas muito admirável na sua qualidade, e é tal a sua abundância que com ela se fabricam duas hortas, e ambas se chamam hortas da Almada; e o outro nascedio é um que fabrica a horta chamada da Faleira que fica distante da cidade de Beja meia légua e é tão abundante de água que além da necessária para a dita horta a que sobeja podia bastar para qualquer fazenda que de novo se quiser fazer."
Beja_SantaClaraDoLouredo.modernizada;*[29];PLC\_LOC[29];30;quinta de José de Brito Lobo;"#Text=Existem também nesta freguesia boas quintas de vários arvoredos e em muita abundância arvores de espinho como é a quinta de José de Brito Lobo que além das águas, que tem em si uma fonte chamada de Pau, que lança de si uma grande telha de água e é tão admirável água, que não consente em si imundícia; há outra que chamam Vale Bom, que tem em si um grande lago, que abundantemente rega a mesma quinta; existe também outra que chamam a quinta de São João com dois nascedios e bastante arvoredo, acha-se outra vizinha a mesma freguesia que se chama a quinta de Fernando da Fonseca, que pela qualidade da sua terra é toda a fruta, que dá é singular entre todas estas quintas têm grandes moradios, e alojos aonde vão estar os seus senhorios, e mais familiares que as cultivam."
Beja_SantaClaraDoLouredo.modernizada;*[2];PLC\_LOC[2];2;termo da cidade de Beja;#Text=Santa Clara do Louredo, 1758\r#Text=Memória Paroquial de Santa Clara do Louredo, Comarca de Beja \r#Text=[ANTT, Memórias Paroquiais, vol. 21, nº 134, p. 1205 a 1208]\r#Text=\r#Text=\r#Text=“/p. 1205/\r#Text=Relação da freguesia de Santa Clara de Louredo termo da cidade de Beja arcebispado de Évora\r#Text=Acha-se esta freguesia no termo da cidade de Beja, que dista da mesma cidade meia légua tudo arcebispado de Évora.
Beja_SantaClaraDoLouredo.modernizada;*[30];PLC\_AQU[30];31;fonte chamada de Pau;"#Text=Existem também nesta freguesia boas quintas de vários arvoredos e em muita abundância arvores de espinho como é a quinta de José de Brito Lobo que além das águas, que tem em si uma fonte chamada de Pau, que lança de si uma grande telha de água e é tão admirável água, que não consente em si imundícia; há outra que chamam Vale Bom, que tem em si um grande lago, que abundantemente rega a mesma quinta; existe também outra que chamam a quinta de São João com dois nascedios e bastante arvoredo, acha-se outra vizinha a mesma freguesia que se chama a quinta de Fernando da Fonseca, que pela qualidade da sua terra é toda a fruta, que dá é singular entre todas estas quintas têm grandes moradios, e alojos aonde vão estar os seus senhorios, e mais familiares que as cultivam."
Beja_SantaClaraDoLouredo.modernizada;*[31];PLC\_AQU[31];32;Vale Bom;"#Text=Existem também nesta freguesia boas quintas de vários arvoredos e em muita abundância arvores de espinho como é a quinta de José de Brito Lobo que além das águas, que tem em si uma fonte chamada de Pau, que lança de si uma grande telha de água e é tão admirável água, que não consente em si imundícia; há outra que chamam Vale Bom, que tem em si um grande lago, que abundantemente rega a mesma quinta; existe também outra que chamam a quinta de São João com dois nascedios e bastante arvoredo, acha-se outra vizinha a mesma freguesia que se chama a quinta de Fernando da Fonseca, que pela qualidade da sua terra é toda a fruta, que dá é singular entre todas estas quintas têm grandes moradios, e alojos aonde vão estar os seus senhorios, e mais familiares que as cultivam."
Beja_SantaClaraDoLouredo.modernizada;*[32];PLC\_LOC[32];33;quinta de São João;"#Text=Existem também nesta freguesia boas quintas de vários arvoredos e em muita abundância arvores de espinho como é a quinta de José de Brito Lobo que além das águas, que tem em si uma fonte chamada de Pau, que lança de si uma grande telha de água e é tão admirável água, que não consente em si imundícia; há outra que chamam Vale Bom, que tem em si um grande lago, que abundantemente rega a mesma quinta; existe também outra que chamam a quinta de São João com dois nascedios e bastante arvoredo, acha-se outra vizinha a mesma freguesia que se chama a quinta de Fernando da Fonseca, que pela qualidade da sua terra é toda a fruta, que dá é singular entre todas estas quintas têm grandes moradios, e alojos aonde vão estar os seus senhorios, e mais familiares que as cultivam."
Beja_SantaClaraDoLouredo.modernizada;*[33];PLC\_LOC[33];34;quinta de Fernando da Fonseca;"#Text=Existem também nesta freguesia boas quintas de vários arvoredos e em muita abundância arvores de espinho como é a quinta de José de Brito Lobo que além das águas, que tem em si uma fonte chamada de Pau, que lança de si uma grande telha de água e é tão admirável água, que não consente em si imundícia; há outra que chamam Vale Bom, que tem em si um grande lago, que abundantemente rega a mesma quinta; existe também outra que chamam a quinta de São João com dois nascedios e bastante arvoredo, acha-se outra vizinha a mesma freguesia que se chama a quinta de Fernando da Fonseca, que pela qualidade da sua terra é toda a fruta, que dá é singular entre todas estas quintas têm grandes moradios, e alojos aonde vão estar os seus senhorios, e mais familiares que as cultivam."
Beja_SantaClaraDoLouredo.modernizada;*[34];PLC\_AQU[34];35;Fonte Santa;#Text=Vizinho desta igreja se acha uma fonte coberta e bem composta e fabricada à custa dos fregueses, e por tradição antiga se chama Fonte Santa, e consta per deporem alguns homens antigos que muita gente que vinha de romaria visitar a Santa padecendo//\r#Text=\r#Text=/p. 1207/\r#Text=padecendo alguma enfermidade bebendo água da fonte, ou lavando com ela a parte queixosa, e invocando a santa cobravam a saúde perfeita\r#Text=No ano de 1755 que se experimentou o terremoto foi Deus servido não experimentar esta igreja dano grave, mais que um leve sentimento, em algumas paredes, que não necessitam de reparo.
Beja_SantaClaraDoLouredo.modernizada;*[35];PER\_NAM[35];38;Cura de Santa Clara de Louredo O padre Bento da Graça;#Text=Cura de Santa Clara de Louredo\r#Text=O padre Bento da Graça [assinatura autógrafa]//\r#Text=\r#Text=/p. 1208/\r#Text=Freguesia de Santa Clara do Louredo do termo de Beja//”\r#Text=\r#Text=Transcrição: Ofélia Sequeira
Beja_SantaClaraDoLouredo.modernizada;*[36];PLC\_GPE[36];39;Freguesia de Santa Clara do Louredo do termo de Beja;#Text=Cura de Santa Clara de Louredo\r#Text=O padre Bento da Graça [assinatura autógrafa]//\r#Text=\r#Text=/p. 1208/\r#Text=Freguesia de Santa Clara do Louredo do termo de Beja//”\r#Text=\r#Text=Transcrição: Ofélia Sequeira
Beja_SantaClaraDoLouredo.modernizada;*[3];PLC\_GPE[3];3;arcebispado de Évora;#Text=Santa Clara do Louredo, 1758\r#Text=Memória Paroquial de Santa Clara do Louredo, Comarca de Beja \r#Text=[ANTT, Memórias Paroquiais, vol. 21, nº 134, p. 1205 a 1208]\r#Text=\r#Text=\r#Text=“/p. 1205/\r#Text=Relação da freguesia de Santa Clara de Louredo termo da cidade de Beja arcebispado de Évora\r#Text=Acha-se esta freguesia no termo da cidade de Beja, que dista da mesma cidade meia légua tudo arcebispado de Évora.
Beja_SantaClaraDoLouredo.modernizada;*[4];PLC\_MOUNT[4];4;serra de Alcaria Ruiva;#Text=Está esta freguesia situada em uma baixura donde só se vê uma grande terra, chama, serra de Alcaria Ruiva, que fica a distância de quatro léguas.
Beja_SantaClaraDoLouredo.modernizada;*[5];PER\_SAINT[5];5;Senhora Santa Clara do Louredo;"#Text=É o orago da sua igreja a Senhora Santa Clara do Louredo e é tradição antiga, que se intitula assim esta Santa por estar a sua igreja situada junto aonde principia um pequeno ribeiro que se chama o Louredo, tem esta igreja três altares o principal é o da capela mor aonde está colocada a santa, e o senhor Pedro e o Senhor São Luís; e os dois estão no corpo da igreja, que é só de uma nave, e em um esta colocada a Senhora do Rosário, e o arcanjo o senhor São Miguel; e no outro, esta colocado o Menino Deus, e o senhor São António."
Beja_SantaClaraDoLouredo.modernizada;*[6];PLC\_AQU[6];6;ribeiro que se chama o Louredo;"#Text=É o orago da sua igreja a Senhora Santa Clara do Louredo e é tradição antiga, que se intitula assim esta Santa por estar a sua igreja situada junto aonde principia um pequeno ribeiro que se chama o Louredo, tem esta igreja três altares o principal é o da capela mor aonde está colocada a santa, e o senhor Pedro e o Senhor São Luís; e os dois estão no corpo da igreja, que é só de uma nave, e em um esta colocada a Senhora do Rosário, e o arcanjo o senhor São Miguel; e no outro, esta colocado o Menino Deus, e o senhor São António."
Beja_SantaClaraDoLouredo.modernizada;*[7];PER\_SAINT[7];7;senhor Pedro;"#Text=É o orago da sua igreja a Senhora Santa Clara do Louredo e é tradição antiga, que se intitula assim esta Santa por estar a sua igreja situada junto aonde principia um pequeno ribeiro que se chama o Louredo, tem esta igreja três altares o principal é o da capela mor aonde está colocada a santa, e o senhor Pedro e o Senhor São Luís; e os dois estão no corpo da igreja, que é só de uma nave, e em um esta colocada a Senhora do Rosário, e o arcanjo o senhor São Miguel; e no outro, esta colocado o Menino Deus, e o senhor São António."
Beja_SantaClaraDoLouredo.modernizada;*[8];PER\_SAINT[8];8;São Luís;"#Text=É o orago da sua igreja a Senhora Santa Clara do Louredo e é tradição antiga, que se intitula assim esta Santa por estar a sua igreja situada junto aonde principia um pequeno ribeiro que se chama o Louredo, tem esta igreja três altares o principal é o da capela mor aonde está colocada a santa, e o senhor Pedro e o Senhor São Luís; e os dois estão no corpo da igreja, que é só de uma nave, e em um esta colocada a Senhora do Rosário, e o arcanjo o senhor São Miguel; e no outro, esta colocado o Menino Deus, e o senhor São António."
Beja_SantaClaraDoLouredo.modernizada;*[9];PER\_SAINT[9];9;Senhora do Rosário;"#Text=É o orago da sua igreja a Senhora Santa Clara do Louredo e é tradição antiga, que se intitula assim esta Santa por estar a sua igreja situada junto aonde principia um pequeno ribeiro que se chama o Louredo, tem esta igreja três altares o principal é o da capela mor aonde está colocada a santa, e o senhor Pedro e o Senhor São Luís; e os dois estão no corpo da igreja, que é só de uma nave, e em um esta colocada a Senhora do Rosário, e o arcanjo o senhor São Miguel; e no outro, esta colocado o Menino Deus, e o senhor São António."
