﻿file_name;entity;category_entity;entity_cardinal;ent_concat;text_concat
Beja_SantaVitoria.modernizada;*;PLC\_GPE;33;Panóias;#Text=Acudiram a esta igreja da milagrosa Santa Vitória nos anos que ouve nesta província o grande castigo dos gafanhotos que foram os de 54 55 e 56 inumeráveis pessoas de diversas terras//\r#Text=\r#Text=/p. 964/\r#Text=a buscar terra perdi do seu mausoléu que está no meio da capela mor, e por tradição correm os moradores desta freguesia, que a santa está ali sepultada, e é sem dívida, que aquele tumulo, o qual está levantado um côvado do pavimento da capela, coberto de azulejos não se fez sem mistério e se tem em grande veneração, porque na dita capela ainda senão sepultou pessoa alguma, e até os mesmos párocos se sepultam em o corpo da igreja, neste túmulo está um buraco, e dele no ano de cinquenta, e quatro os lavradores do Campo de Ourique vinhão buscar terra, e lan contra da roda das searas saíam os gafanhotos logo para fora como obrigados sem lhe ficar um só dentro, e a justificação desta verdade era a sua confissão, aos quais ou perguntava que os movia a vir buscar a tal terra, me diziam era pelos grandes prodígios, que viam experimentados nas searas dos seus vizinhos, que partindo com suas, por virtude da terra da santa estavam livres daquele castigo que eles excrementaram poes lhe iam comendo as searas, nos anos de cinquenta, e cinco, e cinquenta e seis concorreram de diversas partes, aonde chegou esta inundação que tudo cobriam e assolavam, a buscar o remédio por meio da milagrosa Senhora o que não podiam conseguir com forças humanas e os maiores milagres que a santa fez foi no Campo de Ourique, e ainda a pessoas com queixas incuráveis como foi um cego que pondo a terra da Santa nos olhos com tal fé ficou com vista outro em Panóias, que estando já desconfiado dos médicos com uma suluça havia nove ou dez dias, bebendo em água a terra da Santa ficou com saúde estes vieram dar as graças a santa, mostrando-se agradecidos com a confissão dos benefícios, e os moradores destes países tem experimentado vários prodígios que a santa lhe tem feito [?]
Beja_SantaVitoria.modernizada;*;PER\_PGRP;35;Claustrais;#Text=1 é justo sem que possa haver dúvida, as mais destas pessoas traziam suas oblatas, das quais fiz logo propósito de me não utilizar de cousa alguma e empregar tudo em a capela da santa qual estava indecente, a esta têm obrigação as religiosas de Santa Clara de Beja reparar das ruínas, experimentar com apercizo [sic], por ter sido esta igreja dos Claustrais, a quem os reis antigos, extinguirão deste reino, no mesmo sítio consta foi convento, que hoje mal se divisam as ruinas as rendas que estes tinham nesta freguesia e suas vizinhas as deu el rei Dom Manuel no ano de mil quinhentos, e três as ditas religiosas de Santa Clara, e deste//\r#Text=\r#Text=/p. 965/\r#Text=e deste tempo ficarão com a obrigação de dar o preciso para a dita capela, a que elas sempre tem sido omissas, como conto de todas as visitas que se tem feito nesta igreja, e assim o tenho experimentado, por esta causa estava a dita capela mor com muita indecência, por esta muito acanhadinha e como um forno as paredes tortas, o retábulo muito velho caindo pedaços, me resolvi deitar parte da capela abaixo, e a mandei acrescentar, mandei-lhe também derrubar o arco por estar muito baixo, e arruinado dos terremotos, e alevantarão mais, ara ficar a capela com melhor vista, e desafogo, mandei-lhe por três degraus de pedra no altar mor, e presbitérios também de pedra lavrada, a um retábulo entalhado, que toma toda a parede ate a abóbada, que não é pequena, e esta obra fis em o ano de cinquenta e seis em que gastei duzentos e seis mil e tantos reis, não metendo o transporte dos materiais, que mandei conduzir pelas minhas bestas, e criados, e outras cousas, em que poupei muito e as oblatas renderão cento e quarenta e cinco mil reis, o acréscimo o gastei nas obras da santa dos meus bens e já tenho ajustado dourador para dourar o entalho, e túmulo de santa que também mandei forrar de madeira entalhada, e cadeiras para os ser revestidos, o que tudo há-de ficar feito este Verão, e estas contas estão por parcelas lançadas no livro da fabrica.
Beja_SantaVitoria.modernizada;*[10];PLC\_GPE[10];10;freguesia de São Julião de Ervidel ,;#Text=Está situada em uma campina, e da parte do Norte tem um ribeiro de água nativa todo o ano, e desta parte, está uma ladeira como uma muralha que cerca parte da aldeia com alguma altura, descendente dela a cidade de Beja, que dista duas léguas e meia, a vila de Aljustrel, que dista o mesmo, a freguesia de São Julião de Ervidel, e a sua aldeia, que dista meia légua, e aldeia da freguesia de Santa Suzana de Mombeja, que dista três quartos de légua.
Beja_SantaVitoria.modernizada;*[11];PLC\_GPE[11];11;freguesia de Santa Suzana de Mombeja;#Text=Está situada em uma campina, e da parte do Norte tem um ribeiro de água nativa todo o ano, e desta parte, está uma ladeira como uma muralha que cerca parte da aldeia com alguma altura, descendente dela a cidade de Beja, que dista duas léguas e meia, a vila de Aljustrel, que dista o mesmo, a freguesia de São Julião de Ervidel, e a sua aldeia, que dista meia légua, e aldeia da freguesia de Santa Suzana de Mombeja, que dista três quartos de légua.
Beja_SantaVitoria.modernizada;*[12];PLC\_LOC[12];12;termo da cidade de Beja;#Text=Não tem termo porque está no termo da cidade de Beja.
Beja_SantaVitoria.modernizada;*[13];PLC\_GPE[13];13;Senhora Santa Vitoria;"#Text=Está a paróquia fora do lugar a distancia de cem passos pouco mais ou menos, o orago há a Senhora Santa Vitoria, tem três altares, em a capela mor, está Santa Vitória, São Pedro, e São João Batista, da parte direita, está a capela do Santo Nome de Jesus tem a imagem de um Senhor Crucificado; a imagem de Senhora do Rosário, São José, Santo António, São Sebastião, e São Romão, e da parte esquerda está a capela das Santas Almas, nela estão situadas a imagem de São Miguel, São Brás, e São Luís Bispo."
Beja_SantaVitoria.modernizada;*[14];PER\_SAINT[14];14;Santa Vitória;"#Text=Está a paróquia fora do lugar a distancia de cem passos pouco mais ou menos, o orago há a Senhora Santa Vitoria, tem três altares, em a capela mor, está Santa Vitória, São Pedro, e São João Batista, da parte direita, está a capela do Santo Nome de Jesus tem a imagem de um Senhor Crucificado; a imagem de Senhora do Rosário, São José, Santo António, São Sebastião, e São Romão, e da parte esquerda está a capela das Santas Almas, nela estão situadas a imagem de São Miguel, São Brás, e São Luís Bispo."
Beja_SantaVitoria.modernizada;*[15];PER\_SAINT[15];15;São Pedro;"#Text=Está a paróquia fora do lugar a distancia de cem passos pouco mais ou menos, o orago há a Senhora Santa Vitoria, tem três altares, em a capela mor, está Santa Vitória, São Pedro, e São João Batista, da parte direita, está a capela do Santo Nome de Jesus tem a imagem de um Senhor Crucificado; a imagem de Senhora do Rosário, São José, Santo António, São Sebastião, e São Romão, e da parte esquerda está a capela das Santas Almas, nela estão situadas a imagem de São Miguel, São Brás, e São Luís Bispo."
Beja_SantaVitoria.modernizada;*[16];PER\_SAINT[16];16;São João Batista ,;"#Text=Está a paróquia fora do lugar a distancia de cem passos pouco mais ou menos, o orago há a Senhora Santa Vitoria, tem três altares, em a capela mor, está Santa Vitória, São Pedro, e São João Batista, da parte direita, está a capela do Santo Nome de Jesus tem a imagem de um Senhor Crucificado; a imagem de Senhora do Rosário, São José, Santo António, São Sebastião, e São Romão, e da parte esquerda está a capela das Santas Almas, nela estão situadas a imagem de São Miguel, São Brás, e São Luís Bispo."
Beja_SantaVitoria.modernizada;*[17];PER\_DIV[17];17;Santo Nome de Jesus;"#Text=Está a paróquia fora do lugar a distancia de cem passos pouco mais ou menos, o orago há a Senhora Santa Vitoria, tem três altares, em a capela mor, está Santa Vitória, São Pedro, e São João Batista, da parte direita, está a capela do Santo Nome de Jesus tem a imagem de um Senhor Crucificado; a imagem de Senhora do Rosário, São José, Santo António, São Sebastião, e São Romão, e da parte esquerda está a capela das Santas Almas, nela estão situadas a imagem de São Miguel, São Brás, e São Luís Bispo."
Beja_SantaVitoria.modernizada;*[18];PER\_DIV[18];18;Senhor Crucificado;"#Text=Está a paróquia fora do lugar a distancia de cem passos pouco mais ou menos, o orago há a Senhora Santa Vitoria, tem três altares, em a capela mor, está Santa Vitória, São Pedro, e São João Batista, da parte direita, está a capela do Santo Nome de Jesus tem a imagem de um Senhor Crucificado; a imagem de Senhora do Rosário, São José, Santo António, São Sebastião, e São Romão, e da parte esquerda está a capela das Santas Almas, nela estão situadas a imagem de São Miguel, São Brás, e São Luís Bispo."
Beja_SantaVitoria.modernizada;*[19];PER\_SAINT[19];19;Senhora do Rosário;"#Text=Está a paróquia fora do lugar a distancia de cem passos pouco mais ou menos, o orago há a Senhora Santa Vitoria, tem três altares, em a capela mor, está Santa Vitória, São Pedro, e São João Batista, da parte direita, está a capela do Santo Nome de Jesus tem a imagem de um Senhor Crucificado; a imagem de Senhora do Rosário, São José, Santo António, São Sebastião, e São Romão, e da parte esquerda está a capela das Santas Almas, nela estão situadas a imagem de São Miguel, São Brás, e São Luís Bispo."
Beja_SantaVitoria.modernizada;*[1];PLC\_GPE[1];1;Santa Vitória termo Beja;#Text=Santa Vitória, 1758, 8 de Maio\r#Text=Memória Paroquial de Santa Vitória, Comarca de Beja\r#Text=[ANTT, Memórias Paroquiais, vol. 39, nº 155, p. 963 a 966]\r#Text=\r#Text=“/p. 963/\r#Text=Santa Vitória termo Beja\r#Text=Resposta dos interrogatórios que se procura saber desta freguesia de Santa Vitória do termo da cidade de Beja\r#Text=Está esta freguesia da Matriz Santa Vitória, em a província de Alentejo do arcebispado de Évora, no termo da cidade de Beja.
Beja_SantaVitoria.modernizada;*[20];PER\_SAINT[20];20;São José;"#Text=Está a paróquia fora do lugar a distancia de cem passos pouco mais ou menos, o orago há a Senhora Santa Vitoria, tem três altares, em a capela mor, está Santa Vitória, São Pedro, e São João Batista, da parte direita, está a capela do Santo Nome de Jesus tem a imagem de um Senhor Crucificado; a imagem de Senhora do Rosário, São José, Santo António, São Sebastião, e São Romão, e da parte esquerda está a capela das Santas Almas, nela estão situadas a imagem de São Miguel, São Brás, e São Luís Bispo."
Beja_SantaVitoria.modernizada;*[21];PER\_SAINT[21];21;Santo António;"#Text=Está a paróquia fora do lugar a distancia de cem passos pouco mais ou menos, o orago há a Senhora Santa Vitoria, tem três altares, em a capela mor, está Santa Vitória, São Pedro, e São João Batista, da parte direita, está a capela do Santo Nome de Jesus tem a imagem de um Senhor Crucificado; a imagem de Senhora do Rosário, São José, Santo António, São Sebastião, e São Romão, e da parte esquerda está a capela das Santas Almas, nela estão situadas a imagem de São Miguel, São Brás, e São Luís Bispo."
Beja_SantaVitoria.modernizada;*[22];PER\_SAINT[22];22;São Sebastião;"#Text=Está a paróquia fora do lugar a distancia de cem passos pouco mais ou menos, o orago há a Senhora Santa Vitoria, tem três altares, em a capela mor, está Santa Vitória, São Pedro, e São João Batista, da parte direita, está a capela do Santo Nome de Jesus tem a imagem de um Senhor Crucificado; a imagem de Senhora do Rosário, São José, Santo António, São Sebastião, e São Romão, e da parte esquerda está a capela das Santas Almas, nela estão situadas a imagem de São Miguel, São Brás, e São Luís Bispo."
Beja_SantaVitoria.modernizada;*[23];PER\_SAINT[23];23;São Romão;"#Text=Está a paróquia fora do lugar a distancia de cem passos pouco mais ou menos, o orago há a Senhora Santa Vitoria, tem três altares, em a capela mor, está Santa Vitória, São Pedro, e São João Batista, da parte direita, está a capela do Santo Nome de Jesus tem a imagem de um Senhor Crucificado; a imagem de Senhora do Rosário, São José, Santo António, São Sebastião, e São Romão, e da parte esquerda está a capela das Santas Almas, nela estão situadas a imagem de São Miguel, São Brás, e São Luís Bispo."
Beja_SantaVitoria.modernizada;*[24];PLC\_FAC[24];24;capela das Santas Almas;"#Text=Está a paróquia fora do lugar a distancia de cem passos pouco mais ou menos, o orago há a Senhora Santa Vitoria, tem três altares, em a capela mor, está Santa Vitória, São Pedro, e São João Batista, da parte direita, está a capela do Santo Nome de Jesus tem a imagem de um Senhor Crucificado; a imagem de Senhora do Rosário, São José, Santo António, São Sebastião, e São Romão, e da parte esquerda está a capela das Santas Almas, nela estão situadas a imagem de São Miguel, São Brás, e São Luís Bispo."
Beja_SantaVitoria.modernizada;*[25];PER\_SAINT[25];25;São Miguel;"#Text=Está a paróquia fora do lugar a distancia de cem passos pouco mais ou menos, o orago há a Senhora Santa Vitoria, tem três altares, em a capela mor, está Santa Vitória, São Pedro, e São João Batista, da parte direita, está a capela do Santo Nome de Jesus tem a imagem de um Senhor Crucificado; a imagem de Senhora do Rosário, São José, Santo António, São Sebastião, e São Romão, e da parte esquerda está a capela das Santas Almas, nela estão situadas a imagem de São Miguel, São Brás, e São Luís Bispo."
Beja_SantaVitoria.modernizada;*[26];PER\_SAINT[26];26;São Brás;"#Text=Está a paróquia fora do lugar a distancia de cem passos pouco mais ou menos, o orago há a Senhora Santa Vitoria, tem três altares, em a capela mor, está Santa Vitória, São Pedro, e São João Batista, da parte direita, está a capela do Santo Nome de Jesus tem a imagem de um Senhor Crucificado; a imagem de Senhora do Rosário, São José, Santo António, São Sebastião, e São Romão, e da parte esquerda está a capela das Santas Almas, nela estão situadas a imagem de São Miguel, São Brás, e São Luís Bispo."
Beja_SantaVitoria.modernizada;*[27];PER\_SAINT[27];27;São Luís;"#Text=Está a paróquia fora do lugar a distancia de cem passos pouco mais ou menos, o orago há a Senhora Santa Vitoria, tem três altares, em a capela mor, está Santa Vitória, São Pedro, e São João Batista, da parte direita, está a capela do Santo Nome de Jesus tem a imagem de um Senhor Crucificado; a imagem de Senhora do Rosário, São José, Santo António, São Sebastião, e São Romão, e da parte esquerda está a capela das Santas Almas, nela estão situadas a imagem de São Miguel, São Brás, e São Luís Bispo."
Beja_SantaVitoria.modernizada;*[28];PER\_OCC[28];28;arcebispo de Évora;#Text=O pároco desta freguesia é cura apresentado pelo excelentíssimo e reverendíssimo senhor arcebispo de Évora, tem de renda três moios e meio de trigo, e um moio de cevada pago pelos fregueses pro labore, e trinta alqueires de trigo de dízimo, que lhe pagam no celeiro de Santiago de Beja.
Beja_SantaVitoria.modernizada;*[29];PLC\_FAC[29];29;celeiro de Santiago de Beja;#Text=O pároco desta freguesia é cura apresentado pelo excelentíssimo e reverendíssimo senhor arcebispo de Évora, tem de renda três moios e meio de trigo, e um moio de cevada pago pelos fregueses pro labore, e trinta alqueires de trigo de dízimo, que lhe pagam no celeiro de Santiago de Beja.
Beja_SantaVitoria.modernizada;*[2];PLC\_GPE[2];2;freguesia de Santa Vitória do termo da cidade de Beja;#Text=Santa Vitória, 1758, 8 de Maio\r#Text=Memória Paroquial de Santa Vitória, Comarca de Beja\r#Text=[ANTT, Memórias Paroquiais, vol. 39, nº 155, p. 963 a 966]\r#Text=\r#Text=“/p. 963/\r#Text=Santa Vitória termo Beja\r#Text=Resposta dos interrogatórios que se procura saber desta freguesia de Santa Vitória do termo da cidade de Beja\r#Text=Está esta freguesia da Matriz Santa Vitória, em a província de Alentejo do arcebispado de Évora, no termo da cidade de Beja.
Beja_SantaVitoria.modernizada;*[30];PLC\_FAC[30];30;igreja da milagrosa Santa Vitória;#Text=Acudiram a esta igreja da milagrosa Santa Vitória nos anos que ouve nesta província o grande castigo dos gafanhotos que foram os de 54 55 e 56 inumeráveis pessoas de diversas terras//\r#Text=\r#Text=/p. 964/\r#Text=a buscar terra perdi do seu mausoléu que está no meio da capela mor, e por tradição correm os moradores desta freguesia, que a santa está ali sepultada, e é sem dívida, que aquele tumulo, o qual está levantado um côvado do pavimento da capela, coberto de azulejos não se fez sem mistério e se tem em grande veneração, porque na dita capela ainda senão sepultou pessoa alguma, e até os mesmos párocos se sepultam em o corpo da igreja, neste túmulo está um buraco, e dele no ano de cinquenta, e quatro os lavradores do Campo de Ourique vinhão buscar terra, e lan contra da roda das searas saíam os gafanhotos logo para fora como obrigados sem lhe ficar um só dentro, e a justificação desta verdade era a sua confissão, aos quais ou perguntava que os movia a vir buscar a tal terra, me diziam era pelos grandes prodígios, que viam experimentados nas searas dos seus vizinhos, que partindo com suas, por virtude da terra da santa estavam livres daquele castigo que eles excrementaram poes lhe iam comendo as searas, nos anos de cinquenta, e cinco, e cinquenta e seis concorreram de diversas partes, aonde chegou esta inundação que tudo cobriam e assolavam, a buscar o remédio por meio da milagrosa Senhora o que não podiam conseguir com forças humanas e os maiores milagres que a santa fez foi no Campo de Ourique, e ainda a pessoas com queixas incuráveis como foi um cego que pondo a terra da Santa nos olhos com tal fé ficou com vista outro em Panóias, que estando já desconfiado dos médicos com uma suluça havia nove ou dez dias, bebendo em água a terra da Santa ficou com saúde estes vieram dar as graças a santa, mostrando-se agradecidos com a confissão dos benefícios, e os moradores destes países tem experimentado vários prodígios que a santa lhe tem feito [?]
Beja_SantaVitoria.modernizada;*[31];PLC\_LOC[31];31;Campo de Ourique;#Text=Acudiram a esta igreja da milagrosa Santa Vitória nos anos que ouve nesta província o grande castigo dos gafanhotos que foram os de 54 55 e 56 inumeráveis pessoas de diversas terras//\r#Text=\r#Text=/p. 964/\r#Text=a buscar terra perdi do seu mausoléu que está no meio da capela mor, e por tradição correm os moradores desta freguesia, que a santa está ali sepultada, e é sem dívida, que aquele tumulo, o qual está levantado um côvado do pavimento da capela, coberto de azulejos não se fez sem mistério e se tem em grande veneração, porque na dita capela ainda senão sepultou pessoa alguma, e até os mesmos párocos se sepultam em o corpo da igreja, neste túmulo está um buraco, e dele no ano de cinquenta, e quatro os lavradores do Campo de Ourique vinhão buscar terra, e lan contra da roda das searas saíam os gafanhotos logo para fora como obrigados sem lhe ficar um só dentro, e a justificação desta verdade era a sua confissão, aos quais ou perguntava que os movia a vir buscar a tal terra, me diziam era pelos grandes prodígios, que viam experimentados nas searas dos seus vizinhos, que partindo com suas, por virtude da terra da santa estavam livres daquele castigo que eles excrementaram poes lhe iam comendo as searas, nos anos de cinquenta, e cinco, e cinquenta e seis concorreram de diversas partes, aonde chegou esta inundação que tudo cobriam e assolavam, a buscar o remédio por meio da milagrosa Senhora o que não podiam conseguir com forças humanas e os maiores milagres que a santa fez foi no Campo de Ourique, e ainda a pessoas com queixas incuráveis como foi um cego que pondo a terra da Santa nos olhos com tal fé ficou com vista outro em Panóias, que estando já desconfiado dos médicos com uma suluça havia nove ou dez dias, bebendo em água a terra da Santa ficou com saúde estes vieram dar as graças a santa, mostrando-se agradecidos com a confissão dos benefícios, e os moradores destes países tem experimentado vários prodígios que a santa lhe tem feito [?]
Beja_SantaVitoria.modernizada;*[32];PLC\_LOC[32];32;Campo de Ourique;#Text=Acudiram a esta igreja da milagrosa Santa Vitória nos anos que ouve nesta província o grande castigo dos gafanhotos que foram os de 54 55 e 56 inumeráveis pessoas de diversas terras//\r#Text=\r#Text=/p. 964/\r#Text=a buscar terra perdi do seu mausoléu que está no meio da capela mor, e por tradição correm os moradores desta freguesia, que a santa está ali sepultada, e é sem dívida, que aquele tumulo, o qual está levantado um côvado do pavimento da capela, coberto de azulejos não se fez sem mistério e se tem em grande veneração, porque na dita capela ainda senão sepultou pessoa alguma, e até os mesmos párocos se sepultam em o corpo da igreja, neste túmulo está um buraco, e dele no ano de cinquenta, e quatro os lavradores do Campo de Ourique vinhão buscar terra, e lan contra da roda das searas saíam os gafanhotos logo para fora como obrigados sem lhe ficar um só dentro, e a justificação desta verdade era a sua confissão, aos quais ou perguntava que os movia a vir buscar a tal terra, me diziam era pelos grandes prodígios, que viam experimentados nas searas dos seus vizinhos, que partindo com suas, por virtude da terra da santa estavam livres daquele castigo que eles excrementaram poes lhe iam comendo as searas, nos anos de cinquenta, e cinco, e cinquenta e seis concorreram de diversas partes, aonde chegou esta inundação que tudo cobriam e assolavam, a buscar o remédio por meio da milagrosa Senhora o que não podiam conseguir com forças humanas e os maiores milagres que a santa fez foi no Campo de Ourique, e ainda a pessoas com queixas incuráveis como foi um cego que pondo a terra da Santa nos olhos com tal fé ficou com vista outro em Panóias, que estando já desconfiado dos médicos com uma suluça havia nove ou dez dias, bebendo em água a terra da Santa ficou com saúde estes vieram dar as graças a santa, mostrando-se agradecidos com a confissão dos benefícios, e os moradores destes países tem experimentado vários prodígios que a santa lhe tem feito [?]
Beja_SantaVitoria.modernizada;*[33];PER\_PGRP[33];34;religiosas de Santa Clara de Beja;#Text=1 é justo sem que possa haver dúvida, as mais destas pessoas traziam suas oblatas, das quais fiz logo propósito de me não utilizar de cousa alguma e empregar tudo em a capela da santa qual estava indecente, a esta têm obrigação as religiosas de Santa Clara de Beja reparar das ruínas, experimentar com apercizo [sic], por ter sido esta igreja dos Claustrais, a quem os reis antigos, extinguirão deste reino, no mesmo sítio consta foi convento, que hoje mal se divisam as ruinas as rendas que estes tinham nesta freguesia e suas vizinhas as deu el rei Dom Manuel no ano de mil quinhentos, e três as ditas religiosas de Santa Clara, e deste//\r#Text=\r#Text=/p. 965/\r#Text=e deste tempo ficarão com a obrigação de dar o preciso para a dita capela, a que elas sempre tem sido omissas, como conto de todas as visitas que se tem feito nesta igreja, e assim o tenho experimentado, por esta causa estava a dita capela mor com muita indecência, por esta muito acanhadinha e como um forno as paredes tortas, o retábulo muito velho caindo pedaços, me resolvi deitar parte da capela abaixo, e a mandei acrescentar, mandei-lhe também derrubar o arco por estar muito baixo, e arruinado dos terremotos, e alevantarão mais, ara ficar a capela com melhor vista, e desafogo, mandei-lhe por três degraus de pedra no altar mor, e presbitérios também de pedra lavrada, a um retábulo entalhado, que toma toda a parede ate a abóbada, que não é pequena, e esta obra fis em o ano de cinquenta e seis em que gastei duzentos e seis mil e tantos reis, não metendo o transporte dos materiais, que mandei conduzir pelas minhas bestas, e criados, e outras cousas, em que poupei muito e as oblatas renderão cento e quarenta e cinco mil reis, o acréscimo o gastei nas obras da santa dos meus bens e já tenho ajustado dourador para dourar o entalho, e túmulo de santa que também mandei forrar de madeira entalhada, e cadeiras para os ser revestidos, o que tudo há-de ficar feito este Verão, e estas contas estão por parcelas lançadas no livro da fabrica.
Beja_SantaVitoria.modernizada;*[34];PER\_NAM[34];36;rei Dom Manuel;#Text=1 é justo sem que possa haver dúvida, as mais destas pessoas traziam suas oblatas, das quais fiz logo propósito de me não utilizar de cousa alguma e empregar tudo em a capela da santa qual estava indecente, a esta têm obrigação as religiosas de Santa Clara de Beja reparar das ruínas, experimentar com apercizo [sic], por ter sido esta igreja dos Claustrais, a quem os reis antigos, extinguirão deste reino, no mesmo sítio consta foi convento, que hoje mal se divisam as ruinas as rendas que estes tinham nesta freguesia e suas vizinhas as deu el rei Dom Manuel no ano de mil quinhentos, e três as ditas religiosas de Santa Clara, e deste//\r#Text=\r#Text=/p. 965/\r#Text=e deste tempo ficarão com a obrigação de dar o preciso para a dita capela, a que elas sempre tem sido omissas, como conto de todas as visitas que se tem feito nesta igreja, e assim o tenho experimentado, por esta causa estava a dita capela mor com muita indecência, por esta muito acanhadinha e como um forno as paredes tortas, o retábulo muito velho caindo pedaços, me resolvi deitar parte da capela abaixo, e a mandei acrescentar, mandei-lhe também derrubar o arco por estar muito baixo, e arruinado dos terremotos, e alevantarão mais, ara ficar a capela com melhor vista, e desafogo, mandei-lhe por três degraus de pedra no altar mor, e presbitérios também de pedra lavrada, a um retábulo entalhado, que toma toda a parede ate a abóbada, que não é pequena, e esta obra fis em o ano de cinquenta e seis em que gastei duzentos e seis mil e tantos reis, não metendo o transporte dos materiais, que mandei conduzir pelas minhas bestas, e criados, e outras cousas, em que poupei muito e as oblatas renderão cento e quarenta e cinco mil reis, o acréscimo o gastei nas obras da santa dos meus bens e já tenho ajustado dourador para dourar o entalho, e túmulo de santa que também mandei forrar de madeira entalhada, e cadeiras para os ser revestidos, o que tudo há-de ficar feito este Verão, e estas contas estão por parcelas lançadas no livro da fabrica.
Beja_SantaVitoria.modernizada;*[35];TIM\_CRON[35];37;ano de mil quinhentos , e três;#Text=1 é justo sem que possa haver dúvida, as mais destas pessoas traziam suas oblatas, das quais fiz logo propósito de me não utilizar de cousa alguma e empregar tudo em a capela da santa qual estava indecente, a esta têm obrigação as religiosas de Santa Clara de Beja reparar das ruínas, experimentar com apercizo [sic], por ter sido esta igreja dos Claustrais, a quem os reis antigos, extinguirão deste reino, no mesmo sítio consta foi convento, que hoje mal se divisam as ruinas as rendas que estes tinham nesta freguesia e suas vizinhas as deu el rei Dom Manuel no ano de mil quinhentos, e três as ditas religiosas de Santa Clara, e deste//\r#Text=\r#Text=/p. 965/\r#Text=e deste tempo ficarão com a obrigação de dar o preciso para a dita capela, a que elas sempre tem sido omissas, como conto de todas as visitas que se tem feito nesta igreja, e assim o tenho experimentado, por esta causa estava a dita capela mor com muita indecência, por esta muito acanhadinha e como um forno as paredes tortas, o retábulo muito velho caindo pedaços, me resolvi deitar parte da capela abaixo, e a mandei acrescentar, mandei-lhe também derrubar o arco por estar muito baixo, e arruinado dos terremotos, e alevantarão mais, ara ficar a capela com melhor vista, e desafogo, mandei-lhe por três degraus de pedra no altar mor, e presbitérios também de pedra lavrada, a um retábulo entalhado, que toma toda a parede ate a abóbada, que não é pequena, e esta obra fis em o ano de cinquenta e seis em que gastei duzentos e seis mil e tantos reis, não metendo o transporte dos materiais, que mandei conduzir pelas minhas bestas, e criados, e outras cousas, em que poupei muito e as oblatas renderão cento e quarenta e cinco mil reis, o acréscimo o gastei nas obras da santa dos meus bens e já tenho ajustado dourador para dourar o entalho, e túmulo de santa que também mandei forrar de madeira entalhada, e cadeiras para os ser revestidos, o que tudo há-de ficar feito este Verão, e estas contas estão por parcelas lançadas no livro da fabrica.
Beja_SantaVitoria.modernizada;*[36];PER\_PGRP[36];38;religiosas de Santa Clara;#Text=1 é justo sem que possa haver dúvida, as mais destas pessoas traziam suas oblatas, das quais fiz logo propósito de me não utilizar de cousa alguma e empregar tudo em a capela da santa qual estava indecente, a esta têm obrigação as religiosas de Santa Clara de Beja reparar das ruínas, experimentar com apercizo [sic], por ter sido esta igreja dos Claustrais, a quem os reis antigos, extinguirão deste reino, no mesmo sítio consta foi convento, que hoje mal se divisam as ruinas as rendas que estes tinham nesta freguesia e suas vizinhas as deu el rei Dom Manuel no ano de mil quinhentos, e três as ditas religiosas de Santa Clara, e deste//\r#Text=\r#Text=/p. 965/\r#Text=e deste tempo ficarão com a obrigação de dar o preciso para a dita capela, a que elas sempre tem sido omissas, como conto de todas as visitas que se tem feito nesta igreja, e assim o tenho experimentado, por esta causa estava a dita capela mor com muita indecência, por esta muito acanhadinha e como um forno as paredes tortas, o retábulo muito velho caindo pedaços, me resolvi deitar parte da capela abaixo, e a mandei acrescentar, mandei-lhe também derrubar o arco por estar muito baixo, e arruinado dos terremotos, e alevantarão mais, ara ficar a capela com melhor vista, e desafogo, mandei-lhe por três degraus de pedra no altar mor, e presbitérios também de pedra lavrada, a um retábulo entalhado, que toma toda a parede ate a abóbada, que não é pequena, e esta obra fis em o ano de cinquenta e seis em que gastei duzentos e seis mil e tantos reis, não metendo o transporte dos materiais, que mandei conduzir pelas minhas bestas, e criados, e outras cousas, em que poupei muito e as oblatas renderão cento e quarenta e cinco mil reis, o acréscimo o gastei nas obras da santa dos meus bens e já tenho ajustado dourador para dourar o entalho, e túmulo de santa que também mandei forrar de madeira entalhada, e cadeiras para os ser revestidos, o que tudo há-de ficar feito este Verão, e estas contas estão por parcelas lançadas no livro da fabrica.
Beja_SantaVitoria.modernizada;*[37];PLC\_GPE[37];39;cidade de Évora;#Text=Dista esta freguesia da cidade de Évora onze léguas, e da cidade de Lisboa Capital do Reino vinte e uma.
Beja_SantaVitoria.modernizada;*[38];PLC\_GPE[38];40;cidade de Lisboa;#Text=Dista esta freguesia da cidade de Évora onze léguas, e da cidade de Lisboa Capital do Reino vinte e uma.
Beja_SantaVitoria.modernizada;*[39];PLC\_GPE[39];41;Freguesia de Santa Vitória termo de Beja;#Text=A caça que se cria nos matos desta freguesia são perdizes, coelhos, e lebres, e alguns javalis.//\r#Text=\r#Text=/p. 966/\r#Text=Freguesia de Santa Vitória termo de Beja\r#Text=Nos terceiros interrogatórios não tenho que dizer, só sim que nesta freguesia há uma ribeira chamada dos Louriçais, a qual tem seu princípio em o termo de Castro, aquando entra nesta freguesia corre do Nascente, e entrando em a freguesia de Ervidel aonde já se lhe morrem alguns ribeiros, que a fazem mais caudalosa perde o nome, e daí para baixo se chama a ribeira de raxa, esta vai caminhando para o Poente, e nela se metem mais ribeiras, e vai morrer em o rio Sadão, os peixes que esta cria são pardelhas bordalos, e picoes não há nela pescarias que se possam tratar temporais não [?]
Beja_SantaVitoria.modernizada;*[3];PLC\_GPE[3];3;freguesia da Matriz Santa Vitória;#Text=Santa Vitória, 1758, 8 de Maio\r#Text=Memória Paroquial de Santa Vitória, Comarca de Beja\r#Text=[ANTT, Memórias Paroquiais, vol. 39, nº 155, p. 963 a 966]\r#Text=\r#Text=“/p. 963/\r#Text=Santa Vitória termo Beja\r#Text=Resposta dos interrogatórios que se procura saber desta freguesia de Santa Vitória do termo da cidade de Beja\r#Text=Está esta freguesia da Matriz Santa Vitória, em a província de Alentejo do arcebispado de Évora, no termo da cidade de Beja.
Beja_SantaVitoria.modernizada;*[40];PLC\_AQU[40];42;ribeira chamada dos Louriçais;#Text=A caça que se cria nos matos desta freguesia são perdizes, coelhos, e lebres, e alguns javalis.//\r#Text=\r#Text=/p. 966/\r#Text=Freguesia de Santa Vitória termo de Beja\r#Text=Nos terceiros interrogatórios não tenho que dizer, só sim que nesta freguesia há uma ribeira chamada dos Louriçais, a qual tem seu princípio em o termo de Castro, aquando entra nesta freguesia corre do Nascente, e entrando em a freguesia de Ervidel aonde já se lhe morrem alguns ribeiros, que a fazem mais caudalosa perde o nome, e daí para baixo se chama a ribeira de raxa, esta vai caminhando para o Poente, e nela se metem mais ribeiras, e vai morrer em o rio Sadão, os peixes que esta cria são pardelhas bordalos, e picoes não há nela pescarias que se possam tratar temporais não [?]
Beja_SantaVitoria.modernizada;*[41];PLC\_LOC[41];43;termo de Castro;#Text=A caça que se cria nos matos desta freguesia são perdizes, coelhos, e lebres, e alguns javalis.//\r#Text=\r#Text=/p. 966/\r#Text=Freguesia de Santa Vitória termo de Beja\r#Text=Nos terceiros interrogatórios não tenho que dizer, só sim que nesta freguesia há uma ribeira chamada dos Louriçais, a qual tem seu princípio em o termo de Castro, aquando entra nesta freguesia corre do Nascente, e entrando em a freguesia de Ervidel aonde já se lhe morrem alguns ribeiros, que a fazem mais caudalosa perde o nome, e daí para baixo se chama a ribeira de raxa, esta vai caminhando para o Poente, e nela se metem mais ribeiras, e vai morrer em o rio Sadão, os peixes que esta cria são pardelhas bordalos, e picoes não há nela pescarias que se possam tratar temporais não [?]
Beja_SantaVitoria.modernizada;*[42];PLC\_GPE[42];44;freguesia de Ervidel;#Text=A caça que se cria nos matos desta freguesia são perdizes, coelhos, e lebres, e alguns javalis.//\r#Text=\r#Text=/p. 966/\r#Text=Freguesia de Santa Vitória termo de Beja\r#Text=Nos terceiros interrogatórios não tenho que dizer, só sim que nesta freguesia há uma ribeira chamada dos Louriçais, a qual tem seu princípio em o termo de Castro, aquando entra nesta freguesia corre do Nascente, e entrando em a freguesia de Ervidel aonde já se lhe morrem alguns ribeiros, que a fazem mais caudalosa perde o nome, e daí para baixo se chama a ribeira de raxa, esta vai caminhando para o Poente, e nela se metem mais ribeiras, e vai morrer em o rio Sadão, os peixes que esta cria são pardelhas bordalos, e picoes não há nela pescarias que se possam tratar temporais não [?]
Beja_SantaVitoria.modernizada;*[43];PLC\_AQU[43];45;ribeira de raxa;#Text=A caça que se cria nos matos desta freguesia são perdizes, coelhos, e lebres, e alguns javalis.//\r#Text=\r#Text=/p. 966/\r#Text=Freguesia de Santa Vitória termo de Beja\r#Text=Nos terceiros interrogatórios não tenho que dizer, só sim que nesta freguesia há uma ribeira chamada dos Louriçais, a qual tem seu princípio em o termo de Castro, aquando entra nesta freguesia corre do Nascente, e entrando em a freguesia de Ervidel aonde já se lhe morrem alguns ribeiros, que a fazem mais caudalosa perde o nome, e daí para baixo se chama a ribeira de raxa, esta vai caminhando para o Poente, e nela se metem mais ribeiras, e vai morrer em o rio Sadão, os peixes que esta cria são pardelhas bordalos, e picoes não há nela pescarias que se possam tratar temporais não [?]
Beja_SantaVitoria.modernizada;*[44];PLC\_AQU[44];46;rio Sadão;#Text=A caça que se cria nos matos desta freguesia são perdizes, coelhos, e lebres, e alguns javalis.//\r#Text=\r#Text=/p. 966/\r#Text=Freguesia de Santa Vitória termo de Beja\r#Text=Nos terceiros interrogatórios não tenho que dizer, só sim que nesta freguesia há uma ribeira chamada dos Louriçais, a qual tem seu princípio em o termo de Castro, aquando entra nesta freguesia corre do Nascente, e entrando em a freguesia de Ervidel aonde já se lhe morrem alguns ribeiros, que a fazem mais caudalosa perde o nome, e daí para baixo se chama a ribeira de raxa, esta vai caminhando para o Poente, e nela se metem mais ribeiras, e vai morrer em o rio Sadão, os peixes que esta cria são pardelhas bordalos, e picoes não há nela pescarias que se possam tratar temporais não [?]
Beja_SantaVitoria.modernizada;*[45];PLC\_GPE[45];47;Santa Vitória;#Text=Não tenho mais cousa alguma de que dar conta que o sobredito em fé de que me assinei Santa Vitória 8 de maio de 1758.
Beja_SantaVitoria.modernizada;*[46];TIM\_CRON[46];47;8 de maio de 1758;#Text=Não tenho mais cousa alguma de que dar conta que o sobredito em fé de que me assinei Santa Vitória 8 de maio de 1758.
Beja_SantaVitoria.modernizada;*[47];PER\_NAM[47];48;pároco Simão Pires Calado;#Text=O pároco Simão Pires Calado [assinatura autógrafa]//”\r#Text=\r#Text=Transcrição: Ofélia Sequeira    \r#Text=1 Palavra ilegível.\r#Text=2 Palavra ilegível. \r#Text=---------------\r#Text=\r#Text=------------------------------------------------------------\r#Text=\r#Text=---------------\r#Text=\r#Text=------------------------------------------------------------
Beja_SantaVitoria.modernizada;*[4];PLC\_LOC[4];4;província de Alentejo;#Text=Santa Vitória, 1758, 8 de Maio\r#Text=Memória Paroquial de Santa Vitória, Comarca de Beja\r#Text=[ANTT, Memórias Paroquiais, vol. 39, nº 155, p. 963 a 966]\r#Text=\r#Text=“/p. 963/\r#Text=Santa Vitória termo Beja\r#Text=Resposta dos interrogatórios que se procura saber desta freguesia de Santa Vitória do termo da cidade de Beja\r#Text=Está esta freguesia da Matriz Santa Vitória, em a província de Alentejo do arcebispado de Évora, no termo da cidade de Beja.
Beja_SantaVitoria.modernizada;*[5];PLC\_GPE[5];5;arcebispado de Évora;#Text=Santa Vitória, 1758, 8 de Maio\r#Text=Memória Paroquial de Santa Vitória, Comarca de Beja\r#Text=[ANTT, Memórias Paroquiais, vol. 39, nº 155, p. 963 a 966]\r#Text=\r#Text=“/p. 963/\r#Text=Santa Vitória termo Beja\r#Text=Resposta dos interrogatórios que se procura saber desta freguesia de Santa Vitória do termo da cidade de Beja\r#Text=Está esta freguesia da Matriz Santa Vitória, em a província de Alentejo do arcebispado de Évora, no termo da cidade de Beja.
Beja_SantaVitoria.modernizada;*[6];PLC\_LOC[6];6;termo da cidade de Beja;#Text=Santa Vitória, 1758, 8 de Maio\r#Text=Memória Paroquial de Santa Vitória, Comarca de Beja\r#Text=[ANTT, Memórias Paroquiais, vol. 39, nº 155, p. 963 a 966]\r#Text=\r#Text=“/p. 963/\r#Text=Santa Vitória termo Beja\r#Text=Resposta dos interrogatórios que se procura saber desta freguesia de Santa Vitória do termo da cidade de Beja\r#Text=Está esta freguesia da Matriz Santa Vitória, em a província de Alentejo do arcebispado de Évora, no termo da cidade de Beja.
Beja_SantaVitoria.modernizada;*[7];PER\_NAM[7];7;infante Dom Pedro;#Text=É terra do senhor infante Dom Pedro.
Beja_SantaVitoria.modernizada;*[8];PLC\_GPE[8];8;cidade de Beja;#Text=Está situada em uma campina, e da parte do Norte tem um ribeiro de água nativa todo o ano, e desta parte, está uma ladeira como uma muralha que cerca parte da aldeia com alguma altura, descendente dela a cidade de Beja, que dista duas léguas e meia, a vila de Aljustrel, que dista o mesmo, a freguesia de São Julião de Ervidel, e a sua aldeia, que dista meia légua, e aldeia da freguesia de Santa Suzana de Mombeja, que dista três quartos de légua.
Beja_SantaVitoria.modernizada;*[9];PLC\_GPE[9];9;vila de Aljustrel;#Text=Está situada em uma campina, e da parte do Norte tem um ribeiro de água nativa todo o ano, e desta parte, está uma ladeira como uma muralha que cerca parte da aldeia com alguma altura, descendente dela a cidade de Beja, que dista duas léguas e meia, a vila de Aljustrel, que dista o mesmo, a freguesia de São Julião de Ervidel, e a sua aldeia, que dista meia légua, e aldeia da freguesia de Santa Suzana de Mombeja, que dista três quartos de légua.
