﻿file_name;entity;category_entity;entity_cardinal;ent_concat;text_concat
Beja_Beringel.modernizada;*;PLC\_LOC;8;Trigaches;"#Text=Bernardo.\r#Text=3 Tem (sem compreender o seu termo e uma aldeia que está nele, e se chama Trigaches) trezentos fogos; e mil e vinte pessoas de ambos os sexos, a saber: quinhentas e duas do sexo masculino e quinhentas e dezoito do sexo feminino.\r#Text=4 Está situada em um pequeno declive que olha para o poente, e se descobre dela a aldeia de Trigaches que dista dela meia légua e fica no seu termo, e a vila de Alvito que dista dela três léguas.\r#Text=5 Tem termo seu que compreende a dita aldeia de Trigaches em que se acham quarenta e oito fogos, e cento e noventa almas, a saber: oitenta e cinco do sexo masculino e cento e cinco do belo sexo. #Text=E esta o perde chegando à aldeia de Alfundão."
Beja_Beringel.modernizada;*;PER\_DIV;17;Crucifixo;#Text=Tem a igreja sete altares, a saber: altar-mor e de Nossa Senhora da Ascenção, o da Senhora da Piedade, o da Senhora do Rosário, o das Almas, o dos Crucifixo e o de S. #Text=Francisco que faz as três funções na mesma paróquia no altar do crucifixo.\r#Text=8 O pároco é prior, apresentado pelo marquês das Minas que é o padroeiro da mesma igreja e tem no frontespício dela, as suas armas.
Beja_Beringel.modernizada;*;PER\_DIV;25;crucifixo;#Text=Tem a igreja sete altares, a saber: altar-mor e de Nossa Senhora da Ascenção, o da Senhora da Piedade, o da Senhora do Rosário, o das Almas, o dos Crucifixo e o de S. #Text=Francisco que faz as três funções na mesma paróquia no altar do crucifixo.\r#Text=8 O pároco é prior, apresentado pelo marquês das Minas que é o padroeiro da mesma igreja e tem no frontespício dela, as suas armas.
Beja_Beringel.modernizada;*;ORG;32;misericórdia;"#Text=Não consta que tenha renda fixa ao mesmo hospital.\r#Text=12 Tem casa de misericórdia. #Text=Pedro de Sousa porque a doou com alguma renda, e lhe uniu por uma bula pontificia a renda da confraria de Nossa Senhora da Piedade que estava fundada na paróquia, ficando a misericórdia com as obrigações da confraria. #Text=E estas rendas da confraria são o fundo principal da renda da misericórdia que consiste em oito ou nove moios de trigo e trinta mil réis em dinheiro.\r#Text=13 Tem dentro da vila a ermida de Santo António; e fora dela em pouca distância, a de Nossa Senhora da Conceição."
Beja_Beringel.modernizada;*;ORG;35;misericórdia;"#Text=Não consta que tenha renda fixa ao mesmo hospital.\r#Text=12 Tem casa de misericórdia. #Text=Pedro de Sousa porque a doou com alguma renda, e lhe uniu por uma bula pontificia a renda da confraria de Nossa Senhora da Piedade que estava fundada na paróquia, ficando a misericórdia com as obrigações da confraria. #Text=E estas rendas da confraria são o fundo principal da renda da misericórdia que consiste em oito ou nove moios de trigo e trinta mil réis em dinheiro.\r#Text=13 Tem dentro da vila a ermida de Santo António; e fora dela em pouca distância, a de Nossa Senhora da Conceição."
Beja_Beringel.modernizada;*;ORG;36;misericórdia;"#Text=Não consta que tenha renda fixa ao mesmo hospital.\r#Text=12 Tem casa de misericórdia. #Text=Pedro de Sousa porque a doou com alguma renda, e lhe uniu por uma bula pontificia a renda da confraria de Nossa Senhora da Piedade que estava fundada na paróquia, ficando a misericórdia com as obrigações da confraria. #Text=E estas rendas da confraria são o fundo principal da renda da misericórdia que consiste em oito ou nove moios de trigo e trinta mil réis em dinheiro.\r#Text=13 Tem dentro da vila a ermida de Santo António; e fora dela em pouca distância, a de Nossa Senhora da Conceição."
Beja_Beringel.modernizada;*;TIM\_CRON;41;1755;"#Text=Sebastião cujo teto se arruinou no terremoto de 1755 e se acha reparado; e a ermida de S. #Text=Está já em parte, totalmente raso; e parece foi obra dos mouros na sua retirada.\r#Text=26 Não padeceu esta vila no terremoto de 1755 estrago algum considerável, somente em algumas casas se viram algumas ruínas e somente as duas ermidas de S."
Beja_Beringel.modernizada;*;PLC\_FAC;43;misericórdia;#Text=Pedro que padeceu total ruína no dito terremoto, e se acha ainda da mesma sorte.\r#Text=14 E todas estas ermidas e misericórdia são filiais da matriz e consequentemente pertencem ao prelado.\r#Text=15 Os frutos da terra que os moradores recolhem em maior abundância é trigo e azeite.\r#Text=16 Tem dois juizes ordinários e oficiais da câmara que todos os anos nomeoa o marquês das Minas como donatário desta vila e tambem dá o oficio de juiz dos orfãos, escrivães, tabelião e mais oficios desta vila pelas suas doações.\r#Text=20 Não tem correo e se serve do de Beja que dista desta vila légua e meia.\r#Text=21 Dista da metrópole deste arcebispado nove léguas, e da capital do reino, dezoito léguas.
Beja_Beringel.modernizada;*;PLC\_GPE;45;Beja;#Text=Pedro que padeceu total ruína no dito terremoto, e se acha ainda da mesma sorte.\r#Text=14 E todas estas ermidas e misericórdia são filiais da matriz e consequentemente pertencem ao prelado.\r#Text=15 Os frutos da terra que os moradores recolhem em maior abundância é trigo e azeite.\r#Text=16 Tem dois juizes ordinários e oficiais da câmara que todos os anos nomeoa o marquês das Minas como donatário desta vila e tambem dá o oficio de juiz dos orfãos, escrivães, tabelião e mais oficios desta vila pelas suas doações.\r#Text=20 Não tem correo e se serve do de Beja que dista desta vila légua e meia.\r#Text=21 Dista da metrópole deste arcebispado nove léguas, e da capital do reino, dezoito léguas.
Beja_Beringel.modernizada;*;PER\_PGRP;49;mouros;"#Text=E alguns de fora que foram atacados dessa queixa assistindo nela não experimentaram algum ataque.\r#Text=25 Há perto desta vila um outeiro de bastante eminência que chamam o outeiro do Circo; e junto do seu cume há em roda um muro de pedra antigu que os mouros chamaram castro; e hoje os militares entrincheramento. #Text=Está já em parte, totalmente raso; e parece foi obra dos mouros na sua retirada.\r#Text=26 Não padeceu esta vila no terremoto de 1755 estrago algum considerável, somente em algumas casas se viram algumas ruínas e somente as duas ermidas de S."
Beja_Beringel.modernizada;*;PER\_PGRP;50;mouros;"#Text=E alguns de fora que foram atacados dessa queixa assistindo nela não experimentaram algum ataque.\r#Text=25 Há perto desta vila um outeiro de bastante eminência que chamam o outeiro do Circo; e junto do seu cume há em roda um muro de pedra antigu que os mouros chamaram castro; e hoje os militares entrincheramento. #Text=Está já em parte, totalmente raso; e parece foi obra dos mouros na sua retirada.\r#Text=26 Não padeceu esta vila no terremoto de 1755 estrago algum considerável, somente em algumas casas se viram algumas ruínas e somente as duas ermidas de S."
Beja_Beringel.modernizada;*;TIM\_CRON;51;1755;"#Text=Sebastião cujo teto se arruinou no terremoto de 1755 e se acha reparado; e a ermida de S. #Text=Está já em parte, totalmente raso; e parece foi obra dos mouros na sua retirada.\r#Text=26 Não padeceu esta vila no terremoto de 1755 estrago algum considerável, somente em algumas casas se viram algumas ruínas e somente as duas ermidas de S."
Beja_Beringel.modernizada;*;PLC\_AQU;59;Álamo;#Text=E na falda dela há muitas fontes, sendo a principal a que chamam a Fonte de Andresa estimável pelo cristalino de sua água e perenidade com que sempre corre.\r#Text=\r#Text=3ª Parte\r#Text=[Rio]\r#Text=Tem uma ribeira que chamam Rio Galego em que se mete outra chamada Álamo.
Beja_Beringel.modernizada;*;PLC\_LOC;60;Alfundão;"#Text=Bernardo.\r#Text=3 Tem (sem compreender o seu termo e uma aldeia que está nele, e se chama Trigaches) trezentos fogos; e mil e vinte pessoas de ambos os sexos, a saber: quinhentas e duas do sexo masculino e quinhentas e dezoito do sexo feminino.\r#Text=4 Está situada em um pequeno declive que olha para o poente, e se descobre dela a aldeia de Trigaches que dista dela meia légua e fica no seu termo, e a vila de Alvito que dista dela três léguas.\r#Text=5 Tem termo seu que compreende a dita aldeia de Trigaches em que se acham quarenta e oito fogos, e cento e noventa almas, a saber: oitenta e cinco do sexo masculino e cento e cinco do belo sexo. #Text=E esta o perde chegando à aldeia de Alfundão."
Beja_Beringel.modernizada;*[10];PLC\_LOC[10];11;aldeia de Trigaches;"#Text=Bernardo.\r#Text=3 Tem (sem compreender o seu termo e uma aldeia que está nele, e se chama Trigaches) trezentos fogos; e mil e vinte pessoas de ambos os sexos, a saber: quinhentas e duas do sexo masculino e quinhentas e dezoito do sexo feminino.\r#Text=4 Está situada em um pequeno declive que olha para o poente, e se descobre dela a aldeia de Trigaches que dista dela meia légua e fica no seu termo, e a vila de Alvito que dista dela três léguas.\r#Text=5 Tem termo seu que compreende a dita aldeia de Trigaches em que se acham quarenta e oito fogos, e cento e noventa almas, a saber: oitenta e cinco do sexo masculino e cento e cinco do belo sexo."
Beja_Beringel.modernizada;*[11];PER\_SAINT[11];12;Santo Estevão;"#Text=Compreende tambem o seu termo dezoito herdades em que há cento e trinta almas, a saber: setenta e oito do sexo masculino, e cincoenta e duas do sexo feminino.\r#Text=6 A paróquia está à entrada da vila e compreende a aldeia que fica dita e herdades; e a que mais dista dela fica na distância de uma légua.\r#Text=7 O orago da paróquia é Santo Estevão proto-mártir."
Beja_Beringel.modernizada;*[12];PER\_SAINT[12];13;Nossa Senhora da Ascenção;#Text=Tem a igreja sete altares, a saber: altar-mor e de Nossa Senhora da Ascenção, o da Senhora da Piedade, o da Senhora do Rosário, o das Almas, o dos Crucifixo e o de S.
Beja_Beringel.modernizada;*[13];PER\_SAINT[13];14;Senhora da Piedade;#Text=Tem a igreja sete altares, a saber: altar-mor e de Nossa Senhora da Ascenção, o da Senhora da Piedade, o da Senhora do Rosário, o das Almas, o dos Crucifixo e o de S.
Beja_Beringel.modernizada;*[14];PER\_SAINT[14];15;Senhora do Rosário;#Text=Tem a igreja sete altares, a saber: altar-mor e de Nossa Senhora da Ascenção, o da Senhora da Piedade, o da Senhora do Rosário, o das Almas, o dos Crucifixo e o de S.
Beja_Beringel.modernizada;*[15];PER\_PGRP[15];16;das Almas;#Text=Tem a igreja sete altares, a saber: altar-mor e de Nossa Senhora da Ascenção, o da Senhora da Piedade, o da Senhora do Rosário, o das Almas, o dos Crucifixo e o de S.
Beja_Beringel.modernizada;*[16];PER\_SAINT[16];18;S . João Batista;#Text=Tem a igreja sete altares, a saber: altar-mor e de Nossa Senhora da Ascenção, o da Senhora da Piedade, o da Senhora do Rosário, o das Almas, o dos Crucifixo e o de S. #Text=João Batista.
Beja_Beringel.modernizada;*[17];ORG[17];19;do Santissimo;"#Text=Tem// \r#Text=\r#Text=/p. 756/ \r#Text=três naves, quatro irmandades ou confrarias, a saber: a do Santissimo, a da Senhora do Rosário, a das Almas e a de Nossa Senhora da Conceição; em uma ermida da mesma Senhora que fica a pouca distância, fora da vila; e tem também a da Ordem Terceira, do nosso padre S."
Beja_Beringel.modernizada;*[18];ORG[18];20;Senhora do Rosário;"#Text=Tem// \r#Text=\r#Text=/p. 756/ \r#Text=três naves, quatro irmandades ou confrarias, a saber: a do Santissimo, a da Senhora do Rosário, a das Almas e a de Nossa Senhora da Conceição; em uma ermida da mesma Senhora que fica a pouca distância, fora da vila; e tem também a da Ordem Terceira, do nosso padre S."
Beja_Beringel.modernizada;*[19];ORG[19];21;das Almas;"#Text=Tem// \r#Text=\r#Text=/p. 756/ \r#Text=três naves, quatro irmandades ou confrarias, a saber: a do Santissimo, a da Senhora do Rosário, a das Almas e a de Nossa Senhora da Conceição; em uma ermida da mesma Senhora que fica a pouca distância, fora da vila; e tem também a da Ordem Terceira, do nosso padre S."
Beja_Beringel.modernizada;*[1];PLC\_GPE[1];1;Vila de Beringel;#Text=Beringel, 1758\r#Text=Memória Paroquial de Beringel, Comarca de Beja\r#Text=[ANTT, Memórias paroquiais, vol. 7, nº 8, p. 755 a 760]\r#Text=\r#Text=“p. 755/\r#Text=Vila de Beringel.\r#Text=1 A vila de Beringel fica na província de Alentejo, no arcebispado de Évora, comarca de Beja.
Beja_Beringel.modernizada;*[20];ORG[20];22;Nossa Senhora da Conceição;"#Text=Tem// \r#Text=\r#Text=/p. 756/ \r#Text=três naves, quatro irmandades ou confrarias, a saber: a do Santissimo, a da Senhora do Rosário, a das Almas e a de Nossa Senhora da Conceição; em uma ermida da mesma Senhora que fica a pouca distância, fora da vila; e tem também a da Ordem Terceira, do nosso padre S."
Beja_Beringel.modernizada;*[21];ORG[21];23;da Ordem Terceira;"#Text=Tem// \r#Text=\r#Text=/p. 756/ \r#Text=três naves, quatro irmandades ou confrarias, a saber: a do Santissimo, a da Senhora do Rosário, a das Almas e a de Nossa Senhora da Conceição; em uma ermida da mesma Senhora que fica a pouca distância, fora da vila; e tem também a da Ordem Terceira, do nosso padre S."
Beja_Beringel.modernizada;*[22];PER\_SAINT[22];24;S . Francisco;"#Text=Tem// \r#Text=\r#Text=/p. 756/ \r#Text=três naves, quatro irmandades ou confrarias, a saber: a do Santissimo, a da Senhora do Rosário, a das Almas e a de Nossa Senhora da Conceição; em uma ermida da mesma Senhora que fica a pouca distância, fora da vila; e tem também a da Ordem Terceira, do nosso padre S. #Text=Francisco que faz as três funções na mesma paróquia no altar do crucifixo.\r#Text=8 O pároco é prior, apresentado pelo marquês das Minas que é o padroeiro da mesma igreja e tem no frontespício dela, as suas armas."
Beja_Beringel.modernizada;*[23];PER\_CAT[23];26;marquês das Minas;#Text=Francisco que faz as três funções na mesma paróquia no altar do crucifixo.\r#Text=8 O pároco é prior, apresentado pelo marquês das Minas que é o padroeiro da mesma igreja e tem no frontespício dela, as suas armas.
Beja_Beringel.modernizada;*[24];PER\_NAM[24];27;Cardeal Rei;#Text=Tem o prior de renda de trezentos e cincoenta mil réis até quatrocentos.\r#Text=9 Tem a igreja dois beneficiados que, no tempo do Cardeal Rei, quando era arcebispo de Évora e o donatário desta vila, o conde de Prado, D.
Beja_Beringel.modernizada;*[25];PER\_OCC[25];28;arcebispo de Évora;#Text=Tem o prior de renda de trezentos e cincoenta mil réis até quatrocentos.\r#Text=9 Tem a igreja dois beneficiados que, no tempo do Cardeal Rei, quando era arcebispo de Évora e o donatário desta vila, o conde de Prado, D.
Beja_Beringel.modernizada;*[26];PER\_NAM[26];29;conde de Prado , D .;#Text=Tem o prior de renda de trezentos e cincoenta mil réis até quatrocentos.\r#Text=9 Tem a igreja dois beneficiados que, no tempo do Cardeal Rei, quando era arcebispo de Évora e o donatário desta vila, o conde de Prado, D.
Beja_Beringel.modernizada;*[27];PER\_NAM[27];29;Pedro de Souza;#Text=Pedro de Souza, de uma pequena parte da renda da Mitra, e da maior parte da renda do Priorado, foram criados curados, para coadjutores do prior.
Beja_Beringel.modernizada;*[28];PER\_CAT[28];30;marquês das Minas;#Text=Um deles, isto é dos beneficiados, é da apresentação do marquês das Minas e outros apresenta o prelado.
Beja_Beringel.modernizada;*[29];PER\_CAT[29];31;marquês das Minas;"#Text=Aprezenta mais o marquês das Minas nesta igreja o tesoureiro dela que é benefício; e terá de renda cincoenta mil réis."
Beja_Beringel.modernizada;*[2];PLC\_GPE[2];2;vila de Beringel;#Text=Beringel, 1758\r#Text=Memória Paroquial de Beringel, Comarca de Beja\r#Text=[ANTT, Memórias paroquiais, vol. 7, nº 8, p. 755 a 760]\r#Text=\r#Text=“p. 755/\r#Text=Vila de Beringel.\r#Text=1 A vila de Beringel fica na província de Alentejo, no arcebispado de Évora, comarca de Beja.
Beja_Beringel.modernizada;*[30];PER\_NAM[30];33;conde do Prado D . Pedro de Sousa;#Text=Presume-se que foi erigida pelo conde do Prado D. #Text=Pedro de Sousa porque a doou com alguma renda, e lhe uniu por uma bula pontificia a renda da confraria de Nossa Senhora da Piedade que estava fundada na paróquia, ficando a misericórdia com as obrigações da confraria.
Beja_Beringel.modernizada;*[31];ORG[31];34;confraria de Nossa Senhora da Piedade;#Text=Pedro de Sousa porque a doou com alguma renda, e lhe uniu por uma bula pontificia a renda da confraria de Nossa Senhora da Piedade que estava fundada na paróquia, ficando a misericórdia com as obrigações da confraria.
Beja_Beringel.modernizada;*[32];PLC\_FAC[32];37;ermida de Santo António;"#Text=E estas rendas da confraria são o fundo principal da renda da misericórdia que consiste em oito ou nove moios de trigo e trinta mil réis em dinheiro.\r#Text=13 Tem dentro da vila a ermida de Santo António; e fora dela em pouca distância, a de Nossa Senhora da Conceição."
Beja_Beringel.modernizada;*[33];PLC\_FAC[33];38;Nossa Senhora da Conceição;"#Text=E estas rendas da confraria são o fundo principal da renda da misericórdia que consiste em oito ou nove moios de trigo e trinta mil réis em dinheiro.\r#Text=13 Tem dentro da vila a ermida de Santo António; e fora dela em pouca distância, a de Nossa Senhora da Conceição."
Beja_Beringel.modernizada;*[34];TIM\_CRON[34];39;desde a Páscoa de Flores até à do Espírito Santo;#Text=A este concorre bastante romagem desde a Páscoa de Flores até à do Espírito Santo.
Beja_Beringel.modernizada;*[35];PLC\_FAC[35];40;ermida de S . Sebastião;"#Text=Tem também fora da vila a ermida de S. #Text=Sebastião cujo teto se arruinou no terremoto de 1755 e se acha reparado; e a ermida de S."
Beja_Beringel.modernizada;*[36];PER\_SAINT[36];42;ermida de S . Pedro;"#Text=Sebastião cujo teto se arruinou no terremoto de 1755 e se acha reparado; e a ermida de S. #Text=Pedro que padeceu total ruína no dito terremoto, e se acha ainda da mesma sorte.\r#Text=14 E todas estas ermidas e misericórdia são filiais da matriz e consequentemente pertencem ao prelado.\r#Text=15 Os frutos da terra que os moradores recolhem em maior abundância é trigo e azeite.\r#Text=16 Tem dois juizes ordinários e oficiais da câmara que todos os anos nomeoa o marquês das Minas como donatário desta vila e tambem dá o oficio de juiz dos orfãos, escrivães, tabelião e mais oficios desta vila pelas suas doações.\r#Text=20 Não tem correo e se serve do de Beja que dista desta vila légua e meia.\r#Text=21 Dista da metrópole deste arcebispado nove léguas, e da capital do reino, dezoito léguas."
Beja_Beringel.modernizada;*[37];PER\_CAT[37];44;marquês das Minas;#Text=Pedro que padeceu total ruína no dito terremoto, e se acha ainda da mesma sorte.\r#Text=14 E todas estas ermidas e misericórdia são filiais da matriz e consequentemente pertencem ao prelado.\r#Text=15 Os frutos da terra que os moradores recolhem em maior abundância é trigo e azeite.\r#Text=16 Tem dois juizes ordinários e oficiais da câmara que todos os anos nomeoa o marquês das Minas como donatário desta vila e tambem dá o oficio de juiz dos orfãos, escrivães, tabelião e mais oficios desta vila pelas suas doações.\r#Text=20 Não tem correo e se serve do de Beja que dista desta vila légua e meia.\r#Text=21 Dista da metrópole deste arcebispado nove léguas, e da capital do reino, dezoito léguas.
Beja_Beringel.modernizada;*[38];PLC\_GPE[38];46;vila de Moura;#Text=Isto é contando dela até à vila de Moura e entrando o rio, vinte e uma.//\r#Text=\r#Text=/p. 758/\r#Text=22 Tem o privilégio de se não pagar nela sisa de compra ou venda alguma.
Beja_Beringel.modernizada;*[39];PLC\_GPE[39];47;cidade de Beja;#Text=E também os seus moradores não pagam sisa nem portagem na cidade de Beja, por carta de vizinhança que têm com esta cidade.\r#Text=23 Há nesta vila dois poços de que bebem os seus moradores e várias fontes nas vizinhanças dela, cujas águas todos se tem sem duvida por perservativas de enfermidade de pedra, por não haver memória nela de enfermos pedristas.
Beja_Beringel.modernizada;*[3];PLC\_LOC[3];3;província de Alentejo;#Text=Beringel, 1758\r#Text=Memória Paroquial de Beringel, Comarca de Beja\r#Text=[ANTT, Memórias paroquiais, vol. 7, nº 8, p. 755 a 760]\r#Text=\r#Text=“p. 755/\r#Text=Vila de Beringel.\r#Text=1 A vila de Beringel fica na província de Alentejo, no arcebispado de Évora, comarca de Beja.
Beja_Beringel.modernizada;*[40];PLC\_MOUNT[40];48;outeiro do Circo;"#Text=E alguns de fora que foram atacados dessa queixa assistindo nela não experimentaram algum ataque.\r#Text=25 Há perto desta vila um outeiro de bastante eminência que chamam o outeiro do Circo; e junto do seu cume há em roda um muro de pedra antigu que os mouros chamaram castro; e hoje os militares entrincheramento."
Beja_Beringel.modernizada;*[41];PLC\_FAC[41];52;S . Sebastião;"#Text=Está já em parte, totalmente raso; e parece foi obra dos mouros na sua retirada.\r#Text=26 Não padeceu esta vila no terremoto de 1755 estrago algum considerável, somente em algumas casas se viram algumas ruínas e somente as duas ermidas de S. #Text=Sebastião e S."
Beja_Beringel.modernizada;*[42];PLC\_FAC[42];53;S . Pedro;#Text=Sebastião e S. #Text=Pedro ao que ficam ditas.\r#Text=\r#Text=2ª Parte\r#Text=[Serra]\r#Text=A serra pertencente a esta vila é parte da que chamam Serra das Pedras.
Beja_Beringel.modernizada;*[43];PLC\_MOUNT[43];54;Serra das Pedras;#Text=Pedro ao que ficam ditas.\r#Text=\r#Text=2ª Parte\r#Text=[Serra]\r#Text=A serra pertencente a esta vila é parte da que chamam Serra das Pedras.
Beja_Beringel.modernizada;*[44];PLC\_MOUNT[44];55;da Cabeça Gorda;#Text=Principia junto ao outeiro que chamam da Cabeça Gorda e continua o seu comprimento até o outeiro do Circo, pouco menos de um quarto de légua.
Beja_Beringel.modernizada;*[45];PLC\_MOUNT[45];56;outeiro do Circo;#Text=Principia junto ao outeiro que chamam da Cabeça Gorda e continua o seu comprimento até o outeiro do Circo, pouco menos de um quarto de légua.
Beja_Beringel.modernizada;*[46];PLC\_AQU[46];57;Fonte de Andresa;#Text=E na falda dela há muitas fontes, sendo a principal a que chamam a Fonte de Andresa estimável pelo cristalino de sua água e perenidade com que sempre corre.\r#Text=\r#Text=3ª Parte\r#Text=[Rio]\r#Text=Tem uma ribeira que chamam Rio Galego em que se mete outra chamada Álamo.
Beja_Beringel.modernizada;*[47];PLC\_AQU[47];58;Rio Galego;#Text=E na falda dela há muitas fontes, sendo a principal a que chamam a Fonte de Andresa estimável pelo cristalino de sua água e perenidade com que sempre corre.\r#Text=\r#Text=3ª Parte\r#Text=[Rio]\r#Text=Tem uma ribeira que chamam Rio Galego em que se mete outra chamada Álamo.
Beja_Beringel.modernizada;*[48];PER\_CAT[48];61;marquês das Minas;#Text=De todas as terras que estão dentro do termo se paga o quinto do trigo, cevada e legumes ao donatário dela, o marquês das Minas e o noveno do vinho.
Beja_Beringel.modernizada;*[49];PLC\_LOC[49];62;aldeia de Trigaches;#Text=Tem junto à aldeia de Trigaches muitas pedreiras de mármore enquanto os moradores desta aldeia colhem pedra para muitos fornos de cal que cozem todo o verão e lhes redituam todos os anos mais de quatro mil cruzados.
Beja_Beringel.modernizada;*[4];PLC\_GPE[4];4;arcebispado de Évora;#Text=Beringel, 1758\r#Text=Memória Paroquial de Beringel, Comarca de Beja\r#Text=[ANTT, Memórias paroquiais, vol. 7, nº 8, p. 755 a 760]\r#Text=\r#Text=“p. 755/\r#Text=Vila de Beringel.\r#Text=1 A vila de Beringel fica na província de Alentejo, no arcebispado de Évora, comarca de Beja.
Beja_Beringel.modernizada;*[50];PLC\_GPE[50];63;comarca de Beja e de Campo de Ourique;#Text=Provendo-se deles toda a comarca de Beja e de Campo de Ourique.
Beja_Beringel.modernizada;*[51];PER\_NAM[51];64;Amaro Coutinho de Morais;"#Text=as) Amaro Coutinho de Morais [assinatura autógrafa]//""\r#Text=\r#Text=in COSME, João, VARANDAS, José (introdução e revisão), Memórias Paroquiais (1758-1759), vol."
Beja_Beringel.modernizada;*[5];PLC\_GPE[5];5;comarca de Beja;#Text=Beringel, 1758\r#Text=Memória Paroquial de Beringel, Comarca de Beja\r#Text=[ANTT, Memórias paroquiais, vol. 7, nº 8, p. 755 a 760]\r#Text=\r#Text=“p. 755/\r#Text=Vila de Beringel.\r#Text=1 A vila de Beringel fica na província de Alentejo, no arcebispado de Évora, comarca de Beja.
Beja_Beringel.modernizada;*[6];PER\_CAT[6];6;marquês das Minas;#Text=Tem termo seu e freguesia.\r#Text=2 É donatário desta vila o marquês das Minas, e o foram sempre seus antepassados que a fundaram, havendo o seu termo por uma transacção que fizeram com os monges de S.
Beja_Beringel.modernizada;*[7];PER\_PGRP[7];7;monges de S . Bernardo;"#Text=Tem termo seu e freguesia.\r#Text=2 É donatário desta vila o marquês das Minas, e o foram sempre seus antepassados que a fundaram, havendo o seu termo por uma transacção que fizeram com os monges de S. #Text=Bernardo.\r#Text=3 Tem (sem compreender o seu termo e uma aldeia que está nele, e se chama Trigaches) trezentos fogos; e mil e vinte pessoas de ambos os sexos, a saber: quinhentas e duas do sexo masculino e quinhentas e dezoito do sexo feminino.\r#Text=4 Está situada em um pequeno declive que olha para o poente, e se descobre dela a aldeia de Trigaches que dista dela meia légua e fica no seu termo, e a vila de Alvito que dista dela três léguas.\r#Text=5 Tem termo seu que compreende a dita aldeia de Trigaches em que se acham quarenta e oito fogos, e cento e noventa almas, a saber: oitenta e cinco do sexo masculino e cento e cinco do belo sexo."
Beja_Beringel.modernizada;*[8];PLC\_LOC[8];9;aldeia de Trigaches;"#Text=Bernardo.\r#Text=3 Tem (sem compreender o seu termo e uma aldeia que está nele, e se chama Trigaches) trezentos fogos; e mil e vinte pessoas de ambos os sexos, a saber: quinhentas e duas do sexo masculino e quinhentas e dezoito do sexo feminino.\r#Text=4 Está situada em um pequeno declive que olha para o poente, e se descobre dela a aldeia de Trigaches que dista dela meia légua e fica no seu termo, e a vila de Alvito que dista dela três léguas.\r#Text=5 Tem termo seu que compreende a dita aldeia de Trigaches em que se acham quarenta e oito fogos, e cento e noventa almas, a saber: oitenta e cinco do sexo masculino e cento e cinco do belo sexo."
Beja_Beringel.modernizada;*[9];PLC\_GPE[9];10;vila de Alvito;"#Text=Bernardo.\r#Text=3 Tem (sem compreender o seu termo e uma aldeia que está nele, e se chama Trigaches) trezentos fogos; e mil e vinte pessoas de ambos os sexos, a saber: quinhentas e duas do sexo masculino e quinhentas e dezoito do sexo feminino.\r#Text=4 Está situada em um pequeno declive que olha para o poente, e se descobre dela a aldeia de Trigaches que dista dela meia légua e fica no seu termo, e a vila de Alvito que dista dela três léguas.\r#Text=5 Tem termo seu que compreende a dita aldeia de Trigaches em que se acham quarenta e oito fogos, e cento e noventa almas, a saber: oitenta e cinco do sexo masculino e cento e cinco do belo sexo."
