﻿file_name;entity;category_entity;entity_cardinal;ent_concat;text_concat
Beja_Salvada.modernizada;*;PER\_PGRP;6;Infantado;"#Text=É do Infantado, a quem pertence a cidade de Beja \r#Text=Tem duzentos, e sessenta, e cinco vizinhos; e pessoas oitocentas, e dez. #Text=É o orago da igreja Nossa Senhora da Conceição, tem cinco altares, a saber o altar mor, com a imagem da dita Senhora, o Menino Jesus da parte do evangelho, e São Pedro da parte da epistola, da parte do evangelho está o altar de Nossa Senhora do Rosário, e tem só a imagem da dita Senhora, e da mesma parte está o altar do Senhor Santo António, e tem só a sua imagem, da parte da epistola está o altar do Senhor Jesus e tem só a imagem do Senhor Crucificado; e da mesma parte está o altar das Almas, e tem as imagens de São Miguel, e de São Caetano."
Beja_Salvada.modernizada;*;PLC\_LOC;10;Salvada;"#Text=Não tem termo porque é aldeia; tem duas aldeias na freguesia; uma chamada Salvada, que é aonde assiste o cura, que se compõem de setenta vezinhos, e outra a que chamam Cabeça Gorda e tem sessenta, e quatro vizinhos; tem sessenta, e seis herdades; e três digo quatro hortas, horta de Riba, horta do Meio, horta de Baixo, e horta Nova, e duas quintas uma chamada a quinta de Gil Váz Lobo, e a outra a quinta da Boteta."
Beja_Salvada.modernizada;*;PER\_PGRP;26;Almas;"#Text=É do Infantado, a quem pertence a cidade de Beja \r#Text=Tem duzentos, e sessenta, e cinco vizinhos; e pessoas oitocentas, e dez. #Text=É o orago da igreja Nossa Senhora da Conceição, tem cinco altares, a saber o altar mor, com a imagem da dita Senhora, o Menino Jesus da parte do evangelho, e São Pedro da parte da epistola, da parte do evangelho está o altar de Nossa Senhora do Rosário, e tem só a imagem da dita Senhora, e da mesma parte está o altar do Senhor Santo António, e tem só a sua imagem, da parte da epistola está o altar do Senhor Jesus e tem só a imagem do Senhor Crucificado; e da mesma parte está o altar das Almas, e tem as imagens de São Miguel, e de São Caetano."
Beja_Salvada.modernizada;*;PLC\_GPE;32;Beja;#Text=Não tem juiz, está sujeita a governança da justiça de Beja. #Text=Não há memória, que florescessem nem saíssem dela homens insignes, em virtudes, letras, ou armas\r#Text=Não há nela feira\r#Text=Não tem correio, serve-se do correio de Beja, que dista duas léguas \r#Text=Dista da cidade capital do arcebispado treze léguas, e de Lisboa vinte, e quatro. #Text=Não há memória, que florescessem nem saíssem dela homens insignes, em virtudes, letras, ou armas\r#Text=Não há nela feira\r#Text=Não tem correio, serve-se do correio de Beja, que dista duas léguas \r#Text=Dista da cidade capital do arcebispado treze léguas, e de Lisboa vinte, e quatro.
Beja_Salvada.modernizada;*;PLC\_GPE;33;Beja;#Text=Não tem juiz, está sujeita a governança da justiça de Beja. #Text=Não há memória, que florescessem nem saíssem dela homens insignes, em virtudes, letras, ou armas\r#Text=Não há nela feira\r#Text=Não tem correio, serve-se do correio de Beja, que dista duas léguas \r#Text=Dista da cidade capital do arcebispado treze léguas, e de Lisboa vinte, e quatro. #Text=Não há memória, que florescessem nem saíssem dela homens insignes, em virtudes, letras, ou armas\r#Text=Não há nela feira\r#Text=Não tem correio, serve-se do correio de Beja, que dista duas léguas \r#Text=Dista da cidade capital do arcebispado treze léguas, e de Lisboa vinte, e quatro.
Beja_Salvada.modernizada;*;PLC\_GPE;34;Lisboa;#Text=Não tem juiz, está sujeita a governança da justiça de Beja. #Text=Não há memória, que florescessem nem saíssem dela homens insignes, em virtudes, letras, ou armas\r#Text=Não há nela feira\r#Text=Não tem correio, serve-se do correio de Beja, que dista duas léguas \r#Text=Dista da cidade capital do arcebispado treze léguas, e de Lisboa vinte, e quatro. #Text=Não há memória, que florescessem nem saíssem dela homens insignes, em virtudes, letras, ou armas\r#Text=Não há nela feira\r#Text=Não tem correio, serve-se do correio de Beja, que dista duas léguas \r#Text=Dista da cidade capital do arcebispado treze léguas, e de Lisboa vinte, e quatro.
Beja_Salvada.modernizada;*[10];PLC\_LOC[10];12;horta de Riba;"#Text=Não tem termo porque é aldeia; tem duas aldeias na freguesia; uma chamada Salvada, que é aonde assiste o cura, que se compõem de setenta vezinhos, e outra a que chamam Cabeça Gorda e tem sessenta, e quatro vizinhos; tem sessenta, e seis herdades; e três digo quatro hortas, horta de Riba, horta do Meio, horta de Baixo, e horta Nova, e duas quintas uma chamada a quinta de Gil Váz Lobo, e a outra a quinta da Boteta."
Beja_Salvada.modernizada;*[11];PLC\_LOC[11];13;horta do Meio;"#Text=Não tem termo porque é aldeia; tem duas aldeias na freguesia; uma chamada Salvada, que é aonde assiste o cura, que se compõem de setenta vezinhos, e outra a que chamam Cabeça Gorda e tem sessenta, e quatro vizinhos; tem sessenta, e seis herdades; e três digo quatro hortas, horta de Riba, horta do Meio, horta de Baixo, e horta Nova, e duas quintas uma chamada a quinta de Gil Váz Lobo, e a outra a quinta da Boteta."
Beja_Salvada.modernizada;*[12];PLC\_LOC[12];14;horta de Baixo;"#Text=Não tem termo porque é aldeia; tem duas aldeias na freguesia; uma chamada Salvada, que é aonde assiste o cura, que se compõem de setenta vezinhos, e outra a que chamam Cabeça Gorda e tem sessenta, e quatro vizinhos; tem sessenta, e seis herdades; e três digo quatro hortas, horta de Riba, horta do Meio, horta de Baixo, e horta Nova, e duas quintas uma chamada a quinta de Gil Váz Lobo, e a outra a quinta da Boteta."
Beja_Salvada.modernizada;*[13];PLC\_LOC[13];15;horta Nova;"#Text=Não tem termo porque é aldeia; tem duas aldeias na freguesia; uma chamada Salvada, que é aonde assiste o cura, que se compõem de setenta vezinhos, e outra a que chamam Cabeça Gorda e tem sessenta, e quatro vizinhos; tem sessenta, e seis herdades; e três digo quatro hortas, horta de Riba, horta do Meio, horta de Baixo, e horta Nova, e duas quintas uma chamada a quinta de Gil Váz Lobo, e a outra a quinta da Boteta."
Beja_Salvada.modernizada;*[14];PLC\_LOC[14];16;quinta de Gil Váz Lobo;"#Text=Não tem termo porque é aldeia; tem duas aldeias na freguesia; uma chamada Salvada, que é aonde assiste o cura, que se compõem de setenta vezinhos, e outra a que chamam Cabeça Gorda e tem sessenta, e quatro vizinhos; tem sessenta, e seis herdades; e três digo quatro hortas, horta de Riba, horta do Meio, horta de Baixo, e horta Nova, e duas quintas uma chamada a quinta de Gil Váz Lobo, e a outra a quinta da Boteta."
Beja_Salvada.modernizada;*[15];PLC\_LOC[15];17;quinta da Boteta;"#Text=Não tem termo porque é aldeia; tem duas aldeias na freguesia; uma chamada Salvada, que é aonde assiste o cura, que se compõem de setenta vezinhos, e outra a que chamam Cabeça Gorda e tem sessenta, e quatro vizinhos; tem sessenta, e seis herdades; e três digo quatro hortas, horta de Riba, horta do Meio, horta de Baixo, e horta Nova, e duas quintas uma chamada a quinta de Gil Váz Lobo, e a outra a quinta da Boteta."
Beja_Salvada.modernizada;*[16];PLC\_LOC[16];18;aldeia da Salvada;#Text=A paróquia está contigua a aldeia da Salvada.
Beja_Salvada.modernizada;*[17];PER\_SAINT[17];19;Nossa Senhora da Conceição;"#Text=É o orago da igreja Nossa Senhora da Conceição, tem cinco altares, a saber o altar mor, com a imagem da dita Senhora, o Menino Jesus da parte do evangelho, e São Pedro da parte da epistola, da parte do evangelho está o altar de Nossa Senhora do Rosário, e tem só a imagem da dita Senhora, e da mesma parte está o altar do Senhor Santo António, e tem só a sua imagem, da parte da epistola está o altar do Senhor Jesus e tem só a imagem do Senhor Crucificado; e da mesma parte está o altar das Almas, e tem as imagens de São Miguel, e de São Caetano."
Beja_Salvada.modernizada;*[18];PER\_DIV[18];20;Menino Jesus;"#Text=É o orago da igreja Nossa Senhora da Conceição, tem cinco altares, a saber o altar mor, com a imagem da dita Senhora, o Menino Jesus da parte do evangelho, e São Pedro da parte da epistola, da parte do evangelho está o altar de Nossa Senhora do Rosário, e tem só a imagem da dita Senhora, e da mesma parte está o altar do Senhor Santo António, e tem só a sua imagem, da parte da epistola está o altar do Senhor Jesus e tem só a imagem do Senhor Crucificado; e da mesma parte está o altar das Almas, e tem as imagens de São Miguel, e de São Caetano."
Beja_Salvada.modernizada;*[19];PER\_SAINT[19];21;São Pedro;"#Text=É o orago da igreja Nossa Senhora da Conceição, tem cinco altares, a saber o altar mor, com a imagem da dita Senhora, o Menino Jesus da parte do evangelho, e São Pedro da parte da epistola, da parte do evangelho está o altar de Nossa Senhora do Rosário, e tem só a imagem da dita Senhora, e da mesma parte está o altar do Senhor Santo António, e tem só a sua imagem, da parte da epistola está o altar do Senhor Jesus e tem só a imagem do Senhor Crucificado; e da mesma parte está o altar das Almas, e tem as imagens de São Miguel, e de São Caetano."
Beja_Salvada.modernizada;*[1];PLC\_GPE[1];1;freguesia da Salvada termo da cidade de Beja;#Text=Salvada, 1758\r#Text=Memória Paroquial de Salvada, Comarca de Beja\r#Text=[ANTT, Memórias Paroquiais, vol. 33, nº 32, p. 209 a 210]\r#Text=\r#Text=“/p. 209/\r#Text=Relação das cousas notáveis desta freguesia da Salvada termo da cidade de Beja\r#Text=Fica esta aldeia da Salvada na província do Alentejo, arcebispado de Évora, comarca e termo de Beja.
Beja_Salvada.modernizada;*[20];PER\_SAINT[20];22;Nossa Senhora do Rosário;"#Text=É o orago da igreja Nossa Senhora da Conceição, tem cinco altares, a saber o altar mor, com a imagem da dita Senhora, o Menino Jesus da parte do evangelho, e São Pedro da parte da epistola, da parte do evangelho está o altar de Nossa Senhora do Rosário, e tem só a imagem da dita Senhora, e da mesma parte está o altar do Senhor Santo António, e tem só a sua imagem, da parte da epistola está o altar do Senhor Jesus e tem só a imagem do Senhor Crucificado; e da mesma parte está o altar das Almas, e tem as imagens de São Miguel, e de São Caetano."
Beja_Salvada.modernizada;*[21];PER\_SAINT[21];23;Santo António;"#Text=É o orago da igreja Nossa Senhora da Conceição, tem cinco altares, a saber o altar mor, com a imagem da dita Senhora, o Menino Jesus da parte do evangelho, e São Pedro da parte da epistola, da parte do evangelho está o altar de Nossa Senhora do Rosário, e tem só a imagem da dita Senhora, e da mesma parte está o altar do Senhor Santo António, e tem só a sua imagem, da parte da epistola está o altar do Senhor Jesus e tem só a imagem do Senhor Crucificado; e da mesma parte está o altar das Almas, e tem as imagens de São Miguel, e de São Caetano."
Beja_Salvada.modernizada;*[22];PER\_DIV[22];24;Senhor Jesus;"#Text=É o orago da igreja Nossa Senhora da Conceição, tem cinco altares, a saber o altar mor, com a imagem da dita Senhora, o Menino Jesus da parte do evangelho, e São Pedro da parte da epistola, da parte do evangelho está o altar de Nossa Senhora do Rosário, e tem só a imagem da dita Senhora, e da mesma parte está o altar do Senhor Santo António, e tem só a sua imagem, da parte da epistola está o altar do Senhor Jesus e tem só a imagem do Senhor Crucificado; e da mesma parte está o altar das Almas, e tem as imagens de São Miguel, e de São Caetano."
Beja_Salvada.modernizada;*[23];PER\_DIV[23];25;Senhor Crucificado;"#Text=É o orago da igreja Nossa Senhora da Conceição, tem cinco altares, a saber o altar mor, com a imagem da dita Senhora, o Menino Jesus da parte do evangelho, e São Pedro da parte da epistola, da parte do evangelho está o altar de Nossa Senhora do Rosário, e tem só a imagem da dita Senhora, e da mesma parte está o altar do Senhor Santo António, e tem só a sua imagem, da parte da epistola está o altar do Senhor Jesus e tem só a imagem do Senhor Crucificado; e da mesma parte está o altar das Almas, e tem as imagens de São Miguel, e de São Caetano."
Beja_Salvada.modernizada;*[24];PER\_SAINT[24];27;São Miguel;"#Text=É o orago da igreja Nossa Senhora da Conceição, tem cinco altares, a saber o altar mor, com a imagem da dita Senhora, o Menino Jesus da parte do evangelho, e São Pedro da parte da epistola, da parte do evangelho está o altar de Nossa Senhora do Rosário, e tem só a imagem da dita Senhora, e da mesma parte está o altar do Senhor Santo António, e tem só a sua imagem, da parte da epistola está o altar do Senhor Jesus e tem só a imagem do Senhor Crucificado; e da mesma parte está o altar das Almas, e tem as imagens de São Miguel, e de São Caetano."
Beja_Salvada.modernizada;*[25];PER\_SAINT[25];28;São Caetano;"#Text=É o orago da igreja Nossa Senhora da Conceição, tem cinco altares, a saber o altar mor, com a imagem da dita Senhora, o Menino Jesus da parte do evangelho, e São Pedro da parte da epistola, da parte do evangelho está o altar de Nossa Senhora do Rosário, e tem só a imagem da dita Senhora, e da mesma parte está o altar do Senhor Santo António, e tem só a sua imagem, da parte da epistola está o altar do Senhor Jesus e tem só a imagem do Senhor Crucificado; e da mesma parte está o altar das Almas, e tem as imagens de São Miguel, e de São Caetano."
Beja_Salvada.modernizada;*[26];ORG[26];29;do Rosário;"#Text=Não tem a igreja naves, é de abóboda, e a sacristia também; tem duas irmandades, uma do Rosário e outra das Almas, eretas pelo ordinário."
Beja_Salvada.modernizada;*[27];ORG[27];30;das Almas;"#Text=Não tem a igreja naves, é de abóboda, e a sacristia também; tem duas irmandades, uma do Rosário e outra das Almas, eretas pelo ordinário."
Beja_Salvada.modernizada;*[28];PER\_OCC[28];31;arcebispo de Évora;#Text=É curato, apresentada pelo excelentíssimo reverendíssimo senhor arcebispo de Évora, e tem sete moios de trigo de renda, e não tem cevada.
Beja_Salvada.modernizada;*[29];PLC\_GPE[29];35;freguesia da Salvada;#Text=Esta é a notícia, que posso dar desta freguesia da Salvada, enão há nela cousas dignas de nota.
Beja_Salvada.modernizada;*[2];PLC\_LOC[2];2;aldeia da Salvada;#Text=Salvada, 1758\r#Text=Memória Paroquial de Salvada, Comarca de Beja\r#Text=[ANTT, Memórias Paroquiais, vol. 33, nº 32, p. 209 a 210]\r#Text=\r#Text=“/p. 209/\r#Text=Relação das cousas notáveis desta freguesia da Salvada termo da cidade de Beja\r#Text=Fica esta aldeia da Salvada na província do Alentejo, arcebispado de Évora, comarca e termo de Beja.
Beja_Salvada.modernizada;*[30];PER\_NAM[30];36;cura Baltasar Fróis Machado;#Text=O cura Baltasar Fróis Machado [assinatura autógrafa]//”\r#Text=\r#Text=Transcrição: Ofélia Sequeira
Beja_Salvada.modernizada;*[3];PLC\_LOC[3];3;província do Alentejo;#Text=Salvada, 1758\r#Text=Memória Paroquial de Salvada, Comarca de Beja\r#Text=[ANTT, Memórias Paroquiais, vol. 33, nº 32, p. 209 a 210]\r#Text=\r#Text=“/p. 209/\r#Text=Relação das cousas notáveis desta freguesia da Salvada termo da cidade de Beja\r#Text=Fica esta aldeia da Salvada na província do Alentejo, arcebispado de Évora, comarca e termo de Beja.
Beja_Salvada.modernizada;*[4];PLC\_GPE[4];4;arcebispado de Évora;#Text=Salvada, 1758\r#Text=Memória Paroquial de Salvada, Comarca de Beja\r#Text=[ANTT, Memórias Paroquiais, vol. 33, nº 32, p. 209 a 210]\r#Text=\r#Text=“/p. 209/\r#Text=Relação das cousas notáveis desta freguesia da Salvada termo da cidade de Beja\r#Text=Fica esta aldeia da Salvada na província do Alentejo, arcebispado de Évora, comarca e termo de Beja.
Beja_Salvada.modernizada;*[5];PLC\_GPE[5];5;comarca e termo de Beja;#Text=Salvada, 1758\r#Text=Memória Paroquial de Salvada, Comarca de Beja\r#Text=[ANTT, Memórias Paroquiais, vol. 33, nº 32, p. 209 a 210]\r#Text=\r#Text=“/p. 209/\r#Text=Relação das cousas notáveis desta freguesia da Salvada termo da cidade de Beja\r#Text=Fica esta aldeia da Salvada na província do Alentejo, arcebispado de Évora, comarca e termo de Beja.
Beja_Salvada.modernizada;*[6];PLC\_GPE[6];7;cidade de Beja;"#Text=É do Infantado, a quem pertence a cidade de Beja \r#Text=Tem duzentos, e sessenta, e cinco vizinhos; e pessoas oitocentas, e dez."
Beja_Salvada.modernizada;*[7];PLC\_GPE[7];8;cidade de Beja;#Text=Está situada em campo plano, descobre-se dela a dita cidade de Beja e dista desta duas léguas, e se descobre também a vila de Serpa, e dista desta duas léguas.
Beja_Salvada.modernizada;*[8];PLC\_GPE[8];9;vila de Serpa;#Text=Está situada em campo plano, descobre-se dela a dita cidade de Beja e dista desta duas léguas, e se descobre também a vila de Serpa, e dista desta duas léguas.
Beja_Salvada.modernizada;*[9];PLC\_LOC[9];11;Cabeça Gorda;"#Text=Não tem termo porque é aldeia; tem duas aldeias na freguesia; uma chamada Salvada, que é aonde assiste o cura, que se compõem de setenta vezinhos, e outra a que chamam Cabeça Gorda e tem sessenta, e quatro vizinhos; tem sessenta, e seis herdades; e três digo quatro hortas, horta de Riba, horta do Meio, horta de Baixo, e horta Nova, e duas quintas uma chamada a quinta de Gil Váz Lobo, e a outra a quinta da Boteta."
