﻿file_name;entity;category_entity;entity_cardinal;ent_concat;text_concat
Beja_VilaDeFrades.modernizada;*;PLC\_GPE;2;Beja;"#Text=Vila de Frades, 1758\r#Text=Memória Paroquial de Vila de Frades, Comarca de Beja\r#Text=[ANT, Memórias Paroquiais, vol. 40, nº 214, p. 1287 a 1290]\r#Text=\r#Text=\r#Text=“/p. 1287/\r#Text=Vila de Frades e Beja\r#Text=É província de Alentejo, arcebispado de Évora, comarca de Beja; o termo, parte de seu próprio e o mais de Beja; é freguesia matriz e orago da mesma e São Cucufate. #Text=Vila de Frades, 1758\r#Text=Memória Paroquial de Vila de Frades, Comarca de Beja\r#Text=[ANT, Memórias Paroquiais, vol. 40, nº 214, p. 1287 a 1290]\r#Text=\r#Text=\r#Text=“/p. 1287/\r#Text=Vila de Frades e Beja\r#Text=É província de Alentejo, arcebispado de Évora, comarca de Beja; o termo, parte de seu próprio e o mais de Beja; é freguesia matriz e orago da mesma e São Cucufate. #Text=Os frutos de maior abundância que recolhem os moradores, é vinho, recolhem//\r#Text=\r#Text=/p. 1289/\r#Text=recolhem também algum pouco trigo e azeite\r#Text=Tem juízes ordinários, e câmara tem também Ouvidor que ordinariamente assiste na vila a Vidigueira. #Text=Serve-se do correio da Vidigueira que há poucos anos se estabeleceu, e dista meio quarto de léguas desta vila, chega a quinta-feira a noite e parte na sexta feira ao jantar. #Text=Desta vila a cidade de Évora, que é a capital deste arcebispado contam sete léguas, e a corte de Lisboa vinte."
Beja_VilaDeFrades.modernizada;*;PLC\_GPE;4;Beja;"#Text=Vila de Frades, 1758\r#Text=Memória Paroquial de Vila de Frades, Comarca de Beja\r#Text=[ANT, Memórias Paroquiais, vol. 40, nº 214, p. 1287 a 1290]\r#Text=\r#Text=\r#Text=“/p. 1287/\r#Text=Vila de Frades e Beja\r#Text=É província de Alentejo, arcebispado de Évora, comarca de Beja; o termo, parte de seu próprio e o mais de Beja; é freguesia matriz e orago da mesma e São Cucufate. #Text=Vila de Frades, 1758\r#Text=Memória Paroquial de Vila de Frades, Comarca de Beja\r#Text=[ANT, Memórias Paroquiais, vol. 40, nº 214, p. 1287 a 1290]\r#Text=\r#Text=\r#Text=“/p. 1287/\r#Text=Vila de Frades e Beja\r#Text=É província de Alentejo, arcebispado de Évora, comarca de Beja; o termo, parte de seu próprio e o mais de Beja; é freguesia matriz e orago da mesma e São Cucufate. #Text=Os frutos de maior abundância que recolhem os moradores, é vinho, recolhem//\r#Text=\r#Text=/p. 1289/\r#Text=recolhem também algum pouco trigo e azeite\r#Text=Tem juízes ordinários, e câmara tem também Ouvidor que ordinariamente assiste na vila a Vidigueira. #Text=Serve-se do correio da Vidigueira que há poucos anos se estabeleceu, e dista meio quarto de léguas desta vila, chega a quinta-feira a noite e parte na sexta feira ao jantar. #Text=Desta vila a cidade de Évora, que é a capital deste arcebispado contam sete léguas, e a corte de Lisboa vinte."
Beja_VilaDeFrades.modernizada;*;PER\_SAINT;7;Santiago;#Text=Há tradição que este mesmo orago, se dizia ser antigamente São Côvado, e que servira ao mesmo de igreja e freguesia, uma ermida que dista, desta vila um quarto de léguas aonde hoje se venera Santiago, obra de mouros arruinada mas ainda de presente nessas pequenas relíquias a que a tem reduzido o tempo, se percebem e suficientes vestígios de sua antiga grandeza, e se diz fora habitação de monges de São Bento.
Beja_VilaDeFrades.modernizada;*;PER\_PGRP;8;mouros;#Text=Há tradição que este mesmo orago, se dizia ser antigamente São Côvado, e que servira ao mesmo de igreja e freguesia, uma ermida que dista, desta vila um quarto de léguas aonde hoje se venera Santiago, obra de mouros arruinada mas ainda de presente nessas pequenas relíquias a que a tem reduzido o tempo, se percebem e suficientes vestígios de sua antiga grandeza, e se diz fora habitação de monges de São Bento.
Beja_VilaDeFrades.modernizada;*;ORG;23;misericórdia;#Text=Tem um limitado albergue para passageiros que administra a irmandade da Misericórdia que há nesta vila que dizem teve princípio em outra irmandade da Senhora da Graça que ainda hoje se vê colocada no altar maior e único, da dita misericórdia, que é de ténue fábrica e renda.
Beja_VilaDeFrades.modernizada;*;PLC\_FAC;28;Santiago;"#Text=Há nesta freguesia cinco ermidas; São Sebastião, São Brás dentro na vila, Nossa Senhora de Guadalupe, Santo António do Outeiro, e Santiago fora dela, e todas filiais da mesma freguesia."
Beja_VilaDeFrades.modernizada;*;PLC\_GPE;31;Vidigueira;"#Text=Vila de Frades, 1758\r#Text=Memória Paroquial de Vila de Frades, Comarca de Beja\r#Text=[ANT, Memórias Paroquiais, vol. 40, nº 214, p. 1287 a 1290]\r#Text=\r#Text=\r#Text=“/p. 1287/\r#Text=Vila de Frades e Beja\r#Text=É província de Alentejo, arcebispado de Évora, comarca de Beja; o termo, parte de seu próprio e o mais de Beja; é freguesia matriz e orago da mesma e São Cucufate. #Text=Vila de Frades, 1758\r#Text=Memória Paroquial de Vila de Frades, Comarca de Beja\r#Text=[ANT, Memórias Paroquiais, vol. 40, nº 214, p. 1287 a 1290]\r#Text=\r#Text=\r#Text=“/p. 1287/\r#Text=Vila de Frades e Beja\r#Text=É província de Alentejo, arcebispado de Évora, comarca de Beja; o termo, parte de seu próprio e o mais de Beja; é freguesia matriz e orago da mesma e São Cucufate. #Text=Os frutos de maior abundância que recolhem os moradores, é vinho, recolhem//\r#Text=\r#Text=/p. 1289/\r#Text=recolhem também algum pouco trigo e azeite\r#Text=Tem juízes ordinários, e câmara tem também Ouvidor que ordinariamente assiste na vila a Vidigueira. #Text=Serve-se do correio da Vidigueira que há poucos anos se estabeleceu, e dista meio quarto de léguas desta vila, chega a quinta-feira a noite e parte na sexta feira ao jantar. #Text=Desta vila a cidade de Évora, que é a capital deste arcebispado contam sete léguas, e a corte de Lisboa vinte."
Beja_VilaDeFrades.modernizada;*;PLC\_GPE;32;Vidigueira;"#Text=Vila de Frades, 1758\r#Text=Memória Paroquial de Vila de Frades, Comarca de Beja\r#Text=[ANT, Memórias Paroquiais, vol. 40, nº 214, p. 1287 a 1290]\r#Text=\r#Text=\r#Text=“/p. 1287/\r#Text=Vila de Frades e Beja\r#Text=É província de Alentejo, arcebispado de Évora, comarca de Beja; o termo, parte de seu próprio e o mais de Beja; é freguesia matriz e orago da mesma e São Cucufate. #Text=Vila de Frades, 1758\r#Text=Memória Paroquial de Vila de Frades, Comarca de Beja\r#Text=[ANT, Memórias Paroquiais, vol. 40, nº 214, p. 1287 a 1290]\r#Text=\r#Text=\r#Text=“/p. 1287/\r#Text=Vila de Frades e Beja\r#Text=É província de Alentejo, arcebispado de Évora, comarca de Beja; o termo, parte de seu próprio e o mais de Beja; é freguesia matriz e orago da mesma e São Cucufate. #Text=Os frutos de maior abundância que recolhem os moradores, é vinho, recolhem//\r#Text=\r#Text=/p. 1289/\r#Text=recolhem também algum pouco trigo e azeite\r#Text=Tem juízes ordinários, e câmara tem também Ouvidor que ordinariamente assiste na vila a Vidigueira. #Text=Serve-se do correio da Vidigueira que há poucos anos se estabeleceu, e dista meio quarto de léguas desta vila, chega a quinta-feira a noite e parte na sexta feira ao jantar. #Text=Desta vila a cidade de Évora, que é a capital deste arcebispado contam sete léguas, e a corte de Lisboa vinte."
Beja_VilaDeFrades.modernizada;*;PLC\_GPE;34;Lisboa;"#Text=Vila de Frades, 1758\r#Text=Memória Paroquial de Vila de Frades, Comarca de Beja\r#Text=[ANT, Memórias Paroquiais, vol. 40, nº 214, p. 1287 a 1290]\r#Text=\r#Text=\r#Text=“/p. 1287/\r#Text=Vila de Frades e Beja\r#Text=É província de Alentejo, arcebispado de Évora, comarca de Beja; o termo, parte de seu próprio e o mais de Beja; é freguesia matriz e orago da mesma e São Cucufate. #Text=Vila de Frades, 1758\r#Text=Memória Paroquial de Vila de Frades, Comarca de Beja\r#Text=[ANT, Memórias Paroquiais, vol. 40, nº 214, p. 1287 a 1290]\r#Text=\r#Text=\r#Text=“/p. 1287/\r#Text=Vila de Frades e Beja\r#Text=É província de Alentejo, arcebispado de Évora, comarca de Beja; o termo, parte de seu próprio e o mais de Beja; é freguesia matriz e orago da mesma e São Cucufate. #Text=Os frutos de maior abundância que recolhem os moradores, é vinho, recolhem//\r#Text=\r#Text=/p. 1289/\r#Text=recolhem também algum pouco trigo e azeite\r#Text=Tem juízes ordinários, e câmara tem também Ouvidor que ordinariamente assiste na vila a Vidigueira. #Text=Serve-se do correio da Vidigueira que há poucos anos se estabeleceu, e dista meio quarto de léguas desta vila, chega a quinta-feira a noite e parte na sexta feira ao jantar. #Text=Desta vila a cidade de Évora, que é a capital deste arcebispado contam sete léguas, e a corte de Lisboa vinte."
Beja_VilaDeFrades.modernizada;*[10];ORG[10];14;do Rosário;#Text=A igreja é magnífica de abóbada de uma só nave, com paredes de dezassete palmos de grossura, está edificada no centro da Vila, tem seis altares laterais, tem irmandades, do Santíssimo, do Rosário, das Almas, de Santa Catarina, e São João Batista.
Beja_VilaDeFrades.modernizada;*[11];ORG[11];15;das Almas;#Text=A igreja é magnífica de abóbada de uma só nave, com paredes de dezassete palmos de grossura, está edificada no centro da Vila, tem seis altares laterais, tem irmandades, do Santíssimo, do Rosário, das Almas, de Santa Catarina, e São João Batista.
Beja_VilaDeFrades.modernizada;*[12];ORG[12];16;de Santa Catarina;#Text=A igreja é magnífica de abóbada de uma só nave, com paredes de dezassete palmos de grossura, está edificada no centro da Vila, tem seis altares laterais, tem irmandades, do Santíssimo, do Rosário, das Almas, de Santa Catarina, e São João Batista.
Beja_VilaDeFrades.modernizada;*[13];ORG[13];17;São João Batista .;#Text=A igreja é magnífica de abóbada de uma só nave, com paredes de dezassete palmos de grossura, está edificada no centro da Vila, tem seis altares laterais, tem irmandades, do Santíssimo, do Rosário, das Almas, de Santa Catarina, e São João Batista.
Beja_VilaDeFrades.modernizada;*[14];PER\_OCC[14];18;reverendo prior de São Vicente;#Text=O pároco é prior, apresentado e reverendo prior de São Vicente rende duzentos mil reis pouco mais ou menos.
Beja_VilaDeFrades.modernizada;*[15];ORG[15];19;convento de religiosos da província da Piedade;#Text=Fora da vila há um convento de religiosos da província da Piedade casa de noviciado, é padroeiro do mesmo a Casa de Nisa.
Beja_VilaDeFrades.modernizada;*[16];PER\_PGRP[16];20;Casa de Nisa;#Text=Fora da vila há um convento de religiosos da província da Piedade casa de noviciado, é padroeiro do mesmo a Casa de Nisa.
Beja_VilaDeFrades.modernizada;*[17];ORG[17];21;irmandade da Misericórdia;#Text=Tem um limitado albergue para passageiros que administra a irmandade da Misericórdia que há nesta vila que dizem teve princípio em outra irmandade da Senhora da Graça que ainda hoje se vê colocada no altar maior e único, da dita misericórdia, que é de ténue fábrica e renda.
Beja_VilaDeFrades.modernizada;*[18];ORG[18];22;irmandade da Senhora da Graça;#Text=Tem um limitado albergue para passageiros que administra a irmandade da Misericórdia que há nesta vila que dizem teve princípio em outra irmandade da Senhora da Graça que ainda hoje se vê colocada no altar maior e único, da dita misericórdia, que é de ténue fábrica e renda.
Beja_VilaDeFrades.modernizada;*[19];PLC\_FAC[19];24;São Sebastião;"#Text=Há nesta freguesia cinco ermidas; São Sebastião, São Brás dentro na vila, Nossa Senhora de Guadalupe, Santo António do Outeiro, e Santiago fora dela, e todas filiais da mesma freguesia."
Beja_VilaDeFrades.modernizada;*[1];PLC\_GPE[1];1;Vila de Frades;"#Text=Vila de Frades, 1758\r#Text=Memória Paroquial de Vila de Frades, Comarca de Beja\r#Text=[ANT, Memórias Paroquiais, vol. 40, nº 214, p. 1287 a 1290]\r#Text=\r#Text=\r#Text=“/p. 1287/\r#Text=Vila de Frades e Beja\r#Text=É província de Alentejo, arcebispado de Évora, comarca de Beja; o termo, parte de seu próprio e o mais de Beja; é freguesia matriz e orago da mesma e São Cucufate."
Beja_VilaDeFrades.modernizada;*[20];PLC\_FAC[20];25;São Brás;"#Text=Há nesta freguesia cinco ermidas; São Sebastião, São Brás dentro na vila, Nossa Senhora de Guadalupe, Santo António do Outeiro, e Santiago fora dela, e todas filiais da mesma freguesia."
Beja_VilaDeFrades.modernizada;*[21];PLC\_FAC[21];26;Nossa Senhora de Guadalupe;"#Text=Há nesta freguesia cinco ermidas; São Sebastião, São Brás dentro na vila, Nossa Senhora de Guadalupe, Santo António do Outeiro, e Santiago fora dela, e todas filiais da mesma freguesia."
Beja_VilaDeFrades.modernizada;*[22];PLC\_FAC[22];27;Santo António do Outeiro;"#Text=Há nesta freguesia cinco ermidas; São Sebastião, São Brás dentro na vila, Nossa Senhora de Guadalupe, Santo António do Outeiro, e Santiago fora dela, e todas filiais da mesma freguesia."
Beja_VilaDeFrades.modernizada;*[23];TIM\_CRON[23];29;quartas feiras da Quaresma;#Text=Em alguns dias do ano, especialmente nas quartas feiras da Quaresma, é frequentada a de Santo António de Romeiros.
Beja_VilaDeFrades.modernizada;*[24];PER\_SAINT[24];30;Santo António;#Text=Em alguns dias do ano, especialmente nas quartas feiras da Quaresma, é frequentada a de Santo António de Romeiros.
Beja_VilaDeFrades.modernizada;*[25];PLC\_GPE[25];33;cidade de Évora;#Text=Desta vila a cidade de Évora, que é a capital deste arcebispado contam sete léguas, e a corte de Lisboa vinte.
Beja_VilaDeFrades.modernizada;*[26];TIM\_CRON[26];35;ano de cinquenta e cinco;#Text=Não padeceu no terremoto do ano de cinquenta e cinco, ruína considerável e só algumas leves fendas em duas ermidas de Santo António e da Senhora de Guadalupe.
Beja_VilaDeFrades.modernizada;*[27];PLC\_FAC[27];36;Santo António;#Text=Não padeceu no terremoto do ano de cinquenta e cinco, ruína considerável e só algumas leves fendas em duas ermidas de Santo António e da Senhora de Guadalupe.
Beja_VilaDeFrades.modernizada;*[28];PLC\_FAC[28];37;Senhora de Guadalupe;#Text=Não padeceu no terremoto do ano de cinquenta e cinco, ruína considerável e só algumas leves fendas em duas ermidas de Santo António e da Senhora de Guadalupe.
Beja_VilaDeFrades.modernizada;*[2];PLC\_GPE[2];3;província de Alentejo , arcebispado de Évora , comarca de Beja;"#Text=Vila de Frades, 1758\r#Text=Memória Paroquial de Vila de Frades, Comarca de Beja\r#Text=[ANT, Memórias Paroquiais, vol. 40, nº 214, p. 1287 a 1290]\r#Text=\r#Text=\r#Text=“/p. 1287/\r#Text=Vila de Frades e Beja\r#Text=É província de Alentejo, arcebispado de Évora, comarca de Beja; o termo, parte de seu próprio e o mais de Beja; é freguesia matriz e orago da mesma e São Cucufate."
Beja_VilaDeFrades.modernizada;*[3];PER\_SAINT[3];5;São Cucufate;"#Text=Vila de Frades, 1758\r#Text=Memória Paroquial de Vila de Frades, Comarca de Beja\r#Text=[ANT, Memórias Paroquiais, vol. 40, nº 214, p. 1287 a 1290]\r#Text=\r#Text=\r#Text=“/p. 1287/\r#Text=Vila de Frades e Beja\r#Text=É província de Alentejo, arcebispado de Évora, comarca de Beja; o termo, parte de seu próprio e o mais de Beja; é freguesia matriz e orago da mesma e São Cucufate."
Beja_VilaDeFrades.modernizada;*[4];PER\_SAINT[4];6;São Côvado;#Text=Há tradição que este mesmo orago, se dizia ser antigamente São Côvado, e que servira ao mesmo de igreja e freguesia, uma ermida que dista, desta vila um quarto de léguas aonde hoje se venera Santiago, obra de mouros arruinada mas ainda de presente nessas pequenas relíquias a que a tem reduzido o tempo, se percebem e suficientes vestígios de sua antiga grandeza, e se diz fora habitação de monges de São Bento.
Beja_VilaDeFrades.modernizada;*[5];PER\_SAINT[5];9;São Bento;#Text=Há tradição que este mesmo orago, se dizia ser antigamente São Côvado, e que servira ao mesmo de igreja e freguesia, uma ermida que dista, desta vila um quarto de léguas aonde hoje se venera Santiago, obra de mouros arruinada mas ainda de presente nessas pequenas relíquias a que a tem reduzido o tempo, se percebem e suficientes vestígios de sua antiga grandeza, e se diz fora habitação de monges de São Bento.
Beja_VilaDeFrades.modernizada;*[6];PER\_OCC[6];10;reverendo prior de São Vicente de Fora;#Text=É de presente donatário o reverendo prior de São Vicente de Fora, e também há tradição fizeram troca uns e outros religiosos de uma e outra coisa há de haver testemunhos mais autênticos, que acradessão no cartório do mesmo real convento de São Vicente.
Beja_VilaDeFrades.modernizada;*[7];ORG[7];11;convento de São Vicente;#Text=É de presente donatário o reverendo prior de São Vicente de Fora, e também há tradição fizeram troca uns e outros religiosos de uma e outra coisa há de haver testemunhos mais autênticos, que acradessão no cartório do mesmo real convento de São Vicente.
Beja_VilaDeFrades.modernizada;*[8];PLC\_LOC[8];12;Vale de Moura;#Text=Tem trezentos e vinte e seis fogos, e pessoas de sacramento mil e cinquenta e sete, esta situada em uma meia ladeira para a parte do Nascente e da mesma descobre, em dias claros, confusamente a Vale de Moura, que dista cinco léguas.
Beja_VilaDeFrades.modernizada;*[9];ORG[9];13;do Santíssimo;#Text=A igreja é magnífica de abóbada de uma só nave, com paredes de dezassete palmos de grossura, está edificada no centro da Vila, tem seis altares laterais, tem irmandades, do Santíssimo, do Rosário, das Almas, de Santa Catarina, e São João Batista.
