﻿file_name;entity;category_entity;entity_cardinal;ent_concat;text_concat
Beja_Albernoa.modernizada;*;PLC\_LOC;1;Albernoa;#Text=Albernoa, 1758\r#Text=Memória Paroquial de Albernoa, Comarca de Beja\r#Text=[ANTT, Memórias Paroquiais, vol. 42, nº 7, p. 3]\r#Text=\r#Text=“/p. 3/\r#Text=N. 7 Albernoa\r#Text=Albernoa é aldeia do termo da cidade = Beja = o seu povo consta de 100 fogos, pertencentes a paróquia da Senhora da Luz, órgão da Igreja Matriz.
Beja_Albernoa.modernizada;*;PLC\_AQU;4;Louriçais;"#Text=O vasto, e inculto terreno desta paróquia é regado pelas três ribeiras = Louriçais, Cobres, e Terges = que fertilizam os campos, e regalam os moradores com bons peixes as principais produções são trigo, e mel; nos montes, e charnecas pastam inumeráveis coelhos, lebres, perdizes, e javalis, mas também se abrigam muitas cilhas de colmeias.//” #Text=O vasto, e inculto terreno desta paróquia é regado pelas três ribeiras = Louriçais, Cobres, e Terges = que fertilizam os campos, e regalam os moradores com bons peixes as principais produções são trigo, e mel; nos montes, e charnecas pastam inumeráveis coelhos, lebres, perdizes, e javalis, mas também se abrigam muitas cilhas de colmeias.//” #Text=O vasto, e inculto terreno desta paróquia é regado pelas três ribeiras = Louriçais, Cobres, e Terges = que fertilizam os campos, e regalam os moradores com bons peixes as principais produções são trigo, e mel; nos montes, e charnecas pastam inumeráveis coelhos, lebres, perdizes, e javalis, mas também se abrigam muitas cilhas de colmeias.//”"
Beja_Albernoa.modernizada;*;PLC\_AQU;5;Cobres;"#Text=O vasto, e inculto terreno desta paróquia é regado pelas três ribeiras = Louriçais, Cobres, e Terges = que fertilizam os campos, e regalam os moradores com bons peixes as principais produções são trigo, e mel; nos montes, e charnecas pastam inumeráveis coelhos, lebres, perdizes, e javalis, mas também se abrigam muitas cilhas de colmeias.//” #Text=O vasto, e inculto terreno desta paróquia é regado pelas três ribeiras = Louriçais, Cobres, e Terges = que fertilizam os campos, e regalam os moradores com bons peixes as principais produções são trigo, e mel; nos montes, e charnecas pastam inumeráveis coelhos, lebres, perdizes, e javalis, mas também se abrigam muitas cilhas de colmeias.//” #Text=O vasto, e inculto terreno desta paróquia é regado pelas três ribeiras = Louriçais, Cobres, e Terges = que fertilizam os campos, e regalam os moradores com bons peixes as principais produções são trigo, e mel; nos montes, e charnecas pastam inumeráveis coelhos, lebres, perdizes, e javalis, mas também se abrigam muitas cilhas de colmeias.//”"
Beja_Albernoa.modernizada;*;PLC\_AQU;6;Terges;"#Text=O vasto, e inculto terreno desta paróquia é regado pelas três ribeiras = Louriçais, Cobres, e Terges = que fertilizam os campos, e regalam os moradores com bons peixes as principais produções são trigo, e mel; nos montes, e charnecas pastam inumeráveis coelhos, lebres, perdizes, e javalis, mas também se abrigam muitas cilhas de colmeias.//” #Text=O vasto, e inculto terreno desta paróquia é regado pelas três ribeiras = Louriçais, Cobres, e Terges = que fertilizam os campos, e regalam os moradores com bons peixes as principais produções são trigo, e mel; nos montes, e charnecas pastam inumeráveis coelhos, lebres, perdizes, e javalis, mas também se abrigam muitas cilhas de colmeias.//” #Text=O vasto, e inculto terreno desta paróquia é regado pelas três ribeiras = Louriçais, Cobres, e Terges = que fertilizam os campos, e regalam os moradores com bons peixes as principais produções são trigo, e mel; nos montes, e charnecas pastam inumeráveis coelhos, lebres, perdizes, e javalis, mas também se abrigam muitas cilhas de colmeias.//”"
Beja_Albernoa.modernizada;*[1];PLC\_LOC[1];1;Albernoa é aldeia do termo da cidade = Beja;#Text=Albernoa, 1758\r#Text=Memória Paroquial de Albernoa, Comarca de Beja\r#Text=[ANTT, Memórias Paroquiais, vol. 42, nº 7, p. 3]\r#Text=\r#Text=“/p. 3/\r#Text=N. 7 Albernoa\r#Text=Albernoa é aldeia do termo da cidade = Beja = o seu povo consta de 100 fogos, pertencentes a paróquia da Senhora da Luz, órgão da Igreja Matriz.
Beja_Albernoa.modernizada;*[2];PLC\_GPE[2];2;paróquia da Senhora da Luz;#Text=Albernoa, 1758\r#Text=Memória Paroquial de Albernoa, Comarca de Beja\r#Text=[ANTT, Memórias Paroquiais, vol. 42, nº 7, p. 3]\r#Text=\r#Text=“/p. 3/\r#Text=N. 7 Albernoa\r#Text=Albernoa é aldeia do termo da cidade = Beja = o seu povo consta de 100 fogos, pertencentes a paróquia da Senhora da Luz, órgão da Igreja Matriz.
Beja_Albernoa.modernizada;*[3];ORG[3];3;cabido de = Évora;#Text=O pároco é cura da apresentação do cabido de = Évora = e tem a côngrua anual de quatro moios de trigo, pagos pelos fregueses, 15 chibos e borregos para primícias, e o pé de altar.
