﻿file_name;entity;category_entity;entity_cardinal;ent_concat;text_concat
Beja_Alfundao.modernizada;*;PER\_DIV;7;Deus;#Text=É do sereníssimo senhor infante Dom Pedro, que Deus guarde. \r#Text=3. #Text=Deus guarde a vossa excelência reverendíssima muitos anos, para consolação dos seus súbditos e principalmente deste.
Beja_Alfundao.modernizada;*;PLC\_GPE;8;Alvito;"#Text=Descobrem-se deste lugar duas povoações: a de Alvito, da qual dista duas léguas; e a de Peroguarda que dista pouco mais de um quarto de légua. \r#Text=5. #Text=Tem esta freguesia juiz ordinário, porque está sujeita ao governo das justiças de Beja. [17]. #Text=Dista, este lugar, da cidade capital do arcebispado, que é Évora, oito léguas; e da de Lisboa, capital do reino, dezassete. #Text=Dista, este lugar, da cidade capital do arcebispado, que é Évora, oito léguas; e da de Lisboa, capital do reino, dezassete."
Beja_Alfundao.modernizada;*;PLC\_LOC;9;Peroguarda;"#Text=Descobrem-se deste lugar duas povoações: a de Alvito, da qual dista duas léguas; e a de Peroguarda que dista pouco mais de um quarto de légua. \r#Text=5."
Beja_Alfundao.modernizada;*;PLC\_GPE;22;Beja;"#Text=Descobrem-se deste lugar duas povoações: a de Alvito, da qual dista duas léguas; e a de Peroguarda que dista pouco mais de um quarto de légua. \r#Text=5. #Text=Tem esta freguesia juiz ordinário, porque está sujeita ao governo das justiças de Beja. [17]. #Text=Dista, este lugar, da cidade capital do arcebispado, que é Évora, oito léguas; e da de Lisboa, capital do reino, dezassete. #Text=Dista, este lugar, da cidade capital do arcebispado, que é Évora, oito léguas; e da de Lisboa, capital do reino, dezassete."
Beja_Alfundao.modernizada;*;PLC\_GPE;23;Évora;"#Text=Descobrem-se deste lugar duas povoações: a de Alvito, da qual dista duas léguas; e a de Peroguarda que dista pouco mais de um quarto de légua. \r#Text=5. #Text=Tem esta freguesia juiz ordinário, porque está sujeita ao governo das justiças de Beja. [17]. #Text=Dista, este lugar, da cidade capital do arcebispado, que é Évora, oito léguas; e da de Lisboa, capital do reino, dezassete. #Text=Dista, este lugar, da cidade capital do arcebispado, que é Évora, oito léguas; e da de Lisboa, capital do reino, dezassete."
Beja_Alfundao.modernizada;*;PLC\_GPE;24;Lisboa;"#Text=Descobrem-se deste lugar duas povoações: a de Alvito, da qual dista duas léguas; e a de Peroguarda que dista pouco mais de um quarto de légua. \r#Text=5. #Text=Tem esta freguesia juiz ordinário, porque está sujeita ao governo das justiças de Beja. [17]. #Text=Dista, este lugar, da cidade capital do arcebispado, que é Évora, oito léguas; e da de Lisboa, capital do reino, dezassete. #Text=Dista, este lugar, da cidade capital do arcebispado, que é Évora, oito léguas; e da de Lisboa, capital do reino, dezassete."
Beja_Alfundao.modernizada;*;PER\_DIV;25;Deus;#Text=É do sereníssimo senhor infante Dom Pedro, que Deus guarde. \r#Text=3. #Text=Deus guarde a vossa excelência reverendíssima muitos anos, para consolação dos seus súbditos e principalmente deste.
Beja_Alfundao.modernizada;*[10];ORG[10];13;Santíssimo Sacramento;#Text=Tem cinco irmandades confirmadas, a saber: do Santíssimo Sacramento, da Senhora da Conceição, da Senhora do Rosário, das Almas e de São Luís. 8.
Beja_Alfundao.modernizada;*[11];ORG[11];14;Senhora da Conceição;#Text=Tem cinco irmandades confirmadas, a saber: do Santíssimo Sacramento, da Senhora da Conceição, da Senhora do Rosário, das Almas e de São Luís. 8.
Beja_Alfundao.modernizada;*[12];ORG[12];15;Senhora do Rosário;#Text=Tem cinco irmandades confirmadas, a saber: do Santíssimo Sacramento, da Senhora da Conceição, da Senhora do Rosário, das Almas e de São Luís. 8.
Beja_Alfundao.modernizada;*[13];ORG[13];16;das Almas;#Text=Tem cinco irmandades confirmadas, a saber: do Santíssimo Sacramento, da Senhora da Conceição, da Senhora do Rosário, das Almas e de São Luís. 8.
Beja_Alfundao.modernizada;*[14];ORG[14];17;São Luís;#Text=Tem cinco irmandades confirmadas, a saber: do Santíssimo Sacramento, da Senhora da Conceição, da Senhora do Rosário, das Almas e de São Luís. 8.
Beja_Alfundao.modernizada;*[15];PER\_OCC[15];18;arcebispo de Évora;#Text=O pároco é cura, e é apresentado pelo excelentíssimo senhor arcebispo de Évora.
Beja_Alfundao.modernizada;*[16];PLC\_GPE[16];19;cidade de Beja;#Text=Tem três moios de trigo de renda, pagos pelas comendas de Santa Maria e Salvador da cidade de Beja. //\r#Text=\r#Text=/p. 492/ \r#Text=[9].
Beja_Alfundao.modernizada;*[17];PLC\_GPE[17];20;cidade de Beja;#Text=Há nesta povoação um hospital, o qual administra o provedor da cidade de Beja.
Beja_Alfundao.modernizada;*[18];PLC\_FAC[18];21;ermida de São Sebastião;#Text=Está dentro do lugar uma ermida de São Sebastião que pertence à mesma freguesia. [14].
Beja_Alfundao.modernizada;*[19];PER\_NAM[19];26;Manuel de Deus Barata;#Text=as) Manuel de Deus Barata [assinatura autógrafa] //”\r#Text=\r#Text=Transcrição: João Cosme e José Varandas\r#Text=\r#Text=in COSME, João, VARANDAS, José (introdução, transcrição e revisão), Memórias Paroquiais (1758-1759), vol.
Beja_Alfundao.modernizada;*[1];PLC\_LOC[1];1;povoação de Alfundão;#Text=Alfundão, 1758 \r#Text=Memória Paroquial de Alfundão, Comarca de Beja \r#Text=[ANTT, Memórias Paroquiais, vol. 2, nº 58, p. 491 a 492]\r#Text=\r#Text=“/p. 491/ \r#Text=Excelentíssimo e reverendíssimo senhor por ordem de vossa excelência reverendíssima, me foi intimada uma ordem com uma minuta de interrogatórios, para que respondesse com a maior clareza aos que compreendessem a esta povoação de Alfundão, de onde vossa excelência se dignou honrar-me com a ocupação de pároco, o que faço com pronta obediência, na forma seguinte: \r#Text=1.
Beja_Alfundao.modernizada;*[2];PLC\_LOC[2];2;província de Alentejo;#Text=Fica este lugar em a província de Alentejo, pertence ao arcebispado de Évora.
Beja_Alfundao.modernizada;*[3];PLC\_GPE[3];3;arcebispado de Évora;#Text=Fica este lugar em a província de Alentejo, pertence ao arcebispado de Évora.
Beja_Alfundao.modernizada;*[4];PLC\_LOC[4];4;termo da cidade de Beja;#Text=É termo da cidade de Beja, e está sujeita a paróquia às freguesias de Santa Maria e Salvador da dita cidade de Beja. \r#Text=2.
Beja_Alfundao.modernizada;*[5];PLC\_GPE[5];5;freguesias de Santa Maria e Salvador da dita cidade de Beja;#Text=É termo da cidade de Beja, e está sujeita a paróquia às freguesias de Santa Maria e Salvador da dita cidade de Beja. \r#Text=2.
Beja_Alfundao.modernizada;*[6];PER\_NAM[6];6;infante Dom Pedro;#Text=É do sereníssimo senhor infante Dom Pedro, que Deus guarde. \r#Text=3.
Beja_Alfundao.modernizada;*[7];PER\_SAINT[7];10;Senhora da Conceição;#Text=O seu orago é a Senhora da Conceição, augusta padroeira deste reino.
Beja_Alfundao.modernizada;*[8];PER\_SAINT[8];11;Senhora do Rosário;#Text=Tem a igreja uma nave só com três altares: o altar-mor, e à face estão os dois, um da Senhora do Rosário e o outro das Almas.
Beja_Alfundao.modernizada;*[9];PER\_PGRP[9];12;das Almas;#Text=Tem a igreja uma nave só com três altares: o altar-mor, e à face estão os dois, um da Senhora do Rosário e o outro das Almas.
