﻿file_name;entity;category_entity;entity_cardinal;ent_concat;text_concat
Evora_Santiago.normalizada.revista;*;PLC\_LOC;2;Alentejo;"#Text=A cidade de Évora é na hierarquia a segunda do reino metrópole do Alentejo, a que são sufragâneos os bispados do Algarve e Elvas; é e sempre foi da coroa; de sua antiguidade, situação, beneficência de ares, divisão de comarcas, fertilidade de frutos, amenidade de sítios, e das mais qualidades, e circunstâncias que a ornam, e porque se faz digna de grandes elogios, escreveram com bem aparada pena, vários historiadores, de que foi o último o padre Francisco de Fonseca no seu livro, a que deu o título = Evora Glorioza = e assim deixo de falar no que está escrito, já por desnecessário, já por não ser fastidioso e já porque não posso dizer tanto nem tão bem."
Evora_Santiago.normalizada.revista;*;PER\_NAM;32;Giraldo;"#Text=Esta freguesia confina pela parte do norte, e do poente com os muros da antiquíssima, e original cidade; pela do Norte tem o distrito até o sitio que chamam porta nova, de que hoje não há mais que o nome, e com o arco de Dona Isabel de que hoje não há mais que o arco, pelo qual sendo naquele tempo porta da cidade, entrou triunfante o famoso Giraldo, que com grande valor, e industria, livrou Évora de poder dos Mouros e pela parte do poente confina com os muros dos quais não há hoje mais vestígios que servirem de alicerces aos edifícios que pelo tempo se edificarão."
Evora_Santiago.normalizada.revista;*;PLC\_GPE;33;Évora;"#Text=Esta freguesia confina pela parte do norte, e do poente com os muros da antiquíssima, e original cidade; pela do Norte tem o distrito até o sitio que chamam porta nova, de que hoje não há mais que o nome, e com o arco de Dona Isabel de que hoje não há mais que o arco, pelo qual sendo naquele tempo porta da cidade, entrou triunfante o famoso Giraldo, que com grande valor, e industria, livrou Évora de poder dos Mouros e pela parte do poente confina com os muros dos quais não há hoje mais vestígios que servirem de alicerces aos edifícios que pelo tempo se edificarão. #Text=Neste convento, ou pedaço de céu, se contam as almas justas pelo número das pessoas. não tem religiosa em quem não resplandeça a virtude; feliz Évora, que tem nelas as mais eficazes intercessoras, para aplacar os rigores da justiça divina, e receber favores, por castigos; assim o reconhece toda a cidade; não individuo exemplos, porque ainda que para dentro do claustro são manifestos, no exterior, a publico; há só a tradição, por ser tal a sua humildade com as mais virtudes, que fazem muito por não serem públicos os seus efeitos. #Text=Évora 4 de julho de 1758 \r#Text=O Prior de São Tiago de Évora \r#Text=Inácio Murteira de Fontes \r#Text=\r#Text=\r#Text=[FO1]comum\r#Text=[FO2]positura\r#Text=[FO3]apertoar"
Evora_Santiago.normalizada.revista;*;PER\_PGRP;34;Mouros;"#Text=Esta freguesia confina pela parte do norte, e do poente com os muros da antiquíssima, e original cidade; pela do Norte tem o distrito até o sitio que chamam porta nova, de que hoje não há mais que o nome, e com o arco de Dona Isabel de que hoje não há mais que o arco, pelo qual sendo naquele tempo porta da cidade, entrou triunfante o famoso Giraldo, que com grande valor, e industria, livrou Évora de poder dos Mouros e pela parte do poente confina com os muros dos quais não há hoje mais vestígios que servirem de alicerces aos edifícios que pelo tempo se edificarão."
Evora_Santiago.normalizada.revista;*;PLC\_GPE;40;Évora;"#Text=Esta freguesia confina pela parte do norte, e do poente com os muros da antiquíssima, e original cidade; pela do Norte tem o distrito até o sitio que chamam porta nova, de que hoje não há mais que o nome, e com o arco de Dona Isabel de que hoje não há mais que o arco, pelo qual sendo naquele tempo porta da cidade, entrou triunfante o famoso Giraldo, que com grande valor, e industria, livrou Évora de poder dos Mouros e pela parte do poente confina com os muros dos quais não há hoje mais vestígios que servirem de alicerces aos edifícios que pelo tempo se edificarão. #Text=Neste convento, ou pedaço de céu, se contam as almas justas pelo número das pessoas. não tem religiosa em quem não resplandeça a virtude; feliz Évora, que tem nelas as mais eficazes intercessoras, para aplacar os rigores da justiça divina, e receber favores, por castigos; assim o reconhece toda a cidade; não individuo exemplos, porque ainda que para dentro do claustro são manifestos, no exterior, a publico; há só a tradição, por ser tal a sua humildade com as mais virtudes, que fazem muito por não serem públicos os seus efeitos. #Text=Évora 4 de julho de 1758 \r#Text=O Prior de São Tiago de Évora \r#Text=Inácio Murteira de Fontes \r#Text=\r#Text=\r#Text=[FO1]comum\r#Text=[FO2]positura\r#Text=[FO3]apertoar"
Evora_Santiago.normalizada.revista;*;PLC\_GPE;52;Évora;"#Text=Esta freguesia confina pela parte do norte, e do poente com os muros da antiquíssima, e original cidade; pela do Norte tem o distrito até o sitio que chamam porta nova, de que hoje não há mais que o nome, e com o arco de Dona Isabel de que hoje não há mais que o arco, pelo qual sendo naquele tempo porta da cidade, entrou triunfante o famoso Giraldo, que com grande valor, e industria, livrou Évora de poder dos Mouros e pela parte do poente confina com os muros dos quais não há hoje mais vestígios que servirem de alicerces aos edifícios que pelo tempo se edificarão. #Text=Neste convento, ou pedaço de céu, se contam as almas justas pelo número das pessoas. não tem religiosa em quem não resplandeça a virtude; feliz Évora, que tem nelas as mais eficazes intercessoras, para aplacar os rigores da justiça divina, e receber favores, por castigos; assim o reconhece toda a cidade; não individuo exemplos, porque ainda que para dentro do claustro são manifestos, no exterior, a publico; há só a tradição, por ser tal a sua humildade com as mais virtudes, que fazem muito por não serem públicos os seus efeitos. #Text=Évora 4 de julho de 1758 \r#Text=O Prior de São Tiago de Évora \r#Text=Inácio Murteira de Fontes \r#Text=\r#Text=\r#Text=[FO1]comum\r#Text=[FO2]positura\r#Text=[FO3]apertoar"
Evora_Santiago.normalizada.revista;*[10];PER\_NAM[10];11;Luís Álvares de Azevedo capelão do sereníssimo senhor cardeal Dom Henrique;#Text=Sucedeu-lhe por sua morte Luís Álvares de Azevedo capelão do sereníssimo senhor cardeal Dom Henrique, a quem o mesmo senhor a conferiu, como consta do auto de posse que se acha no arquivo da mesma igreja: foi este prior varão eminente em virtudes, e letras, por eles, e pela sua rara prudência, e circunspeção, lhe foram cometidos alguns ponderáveis negócios pelo mesmo sereníssimo senhor cardeal, e dele faz menção o dito padre Fonseca nº. 406.
Evora_Santiago.normalizada.revista;*[11];PER\_AUT[11];12;padre Fonseca;#Text=Sucedeu-lhe por sua morte Luís Álvares de Azevedo capelão do sereníssimo senhor cardeal Dom Henrique, a quem o mesmo senhor a conferiu, como consta do auto de posse que se acha no arquivo da mesma igreja: foi este prior varão eminente em virtudes, e letras, por eles, e pela sua rara prudência, e circunspeção, lhe foram cometidos alguns ponderáveis negócios pelo mesmo sereníssimo senhor cardeal, e dele faz menção o dito padre Fonseca nº. 406.
Evora_Santiago.normalizada.revista;*[12];ORG[12];13;Santo Ofício;"#Text=Depois deste egrégio prior, os mais que se lhe seguiram foram de ordinário, ministros do Santo Ofício cujos serviços atenderam sempre benignamente os sereníssimos senhores reis para lhes conferir este benefício; o serviço do mesmo Tribunal atendeu a piedade do augustíssimo senhor rei Dom João 5 de eterna saudade para o conferir, e o augustíssimo e fidelíssimo senhor Dom José 1º felizmente reinante para verificar a graça no prior atual."
Evora_Santiago.normalizada.revista;*[13];PER\_NAM[13];14;rei Dom João 5;"#Text=Depois deste egrégio prior, os mais que se lhe seguiram foram de ordinário, ministros do Santo Ofício cujos serviços atenderam sempre benignamente os sereníssimos senhores reis para lhes conferir este benefício; o serviço do mesmo Tribunal atendeu a piedade do augustíssimo senhor rei Dom João 5 de eterna saudade para o conferir, e o augustíssimo e fidelíssimo senhor Dom José 1º felizmente reinante para verificar a graça no prior atual."
Evora_Santiago.normalizada.revista;*[14];PER\_NAM[14];15;Dom José 1º;"#Text=Depois deste egrégio prior, os mais que se lhe seguiram foram de ordinário, ministros do Santo Ofício cujos serviços atenderam sempre benignamente os sereníssimos senhores reis para lhes conferir este benefício; o serviço do mesmo Tribunal atendeu a piedade do augustíssimo senhor rei Dom João 5 de eterna saudade para o conferir, e o augustíssimo e fidelíssimo senhor Dom José 1º felizmente reinante para verificar a graça no prior atual."
Evora_Santiago.normalizada.revista;*[15];PER\_SAINT[15];16;Nossa Senhora da Esperança;"#Text=É de uma só nave não é grande, mas airosa e desafogada; tem cinco capelas; a maior vestida de azulejo, ornada com um retábulo de talha dourada, no alto da capela um escudo com as armas reais, no trono da tribuna tem colocada a imagem de Nossa Senhora da Esperança, antigamente de muita devoção, e no lado do Evangelho a imagem de São Tiago, correspondente à de São Ivo, que está no da Epístola."
Evora_Santiago.normalizada.revista;*[16];PER\_SAINT[16];17;São Tiago;"#Text=É de uma só nave não é grande, mas airosa e desafogada; tem cinco capelas; a maior vestida de azulejo, ornada com um retábulo de talha dourada, no alto da capela um escudo com as armas reais, no trono da tribuna tem colocada a imagem de Nossa Senhora da Esperança, antigamente de muita devoção, e no lado do Evangelho a imagem de São Tiago, correspondente à de São Ivo, que está no da Epístola."
Evora_Santiago.normalizada.revista;*[17];PER\_SAINT[17];18;São Ivo;"#Text=É de uma só nave não é grande, mas airosa e desafogada; tem cinco capelas; a maior vestida de azulejo, ornada com um retábulo de talha dourada, no alto da capela um escudo com as armas reais, no trono da tribuna tem colocada a imagem de Nossa Senhora da Esperança, antigamente de muita devoção, e no lado do Evangelho a imagem de São Tiago, correspondente à de São Ivo, que está no da Epístola."
Evora_Santiago.normalizada.revista;*[18];PER\_SAINT[18];19;Nossa Senhora das Dores;#Text=A 1ª. capela do lado do evangelho é de Nossa Senhora das Dores, em que a devoção, e zelo da sua irmandade mandou fazer um primoroso retábulo e na tribuna está colocada, a venerável e piedosa imagem da mesma Senhora com grande decência.
Evora_Santiago.normalizada.revista;*[19];PER\_SAINT[19];20;Santa Bárbara;"#Text=A 2ª. capela da mesma parte, é de Santa Bárbara, tem retábulo novo, e dourado, e nesta capela se acha, e venera colocada a imagem da mesma santa; está com asseio, e atrai a devoção, e tem desta gloriosa mártir uma venerável relíquia."
Evora_Santiago.normalizada.revista;*[1];PLC\_GPE[1];1;cidade de Évora;"#Text=A cidade de Évora é na hierarquia a segunda do reino metrópole do Alentejo, a que são sufragâneos os bispados do Algarve e Elvas; é e sempre foi da coroa; de sua antiguidade, situação, beneficência de ares, divisão de comarcas, fertilidade de frutos, amenidade de sítios, e das mais qualidades, e circunstâncias que a ornam, e porque se faz digna de grandes elogios, escreveram com bem aparada pena, vários historiadores, de que foi o último o padre Francisco de Fonseca no seu livro, a que deu o título = Evora Glorioza = e assim deixo de falar no que está escrito, já por desnecessário, já por não ser fastidioso e já porque não posso dizer tanto nem tão bem."
Evora_Santiago.normalizada.revista;*[20];PER\_SAINT[20];21;São Brás;#Text=A lª. capela do lado da epístola é de São Brás, tem retábulo dourado, tem uma bela imagem do mesmo santo e tem deste glorioso mártir uma admirável relíquia.
Evora_Santiago.normalizada.revista;*[21];PER\_SAINT[21];22;Santa Ana;"#Text=A 2ª. capela do mesmo lado, é de Santa Ana, tem nova abóbada, e pintada, está novamente azulejada ao moderno, e tem um excelente e novo retábulo, tudo mandado fazer por despesa, e devoção do prior atual; na tribuna está colocada a venerável e devota imagem da santa, de especial devoção para os fiéis; tem sacrário, e nele depositada uma relíquia da mesma, em uma moderna, e primorosa custodia de prata feita á romana com grande primor, e mandada fazer, por desvelo, e dispêndio do mesmo prior."
Evora_Santiago.normalizada.revista;*[22];PER\_SAINT[22];23;Nossa Senhora das Dores;#Text=É o corpo da igreja largo, e na sua frontaria tem as três capelas, principal, de Nossa Senhora das Dores, e de São Brás, e sobre estas, painéis de perfeitas imagens, e o resto de toda a parede de muito vistosas pinturas, que tudo não só excita a devoção, mas lisonjeia, e recreia a vista.
Evora_Santiago.normalizada.revista;*[23];PER\_SAINT[23];24;São Brás;#Text=É o corpo da igreja largo, e na sua frontaria tem as três capelas, principal, de Nossa Senhora das Dores, e de São Brás, e sobre estas, painéis de perfeitas imagens, e o resto de toda a parede de muito vistosas pinturas, que tudo não só excita a devoção, mas lisonjeia, e recreia a vista.
Evora_Santiago.normalizada.revista;*[24];PER\_SAINT[24];25;São Tiago;"#Text=O orago desta igreja é de São Tiago; não consta de sua origem, e criação, dela poderá haver notícia nos estimáveis papéis que se guardam no arquivo do reverendo cabido inscrutáveis a pessoa alguma; tem a igreja um desafogado coro onde se rezam as horas canónicas, excelente sacristia, e os mais cómodos necessários."
Evora_Santiago.normalizada.revista;*[25];ORG[25];26;Santíssimo Sacramento;"#Text=Tem duas irmandades, uma do Santíssimo Sacramento, e outra de Nossa Senhora das Dores; desta é comissário o prior, todos os quartos Domingos do mês faz esta irmandade uma procissão pelo corpo da igreja rezando alternadamente a coroa dolorosa, que capitula o mesmo prior comissário com oferecimentos de muita piedade, e ternura, assistem a este piedoso, e devoto ato, os irmãos, e muitos fiéis que não o são, com grande sisudeza, gravidade e devoção, e acabada a prática digo acabada a coroa, há prática, em que não só se persuade a frequência daquele santo exercício, mas com especialidade a extirpação dos vícios, e reformação dos costumes, a que também o prior promove com a eficácia que pode, de que resulta grande edificação, e muitas lágrimas."
Evora_Santiago.normalizada.revista;*[26];ORG[26];27;Nossa Senhora das Dores;"#Text=Tem duas irmandades, uma do Santíssimo Sacramento, e outra de Nossa Senhora das Dores; desta é comissário o prior, todos os quartos Domingos do mês faz esta irmandade uma procissão pelo corpo da igreja rezando alternadamente a coroa dolorosa, que capitula o mesmo prior comissário com oferecimentos de muita piedade, e ternura, assistem a este piedoso, e devoto ato, os irmãos, e muitos fiéis que não o são, com grande sisudeza, gravidade e devoção, e acabada a prática digo acabada a coroa, há prática, em que não só se persuade a frequência daquele santo exercício, mas com especialidade a extirpação dos vícios, e reformação dos costumes, a que também o prior promove com a eficácia que pode, de que resulta grande edificação, e muitas lágrimas."
Evora_Santiago.normalizada.revista;*[27];ORG[27];28;Santa Sé Apostólica;"#Text=Tem esta igreja prior, oito beneficiados símplices, e um capelão; a administração dos sacramentos pertence unicamente ao prior, que em todos os tempos teve sempre coadjutor que o aliviasse; é priorado do padroado real, e o apresentam os augustíssimos senhores reis; e posto que regularmente falando, os priores das mais igrejas do padroado real tenham a regalia de apresentar os benefícios de suas igrejas, nesta não acho memoria desta regalia, e se apresentam alternativamente, pelos excelentíssimos e reverendíssimos senhores ordinários, e Santa Sé Apostólica."
Evora_Santiago.normalizada.revista;*[28];PER\_NAM[28];29;prior Manoel Mendes Botelho inquisidor do Santo Ofício;#Text=O rendimento do priorado esta hoje muito diminuto, por se lhe haverem tirado cinco partes das oito que percebia, sobre a validade da extração de quatro partes teve o prior Manoel Mendes Botelho inquisidor do Santo Ofício, primeira e segunda demanda com o reverendo cabido, e se decidiu na segunda, que este se conservasse na posse que tinha de as perceber, cuja decisão do fundamento para duvidar da legalidade do título, mas todos estes documentos se conservam no arquivo do mesmo reverendo cabido, donde se não podem extrair, e por isso se não pode dar mais individual informação.
Evora_Santiago.normalizada.revista;*[29];PLC\_FAC[29];30;porta nova;"#Text=Esta freguesia confina pela parte do norte, e do poente com os muros da antiquíssima, e original cidade; pela do Norte tem o distrito até o sitio que chamam porta nova, de que hoje não há mais que o nome, e com o arco de Dona Isabel de que hoje não há mais que o arco, pelo qual sendo naquele tempo porta da cidade, entrou triunfante o famoso Giraldo, que com grande valor, e industria, livrou Évora de poder dos Mouros e pela parte do poente confina com os muros dos quais não há hoje mais vestígios que servirem de alicerces aos edifícios que pelo tempo se edificarão."
Evora_Santiago.normalizada.revista;*[2];PLC\_GPE[2];3;bispados do Algarve e Elvas;"#Text=A cidade de Évora é na hierarquia a segunda do reino metrópole do Alentejo, a que são sufragâneos os bispados do Algarve e Elvas; é e sempre foi da coroa; de sua antiguidade, situação, beneficência de ares, divisão de comarcas, fertilidade de frutos, amenidade de sítios, e das mais qualidades, e circunstâncias que a ornam, e porque se faz digna de grandes elogios, escreveram com bem aparada pena, vários historiadores, de que foi o último o padre Francisco de Fonseca no seu livro, a que deu o título = Evora Glorioza = e assim deixo de falar no que está escrito, já por desnecessário, já por não ser fastidioso e já porque não posso dizer tanto nem tão bem."
Evora_Santiago.normalizada.revista;*[30];PLC\_FAC[30];31;arco de Dona Isabel;"#Text=Esta freguesia confina pela parte do norte, e do poente com os muros da antiquíssima, e original cidade; pela do Norte tem o distrito até o sitio que chamam porta nova, de que hoje não há mais que o nome, e com o arco de Dona Isabel de que hoje não há mais que o arco, pelo qual sendo naquele tempo porta da cidade, entrou triunfante o famoso Giraldo, que com grande valor, e industria, livrou Évora de poder dos Mouros e pela parte do poente confina com os muros dos quais não há hoje mais vestígios que servirem de alicerces aos edifícios que pelo tempo se edificarão."
Evora_Santiago.normalizada.revista;*[31];ORG[31];35;colégio de São Paulo;"#Text=Tem no seu distrito dois conventos ambos no terreiro chamado praça do peixe, um é o colégio de São Paulo primeiro eremita de religiosos da mesma ordem, verdadeiro seminário de homens de grande talento, cujas letras e virtudes adornam as universidades, honram as cadeiras e desempenham os púlpitos com a borla, com a ciência, e com a doutrina; da criação, fundação, e progresso deste louvável colégio, dá noticia, o padre Fonseca n.º 672 e 673 onde refere alguns varões egrégios, e eu não individuo outros, porque seria necessário fazer um grande escolio de todos."
Evora_Santiago.normalizada.revista;*[32];PER\_AUT[32];36;padre Fonseca;"#Text=Tem no seu distrito dois conventos ambos no terreiro chamado praça do peixe, um é o colégio de São Paulo primeiro eremita de religiosos da mesma ordem, verdadeiro seminário de homens de grande talento, cujas letras e virtudes adornam as universidades, honram as cadeiras e desempenham os púlpitos com a borla, com a ciência, e com a doutrina; da criação, fundação, e progresso deste louvável colégio, dá noticia, o padre Fonseca n.º 672 e 673 onde refere alguns varões egrégios, e eu não individuo outros, porque seria necessário fazer um grande escolio de todos."
Evora_Santiago.normalizada.revista;*[33];ORG[33];37;convento é intitulado do Salvador;#Text=O outro convento é intitulado do Salvador, da sua fundação, situação, e progresso, trata o padre Fonseca n.º 703, 704 e 705: são as religiosas, ou serafins dele, freiras urbanas de Santa Clara, o número é de cinquenta, a saber, quarenta de véu preto, e dez de véu branco, as quais servem o convento, pois nele não há outras criadas comuns, nem particulares, e estão sujeitas aos excelentíssimos e reverendíssimos senhores ordinários.
Evora_Santiago.normalizada.revista;*[34];PER\_AUT[34];38;padre Fonseca;#Text=O outro convento é intitulado do Salvador, da sua fundação, situação, e progresso, trata o padre Fonseca n.º 703, 704 e 705: são as religiosas, ou serafins dele, freiras urbanas de Santa Clara, o número é de cinquenta, a saber, quarenta de véu preto, e dez de véu branco, as quais servem o convento, pois nele não há outras criadas comuns, nem particulares, e estão sujeitas aos excelentíssimos e reverendíssimos senhores ordinários.
Evora_Santiago.normalizada.revista;*[35];PER\_PGRP[35];39;freiras urbanas de Santa Clara;#Text=O outro convento é intitulado do Salvador, da sua fundação, situação, e progresso, trata o padre Fonseca n.º 703, 704 e 705: são as religiosas, ou serafins dele, freiras urbanas de Santa Clara, o número é de cinquenta, a saber, quarenta de véu preto, e dez de véu branco, as quais servem o convento, pois nele não há outras criadas comuns, nem particulares, e estão sujeitas aos excelentíssimos e reverendíssimos senhores ordinários.
Evora_Santiago.normalizada.revista;*[36];PER\_CAT[36];41;conde de Soure;"#Text=Tem a freguesia o número de trezentas pessoas de ambos os sexos, e de todas as idades, exceto as religiões: e tem sessenta e nove fogos há nela dous palácios um do excelentíssimo conde de Soure, outro do excelentíssimo conde de Vila Nova; este é antigo, mas amplo, tem uma alta torre, que o faz mais majestoso; defronte da porta do seu pátio, está uma praça pública, e nela se acham fronteiros à porta, quatro marcos altos em quadratura de quinze passos de uns a outros; há tradição commua[FO1] servirem antigamente de couto, a que entrando qualquer delinquente nos limites deles, tinha imunidade; não pude averiguar mais da geral tradição; os marcos são imemoriais, não há notícia do tempo, e motivo da sua pozitura[FO2], só a poderá dar o excelentíssimo conde que conservará o título desta regalia, que a mim me faltaram os meios."
Evora_Santiago.normalizada.revista;*[37];PER\_CAT[37];42;conde de Vila Nova;"#Text=Tem a freguesia o número de trezentas pessoas de ambos os sexos, e de todas as idades, exceto as religiões: e tem sessenta e nove fogos há nela dous palácios um do excelentíssimo conde de Soure, outro do excelentíssimo conde de Vila Nova; este é antigo, mas amplo, tem uma alta torre, que o faz mais majestoso; defronte da porta do seu pátio, está uma praça pública, e nela se acham fronteiros à porta, quatro marcos altos em quadratura de quinze passos de uns a outros; há tradição commua[FO1] servirem antigamente de couto, a que entrando qualquer delinquente nos limites deles, tinha imunidade; não pude averiguar mais da geral tradição; os marcos são imemoriais, não há notícia do tempo, e motivo da sua pozitura[FO2], só a poderá dar o excelentíssimo conde que conservará o título desta regalia, que a mim me faltaram os meios."
Evora_Santiago.normalizada.revista;*[38];PER\_NAM[38];43;Álvaro José de Carvalho ,;#Text=Há mais no distrito da freguesia outras muitas casas da primeira nobreza da cidade, entre elas de Álvaro José de Carvalho, nas quais há uma elevada, e bem formada torre sem ruína alguma, esta edificada unida com a muralha velha, no tempo da antiga cidade lhe serviu de defensa, hoje á nova, de fermosura há no mesmo distrito umas casas grandes, mas antigas, servem de aposentadoria do inquisidor da primeira cadeira, vulgarmente tem o nome de Casas Pintadas, e há tradição, que nelas fora a Inquisição no seu princípio, porem não tive meios para passar da tradição para a certeza.
Evora_Santiago.normalizada.revista;*[39];PLC\_FAC[39];44;Casas Pintadas;#Text=Há mais no distrito da freguesia outras muitas casas da primeira nobreza da cidade, entre elas de Álvaro José de Carvalho, nas quais há uma elevada, e bem formada torre sem ruína alguma, esta edificada unida com a muralha velha, no tempo da antiga cidade lhe serviu de defensa, hoje á nova, de fermosura há no mesmo distrito umas casas grandes, mas antigas, servem de aposentadoria do inquisidor da primeira cadeira, vulgarmente tem o nome de Casas Pintadas, e há tradição, que nelas fora a Inquisição no seu princípio, porem não tive meios para passar da tradição para a certeza.
Evora_Santiago.normalizada.revista;*[3];PER\_AUT[3];4;padre Francisco de Fonseca;"#Text=A cidade de Évora é na hierarquia a segunda do reino metrópole do Alentejo, a que são sufragâneos os bispados do Algarve e Elvas; é e sempre foi da coroa; de sua antiguidade, situação, beneficência de ares, divisão de comarcas, fertilidade de frutos, amenidade de sítios, e das mais qualidades, e circunstâncias que a ornam, e porque se faz digna de grandes elogios, escreveram com bem aparada pena, vários historiadores, de que foi o último o padre Francisco de Fonseca no seu livro, a que deu o título = Evora Glorioza = e assim deixo de falar no que está escrito, já por desnecessário, já por não ser fastidioso e já porque não posso dizer tanto nem tão bem."
Evora_Santiago.normalizada.revista;*[40];PER\_NAM[40];45;mestre Abraham rabi dos Judeus;"#Text=Nas costas da igreja há as ruínas de um edifício, que pelos vestígios da porta, paredes, e salas, seria palácio, no tempo da cidade primeira havia nelas aula de sinagoga, de que era mestre Abraham rabi dos Judeus, e quando estes foram expulsos da cidade; ele pelo comum dos judeus foi fazer desistência das ditas casas nas mãos do excelentíssimo bispo da mesma cidade Dom Martinho, a cujo ato aparecerão o prior e beneficiados desta igreja pela pessoa de seu procurador Vasco Lourenço, e contradisseram, e impugnaram a dita demissão, e entrega, protestando não lhes prejudicar ao direito que tenham nas casas sobreditas, de cujo protesto se fez instrumento público em 25 de Junho de 1363, pelo tabelião Lourenço Martins, que se acha no arquivo da igreja e de então até agora se não habitaram; esta falta de habitação e mais a ruína são efeitos, uma do horror do pecado, outra da diuturnidade do tempo."
Evora_Santiago.normalizada.revista;*[41];PER\_NAM[41];46;Dom Martinho;"#Text=Nas costas da igreja há as ruínas de um edifício, que pelos vestígios da porta, paredes, e salas, seria palácio, no tempo da cidade primeira havia nelas aula de sinagoga, de que era mestre Abraham rabi dos Judeus, e quando estes foram expulsos da cidade; ele pelo comum dos judeus foi fazer desistência das ditas casas nas mãos do excelentíssimo bispo da mesma cidade Dom Martinho, a cujo ato aparecerão o prior e beneficiados desta igreja pela pessoa de seu procurador Vasco Lourenço, e contradisseram, e impugnaram a dita demissão, e entrega, protestando não lhes prejudicar ao direito que tenham nas casas sobreditas, de cujo protesto se fez instrumento público em 25 de Junho de 1363, pelo tabelião Lourenço Martins, que se acha no arquivo da igreja e de então até agora se não habitaram; esta falta de habitação e mais a ruína são efeitos, uma do horror do pecado, outra da diuturnidade do tempo."
Evora_Santiago.normalizada.revista;*[42];PER\_NAM[42];47;procurador Vasco Lourenço;"#Text=Nas costas da igreja há as ruínas de um edifício, que pelos vestígios da porta, paredes, e salas, seria palácio, no tempo da cidade primeira havia nelas aula de sinagoga, de que era mestre Abraham rabi dos Judeus, e quando estes foram expulsos da cidade; ele pelo comum dos judeus foi fazer desistência das ditas casas nas mãos do excelentíssimo bispo da mesma cidade Dom Martinho, a cujo ato aparecerão o prior e beneficiados desta igreja pela pessoa de seu procurador Vasco Lourenço, e contradisseram, e impugnaram a dita demissão, e entrega, protestando não lhes prejudicar ao direito que tenham nas casas sobreditas, de cujo protesto se fez instrumento público em 25 de Junho de 1363, pelo tabelião Lourenço Martins, que se acha no arquivo da igreja e de então até agora se não habitaram; esta falta de habitação e mais a ruína são efeitos, uma do horror do pecado, outra da diuturnidade do tempo."
Evora_Santiago.normalizada.revista;*[43];TIM\_CRON[43];48;25 de Junho de 1363;"#Text=Nas costas da igreja há as ruínas de um edifício, que pelos vestígios da porta, paredes, e salas, seria palácio, no tempo da cidade primeira havia nelas aula de sinagoga, de que era mestre Abraham rabi dos Judeus, e quando estes foram expulsos da cidade; ele pelo comum dos judeus foi fazer desistência das ditas casas nas mãos do excelentíssimo bispo da mesma cidade Dom Martinho, a cujo ato aparecerão o prior e beneficiados desta igreja pela pessoa de seu procurador Vasco Lourenço, e contradisseram, e impugnaram a dita demissão, e entrega, protestando não lhes prejudicar ao direito que tenham nas casas sobreditas, de cujo protesto se fez instrumento público em 25 de Junho de 1363, pelo tabelião Lourenço Martins, que se acha no arquivo da igreja e de então até agora se não habitaram; esta falta de habitação e mais a ruína são efeitos, uma do horror do pecado, outra da diuturnidade do tempo."
Evora_Santiago.normalizada.revista;*[44];PER\_NAM[44];49;tabelião Lourenço Martins;"#Text=Nas costas da igreja há as ruínas de um edifício, que pelos vestígios da porta, paredes, e salas, seria palácio, no tempo da cidade primeira havia nelas aula de sinagoga, de que era mestre Abraham rabi dos Judeus, e quando estes foram expulsos da cidade; ele pelo comum dos judeus foi fazer desistência das ditas casas nas mãos do excelentíssimo bispo da mesma cidade Dom Martinho, a cujo ato aparecerão o prior e beneficiados desta igreja pela pessoa de seu procurador Vasco Lourenço, e contradisseram, e impugnaram a dita demissão, e entrega, protestando não lhes prejudicar ao direito que tenham nas casas sobreditas, de cujo protesto se fez instrumento público em 25 de Junho de 1363, pelo tabelião Lourenço Martins, que se acha no arquivo da igreja e de então até agora se não habitaram; esta falta de habitação e mais a ruína são efeitos, uma do horror do pecado, outra da diuturnidade do tempo."
Evora_Santiago.normalizada.revista;*[45];TIM\_CRON[45];50;1 de novembro de 1755;"#Text=Fez nesta igreja grande impressão, e efeito, o terremoto do 1 de novembro de 1755; mas o maior foi no frontispício interior dela, o qual teve uma grande abertura piramidal, que começou da raiz da mesma parede até à abóbada, partiu o arco e extraiu grande parte dele para fora do corpo em que descansava, e no mesmo lugar experimentou a abóbada abertura, de grande dano, e maior perigo."
Evora_Santiago.normalizada.revista;*[46];ORG[46];51;irmandade do Santíssimo Sacramento ,;#Text=Este eminente perigo, suspendeu fazerem-se na igreja os ofícios divinos, as horas canónicas se rezavam na casa da irmandade do Santíssimo Sacramento, eu mudei logo o sacrário para capela de menos perigo, e dano, algumas missas se celebravam, não sem grande susto, e os fiéis se abstinham do ingresso da igreja, pelo racional, e prudente temor de sua total ruína.
Evora_Santiago.normalizada.revista;*[47];TIM\_CRON[47];52;4 de julho de 1758;#Text=Évora 4 de julho de 1758 \r#Text=O Prior de São Tiago de Évora \r#Text=Inácio Murteira de Fontes \r#Text=\r#Text=\r#Text=[FO1]comum\r#Text=[FO2]positura\r#Text=[FO3]apertoar
Evora_Santiago.normalizada.revista;*[48];PER\_NAM[48];53;Prior de São Tiago de Évora Inácio Murteira de Fontes;#Text=Évora 4 de julho de 1758 \r#Text=O Prior de São Tiago de Évora \r#Text=Inácio Murteira de Fontes \r#Text=\r#Text=\r#Text=[FO1]comum\r#Text=[FO2]positura\r#Text=[FO3]apertoar
Evora_Santiago.normalizada.revista;*[4];AUTWORK[4];5;Evora Glorioza;"#Text=A cidade de Évora é na hierarquia a segunda do reino metrópole do Alentejo, a que são sufragâneos os bispados do Algarve e Elvas; é e sempre foi da coroa; de sua antiguidade, situação, beneficência de ares, divisão de comarcas, fertilidade de frutos, amenidade de sítios, e das mais qualidades, e circunstâncias que a ornam, e porque se faz digna de grandes elogios, escreveram com bem aparada pena, vários historiadores, de que foi o último o padre Francisco de Fonseca no seu livro, a que deu o título = Evora Glorioza = e assim deixo de falar no que está escrito, já por desnecessário, já por não ser fastidioso e já porque não posso dizer tanto nem tão bem."
Evora_Santiago.normalizada.revista;*[5];PLC\_FAC[5];6;igreja de São Tiago;"#Text=A igreja de São Tiago é hoje na série a terceira, dela fala o Padre Fonseca no nº 388; não consta da sua antiguidade, e criação; se desta há título, só poderá estar no arquivo do reverendo cabido, onde se guardam as melhores notícias e mais estimáveis papéis."
Evora_Santiago.normalizada.revista;*[6];PER\_AUT[6];7;Padre Fonseca;"#Text=A igreja de São Tiago é hoje na série a terceira, dela fala o Padre Fonseca no nº 388; não consta da sua antiguidade, e criação; se desta há título, só poderá estar no arquivo do reverendo cabido, onde se guardam as melhores notícias e mais estimáveis papéis."
Evora_Santiago.normalizada.revista;*[7];PER\_NAM[7];8;prior Dom Martinho de Portugal , e ao mesmo tempo simultaneamente bispo , ou arcebispo do Funchal , embaixador de sua Majestade na corte de Roma;#Text=Foi dela prior Dom Martinho de Portugal, e ao mesmo tempo simultaneamente bispo, ou arcebispo do Funchal, embaixador de sua Majestade na corte de Roma de que faz menção frei padre Monteiro na Historia Academica da Inquisição L°.2 pág. 432.
Evora_Santiago.normalizada.revista;*[8];PER\_AUT[8];9;frei padre Monteiro;#Text=Foi dela prior Dom Martinho de Portugal, e ao mesmo tempo simultaneamente bispo, ou arcebispo do Funchal, embaixador de sua Majestade na corte de Roma de que faz menção frei padre Monteiro na Historia Academica da Inquisição L°.2 pág. 432.
Evora_Santiago.normalizada.revista;*[9];AUTWORK[9];10;Historia Academica da Inquisição L ° .2 pág . 432;#Text=Foi dela prior Dom Martinho de Portugal, e ao mesmo tempo simultaneamente bispo, ou arcebispo do Funchal, embaixador de sua Majestade na corte de Roma de que faz menção frei padre Monteiro na Historia Academica da Inquisição L°.2 pág. 432.
