﻿file_name;entity;category_entity;entity_cardinal;ent_concat;text_concat
Evora_SaoBrasDeRegedouro.normalizada;*;PLC\_GPE;1;Regedouro;#Text=São Brás do Regedouro, 1758, 3 de Maio  \r#Text=Memória Paroquial de São Brás do Regedouro, Comarca de Évora\r#Text=[ANTT, Memórias Paroquiais, vol. 31, nº 44, p. 225 a 228]\r#Text=\r#Text=“/p. 225/\r#Text=Regedouro\r#Text=Como súbdito obedecendo ao mando de vossa excelência reverendíssima que responda aos interrogatórios que me foram remetidos, fazendo a possível diligência respondo na forma seguinte.\r#Text=1 Esta freguesia de São Brás do Regedouro está na província do Alentejo, na comarca da cidade de Évora e no arcebispado da mesma cidade, parte da freguesia metade pouco mais ou menos no termo de Évora e noutra parte no termo das Alcáçovas porem a igreja esta no termo de Évora.\r#Text=2. #Text=Desta freguesia à capital cidade do arcebispado fazem três léguas e meia e a Lisboa capital do reino fazem dezanove léguas.\r#Text=22.
Evora_SaoBrasDeRegedouro.normalizada;*;PER\_PGRP;21;Almas;"#Text=É da igreja o orago o glorioso São Brás, tem a igreja três altares, no principal está colocada a imagem do santo orago, e no mesmo altar da parte direita está a imagem do príncipe dos apóstolos meu pai São Pedro no mesmo altar na parte esquerda está colocada a imagem do sagrado percussor São João Baptista; na segunda capela colateral da parte direita está a imagem de Jesus Cristo crucificado, e no mesmo altar estão acima // \r#Text=\r#Text=/p. 226/\r#Text=as imagens do esclarecido português Santo António, de Santo Amaro e Santa Luzia; e como este altar pertence à devoção das santas Almas do Purgatório junto do mesmo altar está um painel com a imagem do arcanjo São Miguel das Almas patrono. #Text=A igreja é de uma nave só e de abóbada, tem só uma irmandade confirmada que é a do Rosário da Senhora, e das Almas somente há uma devoção de se pedir as esmolas que os fiéis querem dar para sufrágios das mesmas almas.\r#Text=8."
Evora_SaoBrasDeRegedouro.normalizada;*;PER\_SAINT;23;Senhora;"#Text=No terceiro e último altar da parte esquerda esta a imagem da Mãe de Deus Maria Santíssima, Senhora Nossa com o título do Rosário e no mesmo altar está outra imagem da mesma Senhora que serve de levar nas procissões que nos primeiros domingos de todos os medes se fazem em obséquio do Rosário da Senhora; no mesmo altar está a imagem do invicto e duplicado mártir São Sebastião."
Evora_SaoBrasDeRegedouro.normalizada;*;PER\_PGRP;27;almas;"#Text=É da igreja o orago o glorioso São Brás, tem a igreja três altares, no principal está colocada a imagem do santo orago, e no mesmo altar da parte direita está a imagem do príncipe dos apóstolos meu pai São Pedro no mesmo altar na parte esquerda está colocada a imagem do sagrado percussor São João Baptista; na segunda capela colateral da parte direita está a imagem de Jesus Cristo crucificado, e no mesmo altar estão acima // \r#Text=\r#Text=/p. 226/\r#Text=as imagens do esclarecido português Santo António, de Santo Amaro e Santa Luzia; e como este altar pertence à devoção das santas Almas do Purgatório junto do mesmo altar está um painel com a imagem do arcanjo São Miguel das Almas patrono. #Text=A igreja é de uma nave só e de abóbada, tem só uma irmandade confirmada que é a do Rosário da Senhora, e das Almas somente há uma devoção de se pedir as esmolas que os fiéis querem dar para sufrágios das mesmas almas.\r#Text=8."
Evora_SaoBrasDeRegedouro.normalizada;*;ORG;29;Misericórdia;#Text=Nem também Casa de Misericórdia.\r#Text=13.
Evora_SaoBrasDeRegedouro.normalizada;*;PER\_DIV;31;Deus;#Text=A imagem do senhor São Brás orago da freguesia e muitas e várias vezes visitada em romaria pelo decurso do ano porquanto é imagem muito milagrosa como eu tenho claramente observado, e o publicam todos os que por sua interseção tem sido de Deus remediados em muitas e diversas necessidades que tem padecido nesta miserável vida.\r#Text=15.
Evora_SaoBrasDeRegedouro.normalizada;*;PLC\_GPE;36;Lisboa;#Text=São Brás do Regedouro, 1758, 3 de Maio  \r#Text=Memória Paroquial de São Brás do Regedouro, Comarca de Évora\r#Text=[ANTT, Memórias Paroquiais, vol. 31, nº 44, p. 225 a 228]\r#Text=\r#Text=“/p. 225/\r#Text=Regedouro\r#Text=Como súbdito obedecendo ao mando de vossa excelência reverendíssima que responda aos interrogatórios que me foram remetidos, fazendo a possível diligência respondo na forma seguinte.\r#Text=1 Esta freguesia de São Brás do Regedouro está na província do Alentejo, na comarca da cidade de Évora e no arcebispado da mesma cidade, parte da freguesia metade pouco mais ou menos no termo de Évora e noutra parte no termo das Alcáçovas porem a igreja esta no termo de Évora.\r#Text=2. #Text=Desta freguesia à capital cidade do arcebispado fazem três léguas e meia e a Lisboa capital do reino fazem dezanove léguas.\r#Text=22.
Evora_SaoBrasDeRegedouro.normalizada;*[10];PER\_NAM[10];11;fidalgo por nome Dom José de Castro , como senhor que é da dita vila;"#Text=A parte do termo de Évora e de el Rei meu senhor; a parte do termo das Alcáçovas e de um fidalgo por nome Dom José de Castro, como senhor que é da dita vila.\r#Text=3."
Evora_SaoBrasDeRegedouro.normalizada;*[11];PER\_SAINT[11];12;São Brás;"#Text=É da igreja o orago o glorioso São Brás, tem a igreja três altares, no principal está colocada a imagem do santo orago, e no mesmo altar da parte direita está a imagem do príncipe dos apóstolos meu pai São Pedro no mesmo altar na parte esquerda está colocada a imagem do sagrado percussor São João Baptista; na segunda capela colateral da parte direita está a imagem de Jesus Cristo crucificado, e no mesmo altar estão acima // \r#Text=\r#Text=/p. 226/\r#Text=as imagens do esclarecido português Santo António, de Santo Amaro e Santa Luzia; e como este altar pertence à devoção das santas Almas do Purgatório junto do mesmo altar está um painel com a imagem do arcanjo São Miguel das Almas patrono."
Evora_SaoBrasDeRegedouro.normalizada;*[12];PER\_SAINT[12];13;São Pedro;"#Text=É da igreja o orago o glorioso São Brás, tem a igreja três altares, no principal está colocada a imagem do santo orago, e no mesmo altar da parte direita está a imagem do príncipe dos apóstolos meu pai São Pedro no mesmo altar na parte esquerda está colocada a imagem do sagrado percussor São João Baptista; na segunda capela colateral da parte direita está a imagem de Jesus Cristo crucificado, e no mesmo altar estão acima // \r#Text=\r#Text=/p. 226/\r#Text=as imagens do esclarecido português Santo António, de Santo Amaro e Santa Luzia; e como este altar pertence à devoção das santas Almas do Purgatório junto do mesmo altar está um painel com a imagem do arcanjo São Miguel das Almas patrono."
Evora_SaoBrasDeRegedouro.normalizada;*[13];PER\_SAINT[13];14;São João Baptista;"#Text=É da igreja o orago o glorioso São Brás, tem a igreja três altares, no principal está colocada a imagem do santo orago, e no mesmo altar da parte direita está a imagem do príncipe dos apóstolos meu pai São Pedro no mesmo altar na parte esquerda está colocada a imagem do sagrado percussor São João Baptista; na segunda capela colateral da parte direita está a imagem de Jesus Cristo crucificado, e no mesmo altar estão acima // \r#Text=\r#Text=/p. 226/\r#Text=as imagens do esclarecido português Santo António, de Santo Amaro e Santa Luzia; e como este altar pertence à devoção das santas Almas do Purgatório junto do mesmo altar está um painel com a imagem do arcanjo São Miguel das Almas patrono."
Evora_SaoBrasDeRegedouro.normalizada;*[14];PER\_DIV[14];15;Cristo crucificado;"#Text=É da igreja o orago o glorioso São Brás, tem a igreja três altares, no principal está colocada a imagem do santo orago, e no mesmo altar da parte direita está a imagem do príncipe dos apóstolos meu pai São Pedro no mesmo altar na parte esquerda está colocada a imagem do sagrado percussor São João Baptista; na segunda capela colateral da parte direita está a imagem de Jesus Cristo crucificado, e no mesmo altar estão acima // \r#Text=\r#Text=/p. 226/\r#Text=as imagens do esclarecido português Santo António, de Santo Amaro e Santa Luzia; e como este altar pertence à devoção das santas Almas do Purgatório junto do mesmo altar está um painel com a imagem do arcanjo São Miguel das Almas patrono."
Evora_SaoBrasDeRegedouro.normalizada;*[15];PER\_SAINT[15];16;Santo António;"#Text=É da igreja o orago o glorioso São Brás, tem a igreja três altares, no principal está colocada a imagem do santo orago, e no mesmo altar da parte direita está a imagem do príncipe dos apóstolos meu pai São Pedro no mesmo altar na parte esquerda está colocada a imagem do sagrado percussor São João Baptista; na segunda capela colateral da parte direita está a imagem de Jesus Cristo crucificado, e no mesmo altar estão acima // \r#Text=\r#Text=/p. 226/\r#Text=as imagens do esclarecido português Santo António, de Santo Amaro e Santa Luzia; e como este altar pertence à devoção das santas Almas do Purgatório junto do mesmo altar está um painel com a imagem do arcanjo São Miguel das Almas patrono."
Evora_SaoBrasDeRegedouro.normalizada;*[16];PER\_SAINT[16];17;Santo Amaro;"#Text=É da igreja o orago o glorioso São Brás, tem a igreja três altares, no principal está colocada a imagem do santo orago, e no mesmo altar da parte direita está a imagem do príncipe dos apóstolos meu pai São Pedro no mesmo altar na parte esquerda está colocada a imagem do sagrado percussor São João Baptista; na segunda capela colateral da parte direita está a imagem de Jesus Cristo crucificado, e no mesmo altar estão acima // \r#Text=\r#Text=/p. 226/\r#Text=as imagens do esclarecido português Santo António, de Santo Amaro e Santa Luzia; e como este altar pertence à devoção das santas Almas do Purgatório junto do mesmo altar está um painel com a imagem do arcanjo São Miguel das Almas patrono."
Evora_SaoBrasDeRegedouro.normalizada;*[17];PER\_SAINT[17];18;Santa Luzia;"#Text=É da igreja o orago o glorioso São Brás, tem a igreja três altares, no principal está colocada a imagem do santo orago, e no mesmo altar da parte direita está a imagem do príncipe dos apóstolos meu pai São Pedro no mesmo altar na parte esquerda está colocada a imagem do sagrado percussor São João Baptista; na segunda capela colateral da parte direita está a imagem de Jesus Cristo crucificado, e no mesmo altar estão acima // \r#Text=\r#Text=/p. 226/\r#Text=as imagens do esclarecido português Santo António, de Santo Amaro e Santa Luzia; e como este altar pertence à devoção das santas Almas do Purgatório junto do mesmo altar está um painel com a imagem do arcanjo São Miguel das Almas patrono."
Evora_SaoBrasDeRegedouro.normalizada;*[18];PER\_PGRP[18];19;Almas do Purgatório;"#Text=É da igreja o orago o glorioso São Brás, tem a igreja três altares, no principal está colocada a imagem do santo orago, e no mesmo altar da parte direita está a imagem do príncipe dos apóstolos meu pai São Pedro no mesmo altar na parte esquerda está colocada a imagem do sagrado percussor São João Baptista; na segunda capela colateral da parte direita está a imagem de Jesus Cristo crucificado, e no mesmo altar estão acima // \r#Text=\r#Text=/p. 226/\r#Text=as imagens do esclarecido português Santo António, de Santo Amaro e Santa Luzia; e como este altar pertence à devoção das santas Almas do Purgatório junto do mesmo altar está um painel com a imagem do arcanjo São Miguel das Almas patrono."
Evora_SaoBrasDeRegedouro.normalizada;*[19];PER\_SAINT[19];20;arcanjo São Miguel;"#Text=É da igreja o orago o glorioso São Brás, tem a igreja três altares, no principal está colocada a imagem do santo orago, e no mesmo altar da parte direita está a imagem do príncipe dos apóstolos meu pai São Pedro no mesmo altar na parte esquerda está colocada a imagem do sagrado percussor São João Baptista; na segunda capela colateral da parte direita está a imagem de Jesus Cristo crucificado, e no mesmo altar estão acima // \r#Text=\r#Text=/p. 226/\r#Text=as imagens do esclarecido português Santo António, de Santo Amaro e Santa Luzia; e como este altar pertence à devoção das santas Almas do Purgatório junto do mesmo altar está um painel com a imagem do arcanjo São Miguel das Almas patrono."
Evora_SaoBrasDeRegedouro.normalizada;*[1];PLC\_GPE[1];2;São Brás do Regedouro;#Text=São Brás do Regedouro, 1758, 3 de Maio  \r#Text=Memória Paroquial de São Brás do Regedouro, Comarca de Évora\r#Text=[ANTT, Memórias Paroquiais, vol. 31, nº 44, p. 225 a 228]\r#Text=\r#Text=“/p. 225/\r#Text=Regedouro\r#Text=Como súbdito obedecendo ao mando de vossa excelência reverendíssima que responda aos interrogatórios que me foram remetidos, fazendo a possível diligência respondo na forma seguinte.\r#Text=1 Esta freguesia de São Brás do Regedouro está na província do Alentejo, na comarca da cidade de Évora e no arcebispado da mesma cidade, parte da freguesia metade pouco mais ou menos no termo de Évora e noutra parte no termo das Alcáçovas porem a igreja esta no termo de Évora.\r#Text=2.
Evora_SaoBrasDeRegedouro.normalizada;*[20];PER\_SAINT[20];22;Mãe de Deus Maria Santíssima , Senhora Nossa com o título do Rosário;"#Text=No terceiro e último altar da parte esquerda esta a imagem da Mãe de Deus Maria Santíssima, Senhora Nossa com o título do Rosário e no mesmo altar está outra imagem da mesma Senhora que serve de levar nas procissões que nos primeiros domingos de todos os medes se fazem em obséquio do Rosário da Senhora; no mesmo altar está a imagem do invicto e duplicado mártir São Sebastião."
Evora_SaoBrasDeRegedouro.normalizada;*[21];PER\_SAINT[21];24;São Sebastião;"#Text=No terceiro e último altar da parte esquerda esta a imagem da Mãe de Deus Maria Santíssima, Senhora Nossa com o título do Rosário e no mesmo altar está outra imagem da mesma Senhora que serve de levar nas procissões que nos primeiros domingos de todos os medes se fazem em obséquio do Rosário da Senhora; no mesmo altar está a imagem do invicto e duplicado mártir São Sebastião."
Evora_SaoBrasDeRegedouro.normalizada;*[22];ORG[22];25;Rosário da Senhora;#Text=A igreja é de uma nave só e de abóbada, tem só uma irmandade confirmada que é a do Rosário da Senhora, e das Almas somente há uma devoção de se pedir as esmolas que os fiéis querem dar para sufrágios das mesmas almas.\r#Text=8.
Evora_SaoBrasDeRegedouro.normalizada;*[23];ORG[23];26;das Almas;#Text=A igreja é de uma nave só e de abóbada, tem só uma irmandade confirmada que é a do Rosário da Senhora, e das Almas somente há uma devoção de se pedir as esmolas que os fiéis querem dar para sufrágios das mesmas almas.\r#Text=8.
Evora_SaoBrasDeRegedouro.normalizada;*[24];PER\_OCC[24];28;arcebispo de Évora;"#Text=O pároco é cura apresentado pelo excelentíssimo e reverendíssimo senhor arcebispo de Évora; tem uma côngrua sustentação arbitrada, a qual não tem quantia certa, por quanto depende de mais ou menos assistência de fregueses; porem um ano por outro renderá cada ano cinco moios e meio de pão a saber um moio e treze alqueires de cevada, e o mais de trigo iminente do pé de altar rende quarenta mil reis.\r#Text=9."
Evora_SaoBrasDeRegedouro.normalizada;*[25];PER\_SAINT[25];30;São Brás;#Text=A imagem do senhor São Brás orago da freguesia e muitas e várias vezes visitada em romaria pelo decurso do ano porquanto é imagem muito milagrosa como eu tenho claramente observado, e o publicam todos os que por sua interseção tem sido de Deus remediados em muitas e diversas necessidades que tem padecido nesta miserável vida.\r#Text=15.
Evora_SaoBrasDeRegedouro.normalizada;*[26];PLC\_GPE[26];32;vila das Alcáçovas;#Text=Tem esta freguesia cinco herdades das que tem no termo da vila das Alcáçovas, as quais juntas com mais oito que estão na freguesia Matriz da mesma vila a que chamam as herdades do Reguengo nelas se nomeiam todos os anos dois lavradores para juízes os quais governam no sítio das mesmas treze herdades como juízes ordinários, tendo o mesmo poder para mandar citar, penhorar, e sentenciar, sem que para este efeito seja preciso ao juiz e ouvidor da vila, e tudo por antigo privilégio concedido ao senhor da mesma vila das Alcáçovas, o qual cobra das ditas treze herdades os quintos de todos os frutos de pão que se recolhe nas mesmas herdades, sendo que as ditas herdades têm direitos senhorios, a quem os lavradores pagam as rendas das mesmas herdades.\r#Text=17.
Evora_SaoBrasDeRegedouro.normalizada;*[27];PLC\_LOC[27];33;herdades do Reguengo;#Text=Tem esta freguesia cinco herdades das que tem no termo da vila das Alcáçovas, as quais juntas com mais oito que estão na freguesia Matriz da mesma vila a que chamam as herdades do Reguengo nelas se nomeiam todos os anos dois lavradores para juízes os quais governam no sítio das mesmas treze herdades como juízes ordinários, tendo o mesmo poder para mandar citar, penhorar, e sentenciar, sem que para este efeito seja preciso ao juiz e ouvidor da vila, e tudo por antigo privilégio concedido ao senhor da mesma vila das Alcáçovas, o qual cobra das ditas treze herdades os quintos de todos os frutos de pão que se recolhe nas mesmas herdades, sendo que as ditas herdades têm direitos senhorios, a quem os lavradores pagam as rendas das mesmas herdades.\r#Text=17.
Evora_SaoBrasDeRegedouro.normalizada;*[28];PER\_CAT[28];34;senhor da mesma vila das Alcáçovas;#Text=Tem esta freguesia cinco herdades das que tem no termo da vila das Alcáçovas, as quais juntas com mais oito que estão na freguesia Matriz da mesma vila a que chamam as herdades do Reguengo nelas se nomeiam todos os anos dois lavradores para juízes os quais governam no sítio das mesmas treze herdades como juízes ordinários, tendo o mesmo poder para mandar citar, penhorar, e sentenciar, sem que para este efeito seja preciso ao juiz e ouvidor da vila, e tudo por antigo privilégio concedido ao senhor da mesma vila das Alcáçovas, o qual cobra das ditas treze herdades os quintos de todos os frutos de pão que se recolhe nas mesmas herdades, sendo que as ditas herdades têm direitos senhorios, a quem os lavradores pagam as rendas das mesmas herdades.\r#Text=17.
Evora_SaoBrasDeRegedouro.normalizada;*[29];PLC\_GPE[29];35;vila da Viana;#Text=Não tem correio ainda que por este sítio passa// \r#Text=\r#Text=/p. 228/\r#Text=para a vila da Viana que é distância duas léguas.\r#Text=21.
Evora_SaoBrasDeRegedouro.normalizada;*[2];PLC\_LOC[2];3;província do Alentejo;#Text=São Brás do Regedouro, 1758, 3 de Maio  \r#Text=Memória Paroquial de São Brás do Regedouro, Comarca de Évora\r#Text=[ANTT, Memórias Paroquiais, vol. 31, nº 44, p. 225 a 228]\r#Text=\r#Text=“/p. 225/\r#Text=Regedouro\r#Text=Como súbdito obedecendo ao mando de vossa excelência reverendíssima que responda aos interrogatórios que me foram remetidos, fazendo a possível diligência respondo na forma seguinte.\r#Text=1 Esta freguesia de São Brás do Regedouro está na província do Alentejo, na comarca da cidade de Évora e no arcebispado da mesma cidade, parte da freguesia metade pouco mais ou menos no termo de Évora e noutra parte no termo das Alcáçovas porem a igreja esta no termo de Évora.\r#Text=2.
Evora_SaoBrasDeRegedouro.normalizada;*[30];PLC\_LOC[30];37;termo de Évora;#Text=Não consta de mais privilégios, senão em três herdades que nesta freguesia no termo de Évora tem o excelentíssimo senhor marquês de Valença, não se poder fazer soldados sujeitos às pessoas que nelas moram.\r#Text=23.
Evora_SaoBrasDeRegedouro.normalizada;*[31];PER\_CAT[31];38;marquês de Valença;#Text=Não consta de mais privilégios, senão em três herdades que nesta freguesia no termo de Évora tem o excelentíssimo senhor marquês de Valença, não se poder fazer soldados sujeitos às pessoas que nelas moram.\r#Text=23.
Evora_SaoBrasDeRegedouro.normalizada;*[32];TIM\_CRON[32];39;mil e setecentos e cinquenta e cinco;#Text=No terremoto de mil e setecentos e cinquenta e cinco não padeceu destruição alguma, assim não houve que reparar.\r#Text=27.
Evora_SaoBrasDeRegedouro.normalizada;*[33];PLC\_GPE[33];40;São Brás do Regedouro;#Text=São Brás do Regedouro 3 de maio de 1758\r#Text=\r#Text=O Pároco António de Sousa [assinatura autógrafa]//” \r#Text=\r#Text=Transcrição: Maria Ludovina Grilo\r#Text=Revisão: Ofélia Sequeira\r#Text=\r#Text=GRILO, Maria Ludovina B. - O Concelho de Évora nas Memórias Paroquiais de 1758 (Conclusão).
Evora_SaoBrasDeRegedouro.normalizada;*[34];TIM\_CRON[34];40;3 de maio de 1758;#Text=São Brás do Regedouro 3 de maio de 1758\r#Text=\r#Text=O Pároco António de Sousa [assinatura autógrafa]//” \r#Text=\r#Text=Transcrição: Maria Ludovina Grilo\r#Text=Revisão: Ofélia Sequeira\r#Text=\r#Text=GRILO, Maria Ludovina B. - O Concelho de Évora nas Memórias Paroquiais de 1758 (Conclusão).
Evora_SaoBrasDeRegedouro.normalizada;*[35];PER\_NAM[35];41;Pároco António de Sousa;#Text=São Brás do Regedouro 3 de maio de 1758\r#Text=\r#Text=O Pároco António de Sousa [assinatura autógrafa]//” \r#Text=\r#Text=Transcrição: Maria Ludovina Grilo\r#Text=Revisão: Ofélia Sequeira\r#Text=\r#Text=GRILO, Maria Ludovina B. - O Concelho de Évora nas Memórias Paroquiais de 1758 (Conclusão).
Evora_SaoBrasDeRegedouro.normalizada;*[3];PLC\_GPE[3];4;comarca da cidade de Évora;#Text=São Brás do Regedouro, 1758, 3 de Maio  \r#Text=Memória Paroquial de São Brás do Regedouro, Comarca de Évora\r#Text=[ANTT, Memórias Paroquiais, vol. 31, nº 44, p. 225 a 228]\r#Text=\r#Text=“/p. 225/\r#Text=Regedouro\r#Text=Como súbdito obedecendo ao mando de vossa excelência reverendíssima que responda aos interrogatórios que me foram remetidos, fazendo a possível diligência respondo na forma seguinte.\r#Text=1 Esta freguesia de São Brás do Regedouro está na província do Alentejo, na comarca da cidade de Évora e no arcebispado da mesma cidade, parte da freguesia metade pouco mais ou menos no termo de Évora e noutra parte no termo das Alcáçovas porem a igreja esta no termo de Évora.\r#Text=2.
Evora_SaoBrasDeRegedouro.normalizada;*[4];PLC\_LOC[4];5;termo de Évora;#Text=São Brás do Regedouro, 1758, 3 de Maio  \r#Text=Memória Paroquial de São Brás do Regedouro, Comarca de Évora\r#Text=[ANTT, Memórias Paroquiais, vol. 31, nº 44, p. 225 a 228]\r#Text=\r#Text=“/p. 225/\r#Text=Regedouro\r#Text=Como súbdito obedecendo ao mando de vossa excelência reverendíssima que responda aos interrogatórios que me foram remetidos, fazendo a possível diligência respondo na forma seguinte.\r#Text=1 Esta freguesia de São Brás do Regedouro está na província do Alentejo, na comarca da cidade de Évora e no arcebispado da mesma cidade, parte da freguesia metade pouco mais ou menos no termo de Évora e noutra parte no termo das Alcáçovas porem a igreja esta no termo de Évora.\r#Text=2.
Evora_SaoBrasDeRegedouro.normalizada;*[5];PLC\_LOC[5];6;termo das Alcáçovas;#Text=São Brás do Regedouro, 1758, 3 de Maio  \r#Text=Memória Paroquial de São Brás do Regedouro, Comarca de Évora\r#Text=[ANTT, Memórias Paroquiais, vol. 31, nº 44, p. 225 a 228]\r#Text=\r#Text=“/p. 225/\r#Text=Regedouro\r#Text=Como súbdito obedecendo ao mando de vossa excelência reverendíssima que responda aos interrogatórios que me foram remetidos, fazendo a possível diligência respondo na forma seguinte.\r#Text=1 Esta freguesia de São Brás do Regedouro está na província do Alentejo, na comarca da cidade de Évora e no arcebispado da mesma cidade, parte da freguesia metade pouco mais ou menos no termo de Évora e noutra parte no termo das Alcáçovas porem a igreja esta no termo de Évora.\r#Text=2.
Evora_SaoBrasDeRegedouro.normalizada;*[6];PLC\_LOC[6];7;termo de Évora;#Text=São Brás do Regedouro, 1758, 3 de Maio  \r#Text=Memória Paroquial de São Brás do Regedouro, Comarca de Évora\r#Text=[ANTT, Memórias Paroquiais, vol. 31, nº 44, p. 225 a 228]\r#Text=\r#Text=“/p. 225/\r#Text=Regedouro\r#Text=Como súbdito obedecendo ao mando de vossa excelência reverendíssima que responda aos interrogatórios que me foram remetidos, fazendo a possível diligência respondo na forma seguinte.\r#Text=1 Esta freguesia de São Brás do Regedouro está na província do Alentejo, na comarca da cidade de Évora e no arcebispado da mesma cidade, parte da freguesia metade pouco mais ou menos no termo de Évora e noutra parte no termo das Alcáçovas porem a igreja esta no termo de Évora.\r#Text=2.
Evora_SaoBrasDeRegedouro.normalizada;*[7];PLC\_LOC[7];8;termo de Évora;"#Text=A parte do termo de Évora e de el Rei meu senhor; a parte do termo das Alcáçovas e de um fidalgo por nome Dom José de Castro, como senhor que é da dita vila.\r#Text=3."
Evora_SaoBrasDeRegedouro.normalizada;*[8];PER\_NAM[8];9;el Rei;"#Text=A parte do termo de Évora e de el Rei meu senhor; a parte do termo das Alcáçovas e de um fidalgo por nome Dom José de Castro, como senhor que é da dita vila.\r#Text=3."
Evora_SaoBrasDeRegedouro.normalizada;*[9];PLC\_LOC[9];10;termo das Alcáçovas;"#Text=A parte do termo de Évora e de el Rei meu senhor; a parte do termo das Alcáçovas e de um fidalgo por nome Dom José de Castro, como senhor que é da dita vila.\r#Text=3."
