﻿file_name;entity;category_entity;entity_cardinal;ent_concat;text_concat
Evora_SaoVicenteDoPigeiro.normalizada;*;PER\_SAINT;23;Senhora;"#Text=E andasse fazendo outra em uma herdade dos religiosos do Espinheiro da cidade de Évora, chamada a Abegoaria, para colocarem nela uma imagem de Nossa Senhora da Piedade, que tem em um oratório particular nas casas do monte da dita herdade; a qual ermida se fez com as esmolas dos fiéis, que ao tal oratório concorrem a venerar a Senhora, porque se diz suara copiosa água no dia onze de Dezembro de mil e setecentos cinquenta, e cinco, na madrugada do qual dia fez um grande terremoto; porém não está autenticado o tal prodígio, e tem sua dificuldade por ser a imagem de barro.\r#Text=14. #Text=Resposta: a este mesmo oratório concorrem suas romagens por todo o ano e pelo verão e festejada a Senhora com festas públicas das freguesias circunvizinhas, não em dias determinados, mas sim quando cada um quer.\r#Text=15."
Evora_SaoVicenteDoPigeiro.normalizada;*;PER\_SAINT;25;Senhora;"#Text=E andasse fazendo outra em uma herdade dos religiosos do Espinheiro da cidade de Évora, chamada a Abegoaria, para colocarem nela uma imagem de Nossa Senhora da Piedade, que tem em um oratório particular nas casas do monte da dita herdade; a qual ermida se fez com as esmolas dos fiéis, que ao tal oratório concorrem a venerar a Senhora, porque se diz suara copiosa água no dia onze de Dezembro de mil e setecentos cinquenta, e cinco, na madrugada do qual dia fez um grande terremoto; porém não está autenticado o tal prodígio, e tem sua dificuldade por ser a imagem de barro.\r#Text=14. #Text=Resposta: a este mesmo oratório concorrem suas romagens por todo o ano e pelo verão e festejada a Senhora com festas públicas das freguesias circunvizinhas, não em dias determinados, mas sim quando cada um quer.\r#Text=15."
Evora_SaoVicenteDoPigeiro.normalizada;*;PLC\_GPE;28;Lisboa;#Text=Pergunta o vigésimo primeiro quanto dista da cidade capital do bispado, e quanto de Lisboa capital do reino? #Text=Resposta: dista esta freguesia da cidade capital do bispado cinco léguas, e de Lisboa capital do reino dista vinte, e cinco.
Evora_SaoVicenteDoPigeiro.normalizada;*;PLC\_GPE;29;Lisboa;#Text=Pergunta o vigésimo primeiro quanto dista da cidade capital do bispado, e quanto de Lisboa capital do reino? #Text=Resposta: dista esta freguesia da cidade capital do bispado cinco léguas, e de Lisboa capital do reino dista vinte, e cinco.
Evora_SaoVicenteDoPigeiro.normalizada;*[10];PLC\_GPE[10];10;vila de Évoramonte;"#Text=Resposta: está esta igreja desta freguesia situada em um monte; e as povoações, que dela se descobrem são a cidade de Évora da qual dista cinco léguas, e a vila de Évoramonte da qual também dista cinco legoas.\r#Text=5."
Evora_SaoVicenteDoPigeiro.normalizada;*[11];PLC\_LOC[11];11;termo da cidade de Évora;"#Text=Resposta: não tem termo seu; porque é termo da cidade de Évora, compreende uma aldeia, a qual chamam a Vendinha: tem quarenta e oito vezinhos e cento, e cinquenta e três pessoas.\r#Text=6."
Evora_SaoVicenteDoPigeiro.normalizada;*[12];PER\_SAINT[12];12;São Vicente de Fora;"#Text=Resposta: o seu orago é São Vicente de Fora / vulgarmente chamado São Vicente do Pigeiro / tem quatro altares: o altar mor, que é de São Vicente: dois colaterais: o da parte da epístola e de santo// \r#Text=\r#Text=/p. 1242/\r#Text=de Santo António, o da parte do evangelho e de Nossa Senhora da Luz e outro, que esta na parede da igreja da parte direita que é de Nossa Senhora do Rosário; não tem mais, que uma nave e tem uma irmandade somente de Nossa Senhora do Rosário.\r#Text=8."
Evora_SaoVicenteDoPigeiro.normalizada;*[13];PER\_SAINT[13];13;São Vicente do Pigeiro;"#Text=Resposta: o seu orago é São Vicente de Fora / vulgarmente chamado São Vicente do Pigeiro / tem quatro altares: o altar mor, que é de São Vicente: dois colaterais: o da parte da epístola e de santo// \r#Text=\r#Text=/p. 1242/\r#Text=de Santo António, o da parte do evangelho e de Nossa Senhora da Luz e outro, que esta na parede da igreja da parte direita que é de Nossa Senhora do Rosário; não tem mais, que uma nave e tem uma irmandade somente de Nossa Senhora do Rosário.\r#Text=8."
Evora_SaoVicenteDoPigeiro.normalizada;*[14];PER\_SAINT[14];14;São Vicente;"#Text=Resposta: o seu orago é São Vicente de Fora / vulgarmente chamado São Vicente do Pigeiro / tem quatro altares: o altar mor, que é de São Vicente: dois colaterais: o da parte da epístola e de santo// \r#Text=\r#Text=/p. 1242/\r#Text=de Santo António, o da parte do evangelho e de Nossa Senhora da Luz e outro, que esta na parede da igreja da parte direita que é de Nossa Senhora do Rosário; não tem mais, que uma nave e tem uma irmandade somente de Nossa Senhora do Rosário.\r#Text=8."
Evora_SaoVicenteDoPigeiro.normalizada;*[15];PER\_SAINT[15];15;Santo António;"#Text=Resposta: o seu orago é São Vicente de Fora / vulgarmente chamado São Vicente do Pigeiro / tem quatro altares: o altar mor, que é de São Vicente: dois colaterais: o da parte da epístola e de santo// \r#Text=\r#Text=/p. 1242/\r#Text=de Santo António, o da parte do evangelho e de Nossa Senhora da Luz e outro, que esta na parede da igreja da parte direita que é de Nossa Senhora do Rosário; não tem mais, que uma nave e tem uma irmandade somente de Nossa Senhora do Rosário.\r#Text=8."
Evora_SaoVicenteDoPigeiro.normalizada;*[16];PER\_SAINT[16];16;Nossa Senhora da Luz;"#Text=Resposta: o seu orago é São Vicente de Fora / vulgarmente chamado São Vicente do Pigeiro / tem quatro altares: o altar mor, que é de São Vicente: dois colaterais: o da parte da epístola e de santo// \r#Text=\r#Text=/p. 1242/\r#Text=de Santo António, o da parte do evangelho e de Nossa Senhora da Luz e outro, que esta na parede da igreja da parte direita que é de Nossa Senhora do Rosário; não tem mais, que uma nave e tem uma irmandade somente de Nossa Senhora do Rosário.\r#Text=8."
Evora_SaoVicenteDoPigeiro.normalizada;*[17];PER\_SAINT[17];17;Nossa Senhora do Rosário;"#Text=Resposta: o seu orago é São Vicente de Fora / vulgarmente chamado São Vicente do Pigeiro / tem quatro altares: o altar mor, que é de São Vicente: dois colaterais: o da parte da epístola e de santo// \r#Text=\r#Text=/p. 1242/\r#Text=de Santo António, o da parte do evangelho e de Nossa Senhora da Luz e outro, que esta na parede da igreja da parte direita que é de Nossa Senhora do Rosário; não tem mais, que uma nave e tem uma irmandade somente de Nossa Senhora do Rosário.\r#Text=8."
Evora_SaoVicenteDoPigeiro.normalizada;*[18];PER\_SAINT[18];18;Nossa Senhora do Rosário;"#Text=Resposta: o seu orago é São Vicente de Fora / vulgarmente chamado São Vicente do Pigeiro / tem quatro altares: o altar mor, que é de São Vicente: dois colaterais: o da parte da epístola e de santo// \r#Text=\r#Text=/p. 1242/\r#Text=de Santo António, o da parte do evangelho e de Nossa Senhora da Luz e outro, que esta na parede da igreja da parte direita que é de Nossa Senhora do Rosário; não tem mais, que uma nave e tem uma irmandade somente de Nossa Senhora do Rosário.\r#Text=8."
Evora_SaoVicenteDoPigeiro.normalizada;*[19];PER\_PGRP[19];19;religiosos do Espinheiro;"#Text=E andasse fazendo outra em uma herdade dos religiosos do Espinheiro da cidade de Évora, chamada a Abegoaria, para colocarem nela uma imagem de Nossa Senhora da Piedade, que tem em um oratório particular nas casas do monte da dita herdade; a qual ermida se fez com as esmolas dos fiéis, que ao tal oratório concorrem a venerar a Senhora, porque se diz suara copiosa água no dia onze de Dezembro de mil e setecentos cinquenta, e cinco, na madrugada do qual dia fez um grande terremoto; porém não está autenticado o tal prodígio, e tem sua dificuldade por ser a imagem de barro.\r#Text=14."
Evora_SaoVicenteDoPigeiro.normalizada;*[1];PER\_NAM[1];1;Padre José Dias pároco da freguesia de São Vicente do Pigeiro termo da cidade de Évora;#Text=São Vicente do Pigeiro, 1758, 15 de Abril\r#Text=Memória Paroquial de São Vicente do Pigeiro, Comarca de Évora \r#Text=[ANTT, Memórias Paroquiais, vol. 29, nº 173, p. 1241 a 1243]\r#Text=\r#Text=“/p. 1241/ \r#Text=O Padre José Dias pároco da freguesia de São Vicente do Pigeiro termo da cidade de Évora respondendo aos interrogatórios que da parte de sua Majestade mandou o secretário de Estado dos negócios do reino ao excelentíssimo e reverendíssimo senhor arcebispo de Évora responde na forma seguinte.\r#Text=1.
Evora_SaoVicenteDoPigeiro.normalizada;*[20];PLC\_GPE[20];20;cidade de Évora;"#Text=E andasse fazendo outra em uma herdade dos religiosos do Espinheiro da cidade de Évora, chamada a Abegoaria, para colocarem nela uma imagem de Nossa Senhora da Piedade, que tem em um oratório particular nas casas do monte da dita herdade; a qual ermida se fez com as esmolas dos fiéis, que ao tal oratório concorrem a venerar a Senhora, porque se diz suara copiosa água no dia onze de Dezembro de mil e setecentos cinquenta, e cinco, na madrugada do qual dia fez um grande terremoto; porém não está autenticado o tal prodígio, e tem sua dificuldade por ser a imagem de barro.\r#Text=14."
Evora_SaoVicenteDoPigeiro.normalizada;*[21];PLC\_LOC[21];21;a Abegoaria;"#Text=E andasse fazendo outra em uma herdade dos religiosos do Espinheiro da cidade de Évora, chamada a Abegoaria, para colocarem nela uma imagem de Nossa Senhora da Piedade, que tem em um oratório particular nas casas do monte da dita herdade; a qual ermida se fez com as esmolas dos fiéis, que ao tal oratório concorrem a venerar a Senhora, porque se diz suara copiosa água no dia onze de Dezembro de mil e setecentos cinquenta, e cinco, na madrugada do qual dia fez um grande terremoto; porém não está autenticado o tal prodígio, e tem sua dificuldade por ser a imagem de barro.\r#Text=14."
Evora_SaoVicenteDoPigeiro.normalizada;*[22];PER\_SAINT[22];22;Senhora da Piedade;"#Text=E andasse fazendo outra em uma herdade dos religiosos do Espinheiro da cidade de Évora, chamada a Abegoaria, para colocarem nela uma imagem de Nossa Senhora da Piedade, que tem em um oratório particular nas casas do monte da dita herdade; a qual ermida se fez com as esmolas dos fiéis, que ao tal oratório concorrem a venerar a Senhora, porque se diz suara copiosa água no dia onze de Dezembro de mil e setecentos cinquenta, e cinco, na madrugada do qual dia fez um grande terremoto; porém não está autenticado o tal prodígio, e tem sua dificuldade por ser a imagem de barro.\r#Text=14."
Evora_SaoVicenteDoPigeiro.normalizada;*[23];TIM\_CRON[23];24;onze de Dezembro de mil e setecentos cinquenta , e cinco;"#Text=E andasse fazendo outra em uma herdade dos religiosos do Espinheiro da cidade de Évora, chamada a Abegoaria, para colocarem nela uma imagem de Nossa Senhora da Piedade, que tem em um oratório particular nas casas do monte da dita herdade; a qual ermida se fez com as esmolas dos fiéis, que ao tal oratório concorrem a venerar a Senhora, porque se diz suara copiosa água no dia onze de Dezembro de mil e setecentos cinquenta, e cinco, na madrugada do qual dia fez um grande terremoto; porém não está autenticado o tal prodígio, e tem sua dificuldade por ser a imagem de barro.\r#Text=14."
Evora_SaoVicenteDoPigeiro.normalizada;*[24];PLC\_GPE[24];26;cidade de Évora;"#Text=Resposta: tem esta freguesia juiz de vintena sujeito ao governo das justiças da cidade de Évora. //\r#Text=\r#Text=/p. 1243/\r#Text=Aos interrogatórios décimo sétimo, decimo oitavo, e decimo nono; não há que responder.\r#Text=20."
Evora_SaoVicenteDoPigeiro.normalizada;*[25];PLC\_GPE[25];27;cidade de Évora;"#Text=Resposta: não tem correio; porque é campo, e se serve do correio da cidade de Évora, da qual dista vinco legoas.\r#Text=21."
Evora_SaoVicenteDoPigeiro.normalizada;*[26];PLC\_GPE[26];30;São Vicente do Pigeiro;"#Text=E não tem esta freguesia mais cousa alguma de que se possa fazer menção; porque nem serra nem rio tem, e per verdade me assinei: São Vicente do Pigeiro 15 de abril de 1758 \r#Text=O Pároco José Dias [assinatura autógrafa] //”\r#Text=\r#Text=\r#Text=Transcrição: Maria Ludovina Grilo \r#Text=GRILO, Maria Ludovina B. - O Concelho de Évora nas Memórias Paroquiais de 1758 (Conclusão)."
Evora_SaoVicenteDoPigeiro.normalizada;*[27];TIM\_CRON[27];30;15 de abril de 1758;"#Text=E não tem esta freguesia mais cousa alguma de que se possa fazer menção; porque nem serra nem rio tem, e per verdade me assinei: São Vicente do Pigeiro 15 de abril de 1758 \r#Text=O Pároco José Dias [assinatura autógrafa] //”\r#Text=\r#Text=\r#Text=Transcrição: Maria Ludovina Grilo \r#Text=GRILO, Maria Ludovina B. - O Concelho de Évora nas Memórias Paroquiais de 1758 (Conclusão)."
Evora_SaoVicenteDoPigeiro.normalizada;*[28];PER\_NAM[28];31;Pároco José Dias;"#Text=E não tem esta freguesia mais cousa alguma de que se possa fazer menção; porque nem serra nem rio tem, e per verdade me assinei: São Vicente do Pigeiro 15 de abril de 1758 \r#Text=O Pároco José Dias [assinatura autógrafa] //”\r#Text=\r#Text=\r#Text=Transcrição: Maria Ludovina Grilo \r#Text=GRILO, Maria Ludovina B. - O Concelho de Évora nas Memórias Paroquiais de 1758 (Conclusão)."
Evora_SaoVicenteDoPigeiro.normalizada;*[2];PER\_NAM[2];2;sua Majestade;#Text=São Vicente do Pigeiro, 1758, 15 de Abril\r#Text=Memória Paroquial de São Vicente do Pigeiro, Comarca de Évora \r#Text=[ANTT, Memórias Paroquiais, vol. 29, nº 173, p. 1241 a 1243]\r#Text=\r#Text=“/p. 1241/ \r#Text=O Padre José Dias pároco da freguesia de São Vicente do Pigeiro termo da cidade de Évora respondendo aos interrogatórios que da parte de sua Majestade mandou o secretário de Estado dos negócios do reino ao excelentíssimo e reverendíssimo senhor arcebispo de Évora responde na forma seguinte.\r#Text=1.
Evora_SaoVicenteDoPigeiro.normalizada;*[3];PER\_OCC[3];3;secretário de Estado dos negócios do reino;#Text=São Vicente do Pigeiro, 1758, 15 de Abril\r#Text=Memória Paroquial de São Vicente do Pigeiro, Comarca de Évora \r#Text=[ANTT, Memórias Paroquiais, vol. 29, nº 173, p. 1241 a 1243]\r#Text=\r#Text=“/p. 1241/ \r#Text=O Padre José Dias pároco da freguesia de São Vicente do Pigeiro termo da cidade de Évora respondendo aos interrogatórios que da parte de sua Majestade mandou o secretário de Estado dos negócios do reino ao excelentíssimo e reverendíssimo senhor arcebispo de Évora responde na forma seguinte.\r#Text=1.
Evora_SaoVicenteDoPigeiro.normalizada;*[4];PER\_OCC[4];4;arcebispo de Évora;#Text=São Vicente do Pigeiro, 1758, 15 de Abril\r#Text=Memória Paroquial de São Vicente do Pigeiro, Comarca de Évora \r#Text=[ANTT, Memórias Paroquiais, vol. 29, nº 173, p. 1241 a 1243]\r#Text=\r#Text=“/p. 1241/ \r#Text=O Padre José Dias pároco da freguesia de São Vicente do Pigeiro termo da cidade de Évora respondendo aos interrogatórios que da parte de sua Majestade mandou o secretário de Estado dos negócios do reino ao excelentíssimo e reverendíssimo senhor arcebispo de Évora responde na forma seguinte.\r#Text=1.
Evora_SaoVicenteDoPigeiro.normalizada;*[5];PLC\_LOC[5];5;província do Alentejo;#Text=Resposta: fica esta freguesia na província do Alentejo, e pertence ao arcebispado, comarca, e termo da cidade de Évora.\r#Text=2.
Evora_SaoVicenteDoPigeiro.normalizada;*[6];PLC\_LOC[6];6;termo da cidade de Évora;#Text=Resposta: fica esta freguesia na província do Alentejo, e pertence ao arcebispado, comarca, e termo da cidade de Évora.\r#Text=2.
Evora_SaoVicenteDoPigeiro.normalizada;*[7];PER\_NAM[7];7;el Rei;#Text=Pergunta o segundo se é de el Rei, ou de donatário, e quem o é ao presente?
Evora_SaoVicenteDoPigeiro.normalizada;*[8];PER\_NAM[8];8;el Rei;#Text=Resposta:  é de el Rei, e não de donatário.\r#Text=3.
Evora_SaoVicenteDoPigeiro.normalizada;*[9];PLC\_GPE[9];9;cidade de Évora;"#Text=Resposta: está esta igreja desta freguesia situada em um monte; e as povoações, que dela se descobrem são a cidade de Évora da qual dista cinco léguas, e a vila de Évoramonte da qual também dista cinco legoas.\r#Text=5."
