﻿file_name;entity;category_entity;entity_cardinal;ent_concat;text_concat
Evora_SaoSebastiaoDaGiesteira.normalizada;*;PLC\_GPE;1;Giesteira Giesteira;#Text=São Sebastião da Giesteira, 1758 \r#Text=Memória Paroquial de São Sebastião da Giesteira, Comarca de Évora\r#Text=[ANTT, Memórias Paroquiais, vol. 42, nº 113, p. 67]\r#Text=\r#Text=“/p. 67/\r#Text=N. 113 Giesteira\r#Text=Giesteira é aldeia, e paróquia do termo da cidade = Évora = na comarca do mesmo nome: consta o seu povo de 73 fogos com almas 365 na matriz dedicada a São Sebastião. #Text=São Sebastião da Giesteira, 1758 \r#Text=Memória Paroquial de São Sebastião da Giesteira, Comarca de Évora\r#Text=[ANTT, Memórias Paroquiais, vol. 42, nº 113, p. 67]\r#Text=\r#Text=“/p. 67/\r#Text=N. 113 Giesteira\r#Text=Giesteira é aldeia, e paróquia do termo da cidade = Évora = na comarca do mesmo nome: consta o seu povo de 73 fogos com almas 365 na matriz dedicada a São Sebastião.
Evora_SaoSebastiaoDaGiesteira.normalizada;*;PLC\_GPE;2;Évora;#Text=São Sebastião da Giesteira, 1758 \r#Text=Memória Paroquial de São Sebastião da Giesteira, Comarca de Évora\r#Text=[ANTT, Memórias Paroquiais, vol. 42, nº 113, p. 67]\r#Text=\r#Text=“/p. 67/\r#Text=N. 113 Giesteira\r#Text=Giesteira é aldeia, e paróquia do termo da cidade = Évora = na comarca do mesmo nome: consta o seu povo de 73 fogos com almas 365 na matriz dedicada a São Sebastião. #Text=São Sebastião da Giesteira, 1758 \r#Text=Memória Paroquial de São Sebastião da Giesteira, Comarca de Évora\r#Text=[ANTT, Memórias Paroquiais, vol. 42, nº 113, p. 67]\r#Text=\r#Text=“/p. 67/\r#Text=N. 113 Giesteira\r#Text=Giesteira é aldeia, e paróquia do termo da cidade = Évora = na comarca do mesmo nome: consta o seu povo de 73 fogos com almas 365 na matriz dedicada a São Sebastião.
Evora_SaoSebastiaoDaGiesteira.normalizada;*[1];PER\_SAINT[1];3;São Sebastião;#Text=São Sebastião da Giesteira, 1758 \r#Text=Memória Paroquial de São Sebastião da Giesteira, Comarca de Évora\r#Text=[ANTT, Memórias Paroquiais, vol. 42, nº 113, p. 67]\r#Text=\r#Text=“/p. 67/\r#Text=N. 113 Giesteira\r#Text=Giesteira é aldeia, e paróquia do termo da cidade = Évora = na comarca do mesmo nome: consta o seu povo de 73 fogos com almas 365 na matriz dedicada a São Sebastião.
Evora_SaoSebastiaoDaGiesteira.normalizada;*[2];PER\_OCC[2];4;arcebispo de Évora;#Text=O pároco é cura apresentado pelo arcebispo de Évora, e tem de côngrua 230 alqueires de trigo. //”\r#Text=\r#Text=Transcrição: Maria Ludovina Grilo \r#Text=\r#Text=GRILO, Maria Ludovina B. - O Concelho de Évora nas Memórias Paroquiais de 1758 (I Parte).
