﻿file_name;entity;category_entity;entity_cardinal;ent_concat;text_concat
Evora_NossaSenhoraDaGracaDoDivor_normalizada.revista;*;ORG;22;Misericórdia;#Text=Ao 12 não tem Casa de Misericórdia.
Evora_NossaSenhoraDaGracaDoDivor_normalizada.revista;*;PLC\_GPE;40;Évora;#Text=Ao 16 não há em esta freguesia vila lugar, em que haja juiz ordinário nem câmara, e como só dista légua e meia da cidade de Évora tem juiz de vintena, e assim está sujeita à justiça de Évora.
Evora_NossaSenhoraDaGracaDoDivor_normalizada.revista;*;PLC\_MOUNT;43;Mogos;#Text=O que se procura dessa Serra é o seguinte\r#Text=Entre o número de cinquenta e duas herdades, de que consta esta freguesia como se disse em o segundo interrogatório se acha uma com o nome de Mogos, que é dos religiosos de São Jerónimo extramuros da cidade de Évora em a qual está um elevado alto chamado a serra de Mogos breve na extensão, porque apenas se lhe sobe ao cume se descobre todo por não ter comprimento nem largura ao que os moradores, e fregueses desta freguesia não dão mais notícia nem em ele se acha mais coisa alguma, que dizer aos interrogatórios da serra. #Text=O que se procura dessa Serra é o seguinte\r#Text=Entre o número de cinquenta e duas herdades, de que consta esta freguesia como se disse em o segundo interrogatório se acha uma com o nome de Mogos, que é dos religiosos de São Jerónimo extramuros da cidade de Évora em a qual está um elevado alto chamado a serra de Mogos breve na extensão, porque apenas se lhe sobe ao cume se descobre todo por não ter comprimento nem largura ao que os moradores, e fregueses desta freguesia não dão mais notícia nem em ele se acha mais coisa alguma, que dizer aos interrogatórios da serra.
Evora_NossaSenhoraDaGracaDoDivor_normalizada.revista;*;PLC\_MOUNT;45;Mogos;#Text=O que se procura dessa Serra é o seguinte\r#Text=Entre o número de cinquenta e duas herdades, de que consta esta freguesia como se disse em o segundo interrogatório se acha uma com o nome de Mogos, que é dos religiosos de São Jerónimo extramuros da cidade de Évora em a qual está um elevado alto chamado a serra de Mogos breve na extensão, porque apenas se lhe sobe ao cume se descobre todo por não ter comprimento nem largura ao que os moradores, e fregueses desta freguesia não dão mais notícia nem em ele se acha mais coisa alguma, que dizer aos interrogatórios da serra. #Text=O que se procura dessa Serra é o seguinte\r#Text=Entre o número de cinquenta e duas herdades, de que consta esta freguesia como se disse em o segundo interrogatório se acha uma com o nome de Mogos, que é dos religiosos de São Jerónimo extramuros da cidade de Évora em a qual está um elevado alto chamado a serra de Mogos breve na extensão, porque apenas se lhe sobe ao cume se descobre todo por não ter comprimento nem largura ao que os moradores, e fregueses desta freguesia não dão mais notícia nem em ele se acha mais coisa alguma, que dizer aos interrogatórios da serra.
Evora_NossaSenhoraDaGracaDoDivor_normalizada.revista;*[10];PLC\_LOC[10];10;aldeia pequena , chamada o Pomar do Lobo;"#Text=Ao 4º o território desta freguesia é em uma campina, que compreende, e tem em si vários vales, em que se produz mais quantidade, e porção de trigo, que centeio, e cevada, avista-se desta igreja e freguesia a vila de Estremoz, que dista desta igreja seis léguas e a vila de Arraiolos, que dista légua e meia;\r#Text=Ao 5º ao segundo interrogatório se disse se compunha esta freguesia e seu território de cinquenta e duas herdades, que compreende cento, e cinquenta, e sete pessoas que são o número digo caseiros, ou moradores, que fazem, por todos o número de setecentas e doze pessoas, que são os fregueses desta mesma freguesia, e não contém em si mais lugar, que uma aldeia pequena, chamada o Pomar do Lobo sita junto a esta igreja em a herdade das Figueiras do Lobo cuja herdade é de um morgado de Montemor-o-Novo chamado Filipe Lobo e as casas da sobredita aldeia são de várias e particulares pessoas que pagam seu foro anual ao próprio senhorio da mesma herdade;\r#Text=Ao 6º está a igreja desta paróquia de Nossa Senhora da Graça do Divor légua e meia distante da cidade de Évora da qual esta freguesia é termo como disse, em o primeiro interrogatório;\r#Text=Ao 7º é o orago desta paróquia de Nossa Senhora da Graça do Divor; tem três altares, o altar maior é da Senhora da Graça, um dos colaterais é da Virgem e Senhora do Rosário, e outro é do Glorioso Santo António, não tem naves esta igreja por ser estreita, tem duas irmandades uma da Senhora do Rosário e outra das benditas Almas do Purgatório;\r#Text=Ao 8º o sacerdote, que governa no espiritual os fregueses desta paróquia ao presente é pároco encomendado pelo excelentíssimo Arcebispo de Évora, do qual é também a sua data, e apresentação amovível, e sem colação, assim como outras muitas que há deste género, e dela não recebe, o pároco dízimos, porque pela sua côngrua lhe pagam os fregueses certa porção de trigo, e assim se acha estar lotada em trezentos, e trinta e dois alqueires de trigo, e cento, e sete alqueires de cevada ficando os dízimos reservados a quem por direito antes da sua instituição pertenciam;\r#Text=Ao 9º não tem beneficiados."
Evora_NossaSenhoraDaGracaDoDivor_normalizada.revista;*[11];PLC\_LOC[11];11;herdade das Figueiras do Lobo;"#Text=Ao 4º o território desta freguesia é em uma campina, que compreende, e tem em si vários vales, em que se produz mais quantidade, e porção de trigo, que centeio, e cevada, avista-se desta igreja e freguesia a vila de Estremoz, que dista desta igreja seis léguas e a vila de Arraiolos, que dista légua e meia;\r#Text=Ao 5º ao segundo interrogatório se disse se compunha esta freguesia e seu território de cinquenta e duas herdades, que compreende cento, e cinquenta, e sete pessoas que são o número digo caseiros, ou moradores, que fazem, por todos o número de setecentas e doze pessoas, que são os fregueses desta mesma freguesia, e não contém em si mais lugar, que uma aldeia pequena, chamada o Pomar do Lobo sita junto a esta igreja em a herdade das Figueiras do Lobo cuja herdade é de um morgado de Montemor-o-Novo chamado Filipe Lobo e as casas da sobredita aldeia são de várias e particulares pessoas que pagam seu foro anual ao próprio senhorio da mesma herdade;\r#Text=Ao 6º está a igreja desta paróquia de Nossa Senhora da Graça do Divor légua e meia distante da cidade de Évora da qual esta freguesia é termo como disse, em o primeiro interrogatório;\r#Text=Ao 7º é o orago desta paróquia de Nossa Senhora da Graça do Divor; tem três altares, o altar maior é da Senhora da Graça, um dos colaterais é da Virgem e Senhora do Rosário, e outro é do Glorioso Santo António, não tem naves esta igreja por ser estreita, tem duas irmandades uma da Senhora do Rosário e outra das benditas Almas do Purgatório;\r#Text=Ao 8º o sacerdote, que governa no espiritual os fregueses desta paróquia ao presente é pároco encomendado pelo excelentíssimo Arcebispo de Évora, do qual é também a sua data, e apresentação amovível, e sem colação, assim como outras muitas que há deste género, e dela não recebe, o pároco dízimos, porque pela sua côngrua lhe pagam os fregueses certa porção de trigo, e assim se acha estar lotada em trezentos, e trinta e dois alqueires de trigo, e cento, e sete alqueires de cevada ficando os dízimos reservados a quem por direito antes da sua instituição pertenciam;\r#Text=Ao 9º não tem beneficiados."
Evora_NossaSenhoraDaGracaDoDivor_normalizada.revista;*[12];PER\_NAM[12];12;morgado de Montemor-o-Novo chamado Filipe Lobo;"#Text=Ao 4º o território desta freguesia é em uma campina, que compreende, e tem em si vários vales, em que se produz mais quantidade, e porção de trigo, que centeio, e cevada, avista-se desta igreja e freguesia a vila de Estremoz, que dista desta igreja seis léguas e a vila de Arraiolos, que dista légua e meia;\r#Text=Ao 5º ao segundo interrogatório se disse se compunha esta freguesia e seu território de cinquenta e duas herdades, que compreende cento, e cinquenta, e sete pessoas que são o número digo caseiros, ou moradores, que fazem, por todos o número de setecentas e doze pessoas, que são os fregueses desta mesma freguesia, e não contém em si mais lugar, que uma aldeia pequena, chamada o Pomar do Lobo sita junto a esta igreja em a herdade das Figueiras do Lobo cuja herdade é de um morgado de Montemor-o-Novo chamado Filipe Lobo e as casas da sobredita aldeia são de várias e particulares pessoas que pagam seu foro anual ao próprio senhorio da mesma herdade;\r#Text=Ao 6º está a igreja desta paróquia de Nossa Senhora da Graça do Divor légua e meia distante da cidade de Évora da qual esta freguesia é termo como disse, em o primeiro interrogatório;\r#Text=Ao 7º é o orago desta paróquia de Nossa Senhora da Graça do Divor; tem três altares, o altar maior é da Senhora da Graça, um dos colaterais é da Virgem e Senhora do Rosário, e outro é do Glorioso Santo António, não tem naves esta igreja por ser estreita, tem duas irmandades uma da Senhora do Rosário e outra das benditas Almas do Purgatório;\r#Text=Ao 8º o sacerdote, que governa no espiritual os fregueses desta paróquia ao presente é pároco encomendado pelo excelentíssimo Arcebispo de Évora, do qual é também a sua data, e apresentação amovível, e sem colação, assim como outras muitas que há deste género, e dela não recebe, o pároco dízimos, porque pela sua côngrua lhe pagam os fregueses certa porção de trigo, e assim se acha estar lotada em trezentos, e trinta e dois alqueires de trigo, e cento, e sete alqueires de cevada ficando os dízimos reservados a quem por direito antes da sua instituição pertenciam;\r#Text=Ao 9º não tem beneficiados."
Evora_NossaSenhoraDaGracaDoDivor_normalizada.revista;*[13];PLC\_GPE[13];13;paróquia de Nossa Senhora da Graça do Divor;"#Text=Ao 4º o território desta freguesia é em uma campina, que compreende, e tem em si vários vales, em que se produz mais quantidade, e porção de trigo, que centeio, e cevada, avista-se desta igreja e freguesia a vila de Estremoz, que dista desta igreja seis léguas e a vila de Arraiolos, que dista légua e meia;\r#Text=Ao 5º ao segundo interrogatório se disse se compunha esta freguesia e seu território de cinquenta e duas herdades, que compreende cento, e cinquenta, e sete pessoas que são o número digo caseiros, ou moradores, que fazem, por todos o número de setecentas e doze pessoas, que são os fregueses desta mesma freguesia, e não contém em si mais lugar, que uma aldeia pequena, chamada o Pomar do Lobo sita junto a esta igreja em a herdade das Figueiras do Lobo cuja herdade é de um morgado de Montemor-o-Novo chamado Filipe Lobo e as casas da sobredita aldeia são de várias e particulares pessoas que pagam seu foro anual ao próprio senhorio da mesma herdade;\r#Text=Ao 6º está a igreja desta paróquia de Nossa Senhora da Graça do Divor légua e meia distante da cidade de Évora da qual esta freguesia é termo como disse, em o primeiro interrogatório;\r#Text=Ao 7º é o orago desta paróquia de Nossa Senhora da Graça do Divor; tem três altares, o altar maior é da Senhora da Graça, um dos colaterais é da Virgem e Senhora do Rosário, e outro é do Glorioso Santo António, não tem naves esta igreja por ser estreita, tem duas irmandades uma da Senhora do Rosário e outra das benditas Almas do Purgatório;\r#Text=Ao 8º o sacerdote, que governa no espiritual os fregueses desta paróquia ao presente é pároco encomendado pelo excelentíssimo Arcebispo de Évora, do qual é também a sua data, e apresentação amovível, e sem colação, assim como outras muitas que há deste género, e dela não recebe, o pároco dízimos, porque pela sua côngrua lhe pagam os fregueses certa porção de trigo, e assim se acha estar lotada em trezentos, e trinta e dois alqueires de trigo, e cento, e sete alqueires de cevada ficando os dízimos reservados a quem por direito antes da sua instituição pertenciam;\r#Text=Ao 9º não tem beneficiados."
Evora_NossaSenhoraDaGracaDoDivor_normalizada.revista;*[14];PLC\_GPE[14];14;cidade de Évora;"#Text=Ao 4º o território desta freguesia é em uma campina, que compreende, e tem em si vários vales, em que se produz mais quantidade, e porção de trigo, que centeio, e cevada, avista-se desta igreja e freguesia a vila de Estremoz, que dista desta igreja seis léguas e a vila de Arraiolos, que dista légua e meia;\r#Text=Ao 5º ao segundo interrogatório se disse se compunha esta freguesia e seu território de cinquenta e duas herdades, que compreende cento, e cinquenta, e sete pessoas que são o número digo caseiros, ou moradores, que fazem, por todos o número de setecentas e doze pessoas, que são os fregueses desta mesma freguesia, e não contém em si mais lugar, que uma aldeia pequena, chamada o Pomar do Lobo sita junto a esta igreja em a herdade das Figueiras do Lobo cuja herdade é de um morgado de Montemor-o-Novo chamado Filipe Lobo e as casas da sobredita aldeia são de várias e particulares pessoas que pagam seu foro anual ao próprio senhorio da mesma herdade;\r#Text=Ao 6º está a igreja desta paróquia de Nossa Senhora da Graça do Divor légua e meia distante da cidade de Évora da qual esta freguesia é termo como disse, em o primeiro interrogatório;\r#Text=Ao 7º é o orago desta paróquia de Nossa Senhora da Graça do Divor; tem três altares, o altar maior é da Senhora da Graça, um dos colaterais é da Virgem e Senhora do Rosário, e outro é do Glorioso Santo António, não tem naves esta igreja por ser estreita, tem duas irmandades uma da Senhora do Rosário e outra das benditas Almas do Purgatório;\r#Text=Ao 8º o sacerdote, que governa no espiritual os fregueses desta paróquia ao presente é pároco encomendado pelo excelentíssimo Arcebispo de Évora, do qual é também a sua data, e apresentação amovível, e sem colação, assim como outras muitas que há deste género, e dela não recebe, o pároco dízimos, porque pela sua côngrua lhe pagam os fregueses certa porção de trigo, e assim se acha estar lotada em trezentos, e trinta e dois alqueires de trigo, e cento, e sete alqueires de cevada ficando os dízimos reservados a quem por direito antes da sua instituição pertenciam;\r#Text=Ao 9º não tem beneficiados."
Evora_NossaSenhoraDaGracaDoDivor_normalizada.revista;*[15];PLC\_GPE[15];15;paróquia de Nossa Senhora da Graça do Divor;"#Text=Ao 4º o território desta freguesia é em uma campina, que compreende, e tem em si vários vales, em que se produz mais quantidade, e porção de trigo, que centeio, e cevada, avista-se desta igreja e freguesia a vila de Estremoz, que dista desta igreja seis léguas e a vila de Arraiolos, que dista légua e meia;\r#Text=Ao 5º ao segundo interrogatório se disse se compunha esta freguesia e seu território de cinquenta e duas herdades, que compreende cento, e cinquenta, e sete pessoas que são o número digo caseiros, ou moradores, que fazem, por todos o número de setecentas e doze pessoas, que são os fregueses desta mesma freguesia, e não contém em si mais lugar, que uma aldeia pequena, chamada o Pomar do Lobo sita junto a esta igreja em a herdade das Figueiras do Lobo cuja herdade é de um morgado de Montemor-o-Novo chamado Filipe Lobo e as casas da sobredita aldeia são de várias e particulares pessoas que pagam seu foro anual ao próprio senhorio da mesma herdade;\r#Text=Ao 6º está a igreja desta paróquia de Nossa Senhora da Graça do Divor légua e meia distante da cidade de Évora da qual esta freguesia é termo como disse, em o primeiro interrogatório;\r#Text=Ao 7º é o orago desta paróquia de Nossa Senhora da Graça do Divor; tem três altares, o altar maior é da Senhora da Graça, um dos colaterais é da Virgem e Senhora do Rosário, e outro é do Glorioso Santo António, não tem naves esta igreja por ser estreita, tem duas irmandades uma da Senhora do Rosário e outra das benditas Almas do Purgatório;\r#Text=Ao 8º o sacerdote, que governa no espiritual os fregueses desta paróquia ao presente é pároco encomendado pelo excelentíssimo Arcebispo de Évora, do qual é também a sua data, e apresentação amovível, e sem colação, assim como outras muitas que há deste género, e dela não recebe, o pároco dízimos, porque pela sua côngrua lhe pagam os fregueses certa porção de trigo, e assim se acha estar lotada em trezentos, e trinta e dois alqueires de trigo, e cento, e sete alqueires de cevada ficando os dízimos reservados a quem por direito antes da sua instituição pertenciam;\r#Text=Ao 9º não tem beneficiados."
Evora_NossaSenhoraDaGracaDoDivor_normalizada.revista;*[16];PER\_SAINT[16];16;Senhora da Graça;"#Text=Ao 4º o território desta freguesia é em uma campina, que compreende, e tem em si vários vales, em que se produz mais quantidade, e porção de trigo, que centeio, e cevada, avista-se desta igreja e freguesia a vila de Estremoz, que dista desta igreja seis léguas e a vila de Arraiolos, que dista légua e meia;\r#Text=Ao 5º ao segundo interrogatório se disse se compunha esta freguesia e seu território de cinquenta e duas herdades, que compreende cento, e cinquenta, e sete pessoas que são o número digo caseiros, ou moradores, que fazem, por todos o número de setecentas e doze pessoas, que são os fregueses desta mesma freguesia, e não contém em si mais lugar, que uma aldeia pequena, chamada o Pomar do Lobo sita junto a esta igreja em a herdade das Figueiras do Lobo cuja herdade é de um morgado de Montemor-o-Novo chamado Filipe Lobo e as casas da sobredita aldeia são de várias e particulares pessoas que pagam seu foro anual ao próprio senhorio da mesma herdade;\r#Text=Ao 6º está a igreja desta paróquia de Nossa Senhora da Graça do Divor légua e meia distante da cidade de Évora da qual esta freguesia é termo como disse, em o primeiro interrogatório;\r#Text=Ao 7º é o orago desta paróquia de Nossa Senhora da Graça do Divor; tem três altares, o altar maior é da Senhora da Graça, um dos colaterais é da Virgem e Senhora do Rosário, e outro é do Glorioso Santo António, não tem naves esta igreja por ser estreita, tem duas irmandades uma da Senhora do Rosário e outra das benditas Almas do Purgatório;\r#Text=Ao 8º o sacerdote, que governa no espiritual os fregueses desta paróquia ao presente é pároco encomendado pelo excelentíssimo Arcebispo de Évora, do qual é também a sua data, e apresentação amovível, e sem colação, assim como outras muitas que há deste género, e dela não recebe, o pároco dízimos, porque pela sua côngrua lhe pagam os fregueses certa porção de trigo, e assim se acha estar lotada em trezentos, e trinta e dois alqueires de trigo, e cento, e sete alqueires de cevada ficando os dízimos reservados a quem por direito antes da sua instituição pertenciam;\r#Text=Ao 9º não tem beneficiados."
Evora_NossaSenhoraDaGracaDoDivor_normalizada.revista;*[17];PER\_SAINT[17];17;Senhora do Rosário;"#Text=Ao 4º o território desta freguesia é em uma campina, que compreende, e tem em si vários vales, em que se produz mais quantidade, e porção de trigo, que centeio, e cevada, avista-se desta igreja e freguesia a vila de Estremoz, que dista desta igreja seis léguas e a vila de Arraiolos, que dista légua e meia;\r#Text=Ao 5º ao segundo interrogatório se disse se compunha esta freguesia e seu território de cinquenta e duas herdades, que compreende cento, e cinquenta, e sete pessoas que são o número digo caseiros, ou moradores, que fazem, por todos o número de setecentas e doze pessoas, que são os fregueses desta mesma freguesia, e não contém em si mais lugar, que uma aldeia pequena, chamada o Pomar do Lobo sita junto a esta igreja em a herdade das Figueiras do Lobo cuja herdade é de um morgado de Montemor-o-Novo chamado Filipe Lobo e as casas da sobredita aldeia são de várias e particulares pessoas que pagam seu foro anual ao próprio senhorio da mesma herdade;\r#Text=Ao 6º está a igreja desta paróquia de Nossa Senhora da Graça do Divor légua e meia distante da cidade de Évora da qual esta freguesia é termo como disse, em o primeiro interrogatório;\r#Text=Ao 7º é o orago desta paróquia de Nossa Senhora da Graça do Divor; tem três altares, o altar maior é da Senhora da Graça, um dos colaterais é da Virgem e Senhora do Rosário, e outro é do Glorioso Santo António, não tem naves esta igreja por ser estreita, tem duas irmandades uma da Senhora do Rosário e outra das benditas Almas do Purgatório;\r#Text=Ao 8º o sacerdote, que governa no espiritual os fregueses desta paróquia ao presente é pároco encomendado pelo excelentíssimo Arcebispo de Évora, do qual é também a sua data, e apresentação amovível, e sem colação, assim como outras muitas que há deste género, e dela não recebe, o pároco dízimos, porque pela sua côngrua lhe pagam os fregueses certa porção de trigo, e assim se acha estar lotada em trezentos, e trinta e dois alqueires de trigo, e cento, e sete alqueires de cevada ficando os dízimos reservados a quem por direito antes da sua instituição pertenciam;\r#Text=Ao 9º não tem beneficiados."
Evora_NossaSenhoraDaGracaDoDivor_normalizada.revista;*[18];PER\_SAINT[18];18;Santo António;"#Text=Ao 4º o território desta freguesia é em uma campina, que compreende, e tem em si vários vales, em que se produz mais quantidade, e porção de trigo, que centeio, e cevada, avista-se desta igreja e freguesia a vila de Estremoz, que dista desta igreja seis léguas e a vila de Arraiolos, que dista légua e meia;\r#Text=Ao 5º ao segundo interrogatório se disse se compunha esta freguesia e seu território de cinquenta e duas herdades, que compreende cento, e cinquenta, e sete pessoas que são o número digo caseiros, ou moradores, que fazem, por todos o número de setecentas e doze pessoas, que são os fregueses desta mesma freguesia, e não contém em si mais lugar, que uma aldeia pequena, chamada o Pomar do Lobo sita junto a esta igreja em a herdade das Figueiras do Lobo cuja herdade é de um morgado de Montemor-o-Novo chamado Filipe Lobo e as casas da sobredita aldeia são de várias e particulares pessoas que pagam seu foro anual ao próprio senhorio da mesma herdade;\r#Text=Ao 6º está a igreja desta paróquia de Nossa Senhora da Graça do Divor légua e meia distante da cidade de Évora da qual esta freguesia é termo como disse, em o primeiro interrogatório;\r#Text=Ao 7º é o orago desta paróquia de Nossa Senhora da Graça do Divor; tem três altares, o altar maior é da Senhora da Graça, um dos colaterais é da Virgem e Senhora do Rosário, e outro é do Glorioso Santo António, não tem naves esta igreja por ser estreita, tem duas irmandades uma da Senhora do Rosário e outra das benditas Almas do Purgatório;\r#Text=Ao 8º o sacerdote, que governa no espiritual os fregueses desta paróquia ao presente é pároco encomendado pelo excelentíssimo Arcebispo de Évora, do qual é também a sua data, e apresentação amovível, e sem colação, assim como outras muitas que há deste género, e dela não recebe, o pároco dízimos, porque pela sua côngrua lhe pagam os fregueses certa porção de trigo, e assim se acha estar lotada em trezentos, e trinta e dois alqueires de trigo, e cento, e sete alqueires de cevada ficando os dízimos reservados a quem por direito antes da sua instituição pertenciam;\r#Text=Ao 9º não tem beneficiados."
Evora_NossaSenhoraDaGracaDoDivor_normalizada.revista;*[19];ORG[19];19;Senhora do Rosário;"#Text=Ao 4º o território desta freguesia é em uma campina, que compreende, e tem em si vários vales, em que se produz mais quantidade, e porção de trigo, que centeio, e cevada, avista-se desta igreja e freguesia a vila de Estremoz, que dista desta igreja seis léguas e a vila de Arraiolos, que dista légua e meia;\r#Text=Ao 5º ao segundo interrogatório se disse se compunha esta freguesia e seu território de cinquenta e duas herdades, que compreende cento, e cinquenta, e sete pessoas que são o número digo caseiros, ou moradores, que fazem, por todos o número de setecentas e doze pessoas, que são os fregueses desta mesma freguesia, e não contém em si mais lugar, que uma aldeia pequena, chamada o Pomar do Lobo sita junto a esta igreja em a herdade das Figueiras do Lobo cuja herdade é de um morgado de Montemor-o-Novo chamado Filipe Lobo e as casas da sobredita aldeia são de várias e particulares pessoas que pagam seu foro anual ao próprio senhorio da mesma herdade;\r#Text=Ao 6º está a igreja desta paróquia de Nossa Senhora da Graça do Divor légua e meia distante da cidade de Évora da qual esta freguesia é termo como disse, em o primeiro interrogatório;\r#Text=Ao 7º é o orago desta paróquia de Nossa Senhora da Graça do Divor; tem três altares, o altar maior é da Senhora da Graça, um dos colaterais é da Virgem e Senhora do Rosário, e outro é do Glorioso Santo António, não tem naves esta igreja por ser estreita, tem duas irmandades uma da Senhora do Rosário e outra das benditas Almas do Purgatório;\r#Text=Ao 8º o sacerdote, que governa no espiritual os fregueses desta paróquia ao presente é pároco encomendado pelo excelentíssimo Arcebispo de Évora, do qual é também a sua data, e apresentação amovível, e sem colação, assim como outras muitas que há deste género, e dela não recebe, o pároco dízimos, porque pela sua côngrua lhe pagam os fregueses certa porção de trigo, e assim se acha estar lotada em trezentos, e trinta e dois alqueires de trigo, e cento, e sete alqueires de cevada ficando os dízimos reservados a quem por direito antes da sua instituição pertenciam;\r#Text=Ao 9º não tem beneficiados."
Evora_NossaSenhoraDaGracaDoDivor_normalizada.revista;*[1];PER\_NAM[1];1;Sua Majestade Fidelíssima;#Text=Respondendo aos interrogatórios para Sua Majestade Fidelíssima foi servido enviar a Vossa Excelência Reverendíssima pela Secretaria do Estado dos Negócios do Reino respondo ao pertencente a esta freguesia de Nossa Senhora da Graça do Divor termo da cidade de Évora légua, e meia distante da mesma cidade.
Evora_NossaSenhoraDaGracaDoDivor_normalizada.revista;*[20];ORG[20];20;Almas do Purgatório;"#Text=Ao 4º o território desta freguesia é em uma campina, que compreende, e tem em si vários vales, em que se produz mais quantidade, e porção de trigo, que centeio, e cevada, avista-se desta igreja e freguesia a vila de Estremoz, que dista desta igreja seis léguas e a vila de Arraiolos, que dista légua e meia;\r#Text=Ao 5º ao segundo interrogatório se disse se compunha esta freguesia e seu território de cinquenta e duas herdades, que compreende cento, e cinquenta, e sete pessoas que são o número digo caseiros, ou moradores, que fazem, por todos o número de setecentas e doze pessoas, que são os fregueses desta mesma freguesia, e não contém em si mais lugar, que uma aldeia pequena, chamada o Pomar do Lobo sita junto a esta igreja em a herdade das Figueiras do Lobo cuja herdade é de um morgado de Montemor-o-Novo chamado Filipe Lobo e as casas da sobredita aldeia são de várias e particulares pessoas que pagam seu foro anual ao próprio senhorio da mesma herdade;\r#Text=Ao 6º está a igreja desta paróquia de Nossa Senhora da Graça do Divor légua e meia distante da cidade de Évora da qual esta freguesia é termo como disse, em o primeiro interrogatório;\r#Text=Ao 7º é o orago desta paróquia de Nossa Senhora da Graça do Divor; tem três altares, o altar maior é da Senhora da Graça, um dos colaterais é da Virgem e Senhora do Rosário, e outro é do Glorioso Santo António, não tem naves esta igreja por ser estreita, tem duas irmandades uma da Senhora do Rosário e outra das benditas Almas do Purgatório;\r#Text=Ao 8º o sacerdote, que governa no espiritual os fregueses desta paróquia ao presente é pároco encomendado pelo excelentíssimo Arcebispo de Évora, do qual é também a sua data, e apresentação amovível, e sem colação, assim como outras muitas que há deste género, e dela não recebe, o pároco dízimos, porque pela sua côngrua lhe pagam os fregueses certa porção de trigo, e assim se acha estar lotada em trezentos, e trinta e dois alqueires de trigo, e cento, e sete alqueires de cevada ficando os dízimos reservados a quem por direito antes da sua instituição pertenciam;\r#Text=Ao 9º não tem beneficiados."
Evora_NossaSenhoraDaGracaDoDivor_normalizada.revista;*[21];PER\_OCC[21];21;Arcebispo de Évora;"#Text=Ao 4º o território desta freguesia é em uma campina, que compreende, e tem em si vários vales, em que se produz mais quantidade, e porção de trigo, que centeio, e cevada, avista-se desta igreja e freguesia a vila de Estremoz, que dista desta igreja seis léguas e a vila de Arraiolos, que dista légua e meia;\r#Text=Ao 5º ao segundo interrogatório se disse se compunha esta freguesia e seu território de cinquenta e duas herdades, que compreende cento, e cinquenta, e sete pessoas que são o número digo caseiros, ou moradores, que fazem, por todos o número de setecentas e doze pessoas, que são os fregueses desta mesma freguesia, e não contém em si mais lugar, que uma aldeia pequena, chamada o Pomar do Lobo sita junto a esta igreja em a herdade das Figueiras do Lobo cuja herdade é de um morgado de Montemor-o-Novo chamado Filipe Lobo e as casas da sobredita aldeia são de várias e particulares pessoas que pagam seu foro anual ao próprio senhorio da mesma herdade;\r#Text=Ao 6º está a igreja desta paróquia de Nossa Senhora da Graça do Divor légua e meia distante da cidade de Évora da qual esta freguesia é termo como disse, em o primeiro interrogatório;\r#Text=Ao 7º é o orago desta paróquia de Nossa Senhora da Graça do Divor; tem três altares, o altar maior é da Senhora da Graça, um dos colaterais é da Virgem e Senhora do Rosário, e outro é do Glorioso Santo António, não tem naves esta igreja por ser estreita, tem duas irmandades uma da Senhora do Rosário e outra das benditas Almas do Purgatório;\r#Text=Ao 8º o sacerdote, que governa no espiritual os fregueses desta paróquia ao presente é pároco encomendado pelo excelentíssimo Arcebispo de Évora, do qual é também a sua data, e apresentação amovível, e sem colação, assim como outras muitas que há deste género, e dela não recebe, o pároco dízimos, porque pela sua côngrua lhe pagam os fregueses certa porção de trigo, e assim se acha estar lotada em trezentos, e trinta e dois alqueires de trigo, e cento, e sete alqueires de cevada ficando os dízimos reservados a quem por direito antes da sua instituição pertenciam;\r#Text=Ao 9º não tem beneficiados."
Evora_NossaSenhoraDaGracaDoDivor_normalizada.revista;*[22];PLC\_LOC[22];23;herdade da Oliveira;#Text=Ao 13 tem esta freguesia dentro em seus limites várias capelas, que são de particulares senhores, como é uma em a herdade da Oliveira cuja é de António Saldanha de Oliveira, morgado assistente em a corte e cidade de Lisboa com o título de Nossa Senhora da Assunção com missa quotidiana e capelão e se lhe faz festa em o dia quinze de agosto por mandado do dito morgado.
Evora_NossaSenhoraDaGracaDoDivor_normalizada.revista;*[23];PER\_NAM[23];24;António Saldanha de Oliveira , morgado assistente em a corte e cidade de Lisboa;#Text=Ao 13 tem esta freguesia dentro em seus limites várias capelas, que são de particulares senhores, como é uma em a herdade da Oliveira cuja é de António Saldanha de Oliveira, morgado assistente em a corte e cidade de Lisboa com o título de Nossa Senhora da Assunção com missa quotidiana e capelão e se lhe faz festa em o dia quinze de agosto por mandado do dito morgado.
Evora_NossaSenhoraDaGracaDoDivor_normalizada.revista;*[24];PLC\_FAC[24];25;Nossa Senhora da Assunção;#Text=Ao 13 tem esta freguesia dentro em seus limites várias capelas, que são de particulares senhores, como é uma em a herdade da Oliveira cuja é de António Saldanha de Oliveira, morgado assistente em a corte e cidade de Lisboa com o título de Nossa Senhora da Assunção com missa quotidiana e capelão e se lhe faz festa em o dia quinze de agosto por mandado do dito morgado.
Evora_NossaSenhoraDaGracaDoDivor_normalizada.revista;*[25];PLC\_LOC[25];26;herdade do monte de Pinheiros;#Text=Há outra capela sita em a herdade do monte de Pinheiros com o título de Nossa Senhora da Nazaré cuja herdade e capela é do morgado Francisco José Cordovil morador em a cidade de Évora.
Evora_NossaSenhoraDaGracaDoDivor_normalizada.revista;*[26];PLC\_FAC[26];27;Nossa Senhora da Nazaré;#Text=Há outra capela sita em a herdade do monte de Pinheiros com o título de Nossa Senhora da Nazaré cuja herdade e capela é do morgado Francisco José Cordovil morador em a cidade de Évora.
Evora_NossaSenhoraDaGracaDoDivor_normalizada.revista;*[27];PER\_NAM[27];28;morgado Francisco José Cordovil morador em a cidade de Évora;#Text=Há outra capela sita em a herdade do monte de Pinheiros com o título de Nossa Senhora da Nazaré cuja herdade e capela é do morgado Francisco José Cordovil morador em a cidade de Évora.
Evora_NossaSenhoraDaGracaDoDivor_normalizada.revista;*[28];PLC\_LOC[28];29;herdade de Vale de el-Rei de Cima;#Text=Há outra em a herdade de Vale de el-Rei de Cima muito antiga com o título de Senhor São Romão de cuja não memória a quem pertença à qual festejam os moradores e fregueses desta freguesia por devoção em o dia próprio a nove de Agosto.
Evora_NossaSenhoraDaGracaDoDivor_normalizada.revista;*[29];PLC\_FAC[29];30;São Romão;#Text=Há outra em a herdade de Vale de el-Rei de Cima muito antiga com o título de Senhor São Romão de cuja não memória a quem pertença à qual festejam os moradores e fregueses desta freguesia por devoção em o dia próprio a nove de Agosto.
Evora_NossaSenhoraDaGracaDoDivor_normalizada.revista;*[2];ORG[2];2;Secretaria do Estado dos Negócios do Reino;#Text=Respondendo aos interrogatórios para Sua Majestade Fidelíssima foi servido enviar a Vossa Excelência Reverendíssima pela Secretaria do Estado dos Negócios do Reino respondo ao pertencente a esta freguesia de Nossa Senhora da Graça do Divor termo da cidade de Évora légua, e meia distante da mesma cidade.
Evora_NossaSenhoraDaGracaDoDivor_normalizada.revista;*[30];TIM\_CRON[30];31;nove de Agosto;#Text=Há outra em a herdade de Vale de el-Rei de Cima muito antiga com o título de Senhor São Romão de cuja não memória a quem pertença à qual festejam os moradores e fregueses desta freguesia por devoção em o dia próprio a nove de Agosto.
Evora_NossaSenhoraDaGracaDoDivor_normalizada.revista;*[31];PER\_PGRP[31];32;cónegos Regrantes;#Text=Há outra cuja é dos reverendos cónegos Regrantes em uma herdade sua chamada a Abegoaria com o título de Nossa Senhora dos Remédios.
Evora_NossaSenhoraDaGracaDoDivor_normalizada.revista;*[32];PLC\_LOC[32];33;herdade sua chamada a Abegoaria;#Text=Há outra cuja é dos reverendos cónegos Regrantes em uma herdade sua chamada a Abegoaria com o título de Nossa Senhora dos Remédios.
Evora_NossaSenhoraDaGracaDoDivor_normalizada.revista;*[33];PLC\_FAC[33];34;título de Nossa Senhora dos Remédios;#Text=Há outra cuja é dos reverendos cónegos Regrantes em uma herdade sua chamada a Abegoaria com o título de Nossa Senhora dos Remédios.
Evora_NossaSenhoraDaGracaDoDivor_normalizada.revista;*[34];PLC\_LOC[34];35;herdade da Sempre Noiva;#Text=Há outra em a herdade da Sempre Noiva com o título do Senhor São José cuja herdade e capela é e pertence ao excelentíssimo Marquês de Valença, e esta é a dos reverendos cónegos Regrantes.
Evora_NossaSenhoraDaGracaDoDivor_normalizada.revista;*[35];PLC\_FAC[35];36;São José;#Text=Há outra em a herdade da Sempre Noiva com o título do Senhor São José cuja herdade e capela é e pertence ao excelentíssimo Marquês de Valença, e esta é a dos reverendos cónegos Regrantes.
Evora_NossaSenhoraDaGracaDoDivor_normalizada.revista;*[36];PER\_CAT[36];37;Marquês de Valença;#Text=Há outra em a herdade da Sempre Noiva com o título do Senhor São José cuja herdade e capela é e pertence ao excelentíssimo Marquês de Valença, e esta é a dos reverendos cónegos Regrantes.
Evora_NossaSenhoraDaGracaDoDivor_normalizada.revista;*[37];PER\_PGRP[37];38;cónegos Regrantes;#Text=Há outra em a herdade da Sempre Noiva com o título do Senhor São José cuja herdade e capela é e pertence ao excelentíssimo Marquês de Valença, e esta é a dos reverendos cónegos Regrantes.
Evora_NossaSenhoraDaGracaDoDivor_normalizada.revista;*[38];PLC\_GPE[38];39;cidade de Évora;#Text=Ao 16 não há em esta freguesia vila lugar, em que haja juiz ordinário nem câmara, e como só dista légua e meia da cidade de Évora tem juiz de vintena, e assim está sujeita à justiça de Évora.
Evora_NossaSenhoraDaGracaDoDivor_normalizada.revista;*[39];PLC\_GPE[39];41;cidade de Évora;#Text=Ao 21 fica distante esta freguesia da cidade de Évora légua e meia e da cidade de Lisboa vinte e nove léguas.
Evora_NossaSenhoraDaGracaDoDivor_normalizada.revista;*[3];PLC\_GPE[3];3;freguesia de Nossa Senhora da Graça do Divor termo da cidade de Évora;#Text=Respondendo aos interrogatórios para Sua Majestade Fidelíssima foi servido enviar a Vossa Excelência Reverendíssima pela Secretaria do Estado dos Negócios do Reino respondo ao pertencente a esta freguesia de Nossa Senhora da Graça do Divor termo da cidade de Évora légua, e meia distante da mesma cidade.
Evora_NossaSenhoraDaGracaDoDivor_normalizada.revista;*[40];PLC\_GPE[40];42;cidade de Lisboa;#Text=Ao 21 fica distante esta freguesia da cidade de Évora légua e meia e da cidade de Lisboa vinte e nove léguas.
Evora_NossaSenhoraDaGracaDoDivor_normalizada.revista;*[41];PER\_PGRP[41];44;religiosos de São Jerónimo;#Text=O que se procura dessa Serra é o seguinte\r#Text=Entre o número de cinquenta e duas herdades, de que consta esta freguesia como se disse em o segundo interrogatório se acha uma com o nome de Mogos, que é dos religiosos de São Jerónimo extramuros da cidade de Évora em a qual está um elevado alto chamado a serra de Mogos breve na extensão, porque apenas se lhe sobe ao cume se descobre todo por não ter comprimento nem largura ao que os moradores, e fregueses desta freguesia não dão mais notícia nem em ele se acha mais coisa alguma, que dizer aos interrogatórios da serra.
Evora_NossaSenhoraDaGracaDoDivor_normalizada.revista;*[42];PLC\_LOC[42];44;extramuros da cidade de Évora;#Text=O que se procura dessa Serra é o seguinte\r#Text=Entre o número de cinquenta e duas herdades, de que consta esta freguesia como se disse em o segundo interrogatório se acha uma com o nome de Mogos, que é dos religiosos de São Jerónimo extramuros da cidade de Évora em a qual está um elevado alto chamado a serra de Mogos breve na extensão, porque apenas se lhe sobe ao cume se descobre todo por não ter comprimento nem largura ao que os moradores, e fregueses desta freguesia não dão mais notícia nem em ele se acha mais coisa alguma, que dizer aos interrogatórios da serra.
Evora_NossaSenhoraDaGracaDoDivor_normalizada.revista;*[43];PLC\_LOC[43];46;herdade chamada as Figueiras do Lobo;#Text=O que se procura saber desse rio é o seguinte\r#Text=Em o território desta freguesia tem princípio alguns rios, ou ribeiras cujos em os seus nascimentos não têm nomes por pequenos, em a herdade chamada as Figueiras do Lobo tem princípio o rio ou ribeira por nome Divor e este se conserva e nomeia sempre por ele, não nasce caudaloso, corre para o nascente, tem um moinho em a herdade da Abegoaria, que é dos reverendos cónegos Regrantes de São João Evangelista, e desta freguesia para a freguesia da igrejinha termo da vila de Arraiolos donde conserva o mesmo nome.
Evora_NossaSenhoraDaGracaDoDivor_normalizada.revista;*[44];PLC\_AQU[44];47;o rio ou ribeira por nome Divor;#Text=O que se procura saber desse rio é o seguinte\r#Text=Em o território desta freguesia tem princípio alguns rios, ou ribeiras cujos em os seus nascimentos não têm nomes por pequenos, em a herdade chamada as Figueiras do Lobo tem princípio o rio ou ribeira por nome Divor e este se conserva e nomeia sempre por ele, não nasce caudaloso, corre para o nascente, tem um moinho em a herdade da Abegoaria, que é dos reverendos cónegos Regrantes de São João Evangelista, e desta freguesia para a freguesia da igrejinha termo da vila de Arraiolos donde conserva o mesmo nome.
Evora_NossaSenhoraDaGracaDoDivor_normalizada.revista;*[45];PLC\_FAC[45];48;moinho em a herdade da Abegoaria;#Text=O que se procura saber desse rio é o seguinte\r#Text=Em o território desta freguesia tem princípio alguns rios, ou ribeiras cujos em os seus nascimentos não têm nomes por pequenos, em a herdade chamada as Figueiras do Lobo tem princípio o rio ou ribeira por nome Divor e este se conserva e nomeia sempre por ele, não nasce caudaloso, corre para o nascente, tem um moinho em a herdade da Abegoaria, que é dos reverendos cónegos Regrantes de São João Evangelista, e desta freguesia para a freguesia da igrejinha termo da vila de Arraiolos donde conserva o mesmo nome.
Evora_NossaSenhoraDaGracaDoDivor_normalizada.revista;*[46];PER\_PGRP[46];49;cónegos Regrantes de São João Evangelista;#Text=O que se procura saber desse rio é o seguinte\r#Text=Em o território desta freguesia tem princípio alguns rios, ou ribeiras cujos em os seus nascimentos não têm nomes por pequenos, em a herdade chamada as Figueiras do Lobo tem princípio o rio ou ribeira por nome Divor e este se conserva e nomeia sempre por ele, não nasce caudaloso, corre para o nascente, tem um moinho em a herdade da Abegoaria, que é dos reverendos cónegos Regrantes de São João Evangelista, e desta freguesia para a freguesia da igrejinha termo da vila de Arraiolos donde conserva o mesmo nome.
Evora_NossaSenhoraDaGracaDoDivor_normalizada.revista;*[47];PLC\_GPE[47];50;freguesia da igrejinha;#Text=O que se procura saber desse rio é o seguinte\r#Text=Em o território desta freguesia tem princípio alguns rios, ou ribeiras cujos em os seus nascimentos não têm nomes por pequenos, em a herdade chamada as Figueiras do Lobo tem princípio o rio ou ribeira por nome Divor e este se conserva e nomeia sempre por ele, não nasce caudaloso, corre para o nascente, tem um moinho em a herdade da Abegoaria, que é dos reverendos cónegos Regrantes de São João Evangelista, e desta freguesia para a freguesia da igrejinha termo da vila de Arraiolos donde conserva o mesmo nome.
Evora_NossaSenhoraDaGracaDoDivor_normalizada.revista;*[48];PLC\_LOC[48];50;termo da vila de Arraiolos;#Text=O que se procura saber desse rio é o seguinte\r#Text=Em o território desta freguesia tem princípio alguns rios, ou ribeiras cujos em os seus nascimentos não têm nomes por pequenos, em a herdade chamada as Figueiras do Lobo tem princípio o rio ou ribeira por nome Divor e este se conserva e nomeia sempre por ele, não nasce caudaloso, corre para o nascente, tem um moinho em a herdade da Abegoaria, que é dos reverendos cónegos Regrantes de São João Evangelista, e desta freguesia para a freguesia da igrejinha termo da vila de Arraiolos donde conserva o mesmo nome.
Evora_NossaSenhoraDaGracaDoDivor_normalizada.revista;*[49];PLC\_LOC[49];51;herdade da Valeira;#Text=Nasce outro em a herdade da Valeira para o sul a que chamam a ribeira de São Matias por se encaminhar, e passar mediato à sobredita igreja de São Matias termo da cidade de Évora.
Evora_NossaSenhoraDaGracaDoDivor_normalizada.revista;*[4];PLC\_GPE[4];4;freguesia de Nossa Senhora da Graça do Divor na província do Alentejo;"#Text=Interrogatórios\r#Text=Ao 1º fica esta freguesia de Nossa Senhora da Graça do Divor na província do Alentejo, e pertence ao Arcebispado de Évora, e todo o território desta freguesia é, e está dentro do termo da mesma cidade de Évora da que dista légua e meia;\r#Text=Ao 2º é o território desta freguesia da jurisdição real assim, e da mesma sorte, que a cidade de Évora da qual é termo, e compõem-se o dito território de cinquenta, e duas herdades, ainda que pequenas, e diminutas algumas, e são de certos e particulares senhores."
Evora_NossaSenhoraDaGracaDoDivor_normalizada.revista;*[50];PLC\_AQU[50];52;ribeira de São Matias;#Text=Nasce outro em a herdade da Valeira para o sul a que chamam a ribeira de São Matias por se encaminhar, e passar mediato à sobredita igreja de São Matias termo da cidade de Évora.
Evora_NossaSenhoraDaGracaDoDivor_normalizada.revista;*[51];PLC\_FAC[51];53;igreja de São Matias;#Text=Nasce outro em a herdade da Valeira para o sul a que chamam a ribeira de São Matias por se encaminhar, e passar mediato à sobredita igreja de São Matias termo da cidade de Évora.
Evora_NossaSenhoraDaGracaDoDivor_normalizada.revista;*[52];PLC\_LOC[52];53;termo da cidade de Évora;#Text=Nasce outro em a herdade da Valeira para o sul a que chamam a ribeira de São Matias por se encaminhar, e passar mediato à sobredita igreja de São Matias termo da cidade de Évora.
Evora_NossaSenhoraDaGracaDoDivor_normalizada.revista;*[53];PLC\_LOC[53];54;herdade de Metrogos;#Text=Nasce outro em os altos da herdade de Metrogos para o nascente, e se encaminha para os coutos, e fazendas da cidade de Évora donde o nomeiam por Vale Covo, e de todos estes não há que dizer ao seu curso nem mais interrogatórios pertencentes porque apenas quando chove correm, principiando os calores e rigores do sol têm acabado suas correntes.
Evora_NossaSenhoraDaGracaDoDivor_normalizada.revista;*[54];PLC\_GPE[54];55;cidade de Évora;#Text=Nasce outro em os altos da herdade de Metrogos para o nascente, e se encaminha para os coutos, e fazendas da cidade de Évora donde o nomeiam por Vale Covo, e de todos estes não há que dizer ao seu curso nem mais interrogatórios pertencentes porque apenas quando chove correm, principiando os calores e rigores do sol têm acabado suas correntes.
Evora_NossaSenhoraDaGracaDoDivor_normalizada.revista;*[55];PLC\_AQU[55];56;Vale Covo;#Text=Nasce outro em os altos da herdade de Metrogos para o nascente, e se encaminha para os coutos, e fazendas da cidade de Évora donde o nomeiam por Vale Covo, e de todos estes não há que dizer ao seu curso nem mais interrogatórios pertencentes porque apenas quando chove correm, principiando os calores e rigores do sol têm acabado suas correntes.
Evora_NossaSenhoraDaGracaDoDivor_normalizada.revista;*[56];PLC\_FAC[56];57;Canos da Água da Prata;#Text=Há sim outro rio mais excelente, que nascendo de várias fontes correntes para o nascente do sol os antigos o encaminharam para o sul, e é a notável arquitetura dos Canos da Água da Prata da cidade de Évora, que tem seu primeiro princípio em a sobredita herdade das Figueiras do Lobo, de que se falou em o quinto interrogatório e este por mais herdades sítios quintas e fazendas que passe sempre conserva o primeiro, e principal nome de arquitetura da Água da Prata, e como os fregueses desta paróquia o têm em a conta dos rios manentes desta freguesia trato dele como rio e não como fonte, e aos mais interrogatórios assim da terra, serra, e rio não se achou mais clareza alguma, nem coisa notável que dizer nem digna de memória desta freguesia e paróquia de Nossa Senhora da Graça do Divor termo da cidade de Évora.
Evora_NossaSenhoraDaGracaDoDivor_normalizada.revista;*[57];PLC\_GPE[57];58;cidade de Évora;#Text=Há sim outro rio mais excelente, que nascendo de várias fontes correntes para o nascente do sol os antigos o encaminharam para o sul, e é a notável arquitetura dos Canos da Água da Prata da cidade de Évora, que tem seu primeiro princípio em a sobredita herdade das Figueiras do Lobo, de que se falou em o quinto interrogatório e este por mais herdades sítios quintas e fazendas que passe sempre conserva o primeiro, e principal nome de arquitetura da Água da Prata, e como os fregueses desta paróquia o têm em a conta dos rios manentes desta freguesia trato dele como rio e não como fonte, e aos mais interrogatórios assim da terra, serra, e rio não se achou mais clareza alguma, nem coisa notável que dizer nem digna de memória desta freguesia e paróquia de Nossa Senhora da Graça do Divor termo da cidade de Évora.
Evora_NossaSenhoraDaGracaDoDivor_normalizada.revista;*[58];PLC\_LOC[58];59;herdade das Figueiras do Lobo;#Text=Há sim outro rio mais excelente, que nascendo de várias fontes correntes para o nascente do sol os antigos o encaminharam para o sul, e é a notável arquitetura dos Canos da Água da Prata da cidade de Évora, que tem seu primeiro princípio em a sobredita herdade das Figueiras do Lobo, de que se falou em o quinto interrogatório e este por mais herdades sítios quintas e fazendas que passe sempre conserva o primeiro, e principal nome de arquitetura da Água da Prata, e como os fregueses desta paróquia o têm em a conta dos rios manentes desta freguesia trato dele como rio e não como fonte, e aos mais interrogatórios assim da terra, serra, e rio não se achou mais clareza alguma, nem coisa notável que dizer nem digna de memória desta freguesia e paróquia de Nossa Senhora da Graça do Divor termo da cidade de Évora.
Evora_NossaSenhoraDaGracaDoDivor_normalizada.revista;*[59];PLC\_FAC[59];60;arquitetura da Água da Prata;#Text=Há sim outro rio mais excelente, que nascendo de várias fontes correntes para o nascente do sol os antigos o encaminharam para o sul, e é a notável arquitetura dos Canos da Água da Prata da cidade de Évora, que tem seu primeiro princípio em a sobredita herdade das Figueiras do Lobo, de que se falou em o quinto interrogatório e este por mais herdades sítios quintas e fazendas que passe sempre conserva o primeiro, e principal nome de arquitetura da Água da Prata, e como os fregueses desta paróquia o têm em a conta dos rios manentes desta freguesia trato dele como rio e não como fonte, e aos mais interrogatórios assim da terra, serra, e rio não se achou mais clareza alguma, nem coisa notável que dizer nem digna de memória desta freguesia e paróquia de Nossa Senhora da Graça do Divor termo da cidade de Évora.
Evora_NossaSenhoraDaGracaDoDivor_normalizada.revista;*[5];PLC\_GPE[5];5;Arcebispado de Évora;"#Text=Interrogatórios\r#Text=Ao 1º fica esta freguesia de Nossa Senhora da Graça do Divor na província do Alentejo, e pertence ao Arcebispado de Évora, e todo o território desta freguesia é, e está dentro do termo da mesma cidade de Évora da que dista légua e meia;\r#Text=Ao 2º é o território desta freguesia da jurisdição real assim, e da mesma sorte, que a cidade de Évora da qual é termo, e compõem-se o dito território de cinquenta, e duas herdades, ainda que pequenas, e diminutas algumas, e são de certos e particulares senhores."
Evora_NossaSenhoraDaGracaDoDivor_normalizada.revista;*[60];PLC\_GPE[60];61;paróquia de Nossa Senhora da Graça do Divor;#Text=Há sim outro rio mais excelente, que nascendo de várias fontes correntes para o nascente do sol os antigos o encaminharam para o sul, e é a notável arquitetura dos Canos da Água da Prata da cidade de Évora, que tem seu primeiro princípio em a sobredita herdade das Figueiras do Lobo, de que se falou em o quinto interrogatório e este por mais herdades sítios quintas e fazendas que passe sempre conserva o primeiro, e principal nome de arquitetura da Água da Prata, e como os fregueses desta paróquia o têm em a conta dos rios manentes desta freguesia trato dele como rio e não como fonte, e aos mais interrogatórios assim da terra, serra, e rio não se achou mais clareza alguma, nem coisa notável que dizer nem digna de memória desta freguesia e paróquia de Nossa Senhora da Graça do Divor termo da cidade de Évora.
Evora_NossaSenhoraDaGracaDoDivor_normalizada.revista;*[61];PLC\_LOC[61];61;termo da cidade de Évora;#Text=Há sim outro rio mais excelente, que nascendo de várias fontes correntes para o nascente do sol os antigos o encaminharam para o sul, e é a notável arquitetura dos Canos da Água da Prata da cidade de Évora, que tem seu primeiro princípio em a sobredita herdade das Figueiras do Lobo, de que se falou em o quinto interrogatório e este por mais herdades sítios quintas e fazendas que passe sempre conserva o primeiro, e principal nome de arquitetura da Água da Prata, e como os fregueses desta paróquia o têm em a conta dos rios manentes desta freguesia trato dele como rio e não como fonte, e aos mais interrogatórios assim da terra, serra, e rio não se achou mais clareza alguma, nem coisa notável que dizer nem digna de memória desta freguesia e paróquia de Nossa Senhora da Graça do Divor termo da cidade de Évora.
Evora_NossaSenhoraDaGracaDoDivor_normalizada.revista;*[62];TIM\_CRON[62];62;6 de junho de 1758;#Text=Findo aos 6 de junho de 1758 anos.
Evora_NossaSenhoraDaGracaDoDivor_normalizada.revista;*[63];PER\_NAM[63];63;pároco encomendado João Rosado Ramalho;#Text=O pároco encomendado João Rosado Ramalho
Evora_NossaSenhoraDaGracaDoDivor_normalizada.revista;*[6];PLC\_LOC[6];6;termo da mesma cidade de Évora;"#Text=Interrogatórios\r#Text=Ao 1º fica esta freguesia de Nossa Senhora da Graça do Divor na província do Alentejo, e pertence ao Arcebispado de Évora, e todo o território desta freguesia é, e está dentro do termo da mesma cidade de Évora da que dista légua e meia;\r#Text=Ao 2º é o território desta freguesia da jurisdição real assim, e da mesma sorte, que a cidade de Évora da qual é termo, e compõem-se o dito território de cinquenta, e duas herdades, ainda que pequenas, e diminutas algumas, e são de certos e particulares senhores."
Evora_NossaSenhoraDaGracaDoDivor_normalizada.revista;*[7];PLC\_GPE[7];7;cidade de Évora;"#Text=Interrogatórios\r#Text=Ao 1º fica esta freguesia de Nossa Senhora da Graça do Divor na província do Alentejo, e pertence ao Arcebispado de Évora, e todo o território desta freguesia é, e está dentro do termo da mesma cidade de Évora da que dista légua e meia;\r#Text=Ao 2º é o território desta freguesia da jurisdição real assim, e da mesma sorte, que a cidade de Évora da qual é termo, e compõem-se o dito território de cinquenta, e duas herdades, ainda que pequenas, e diminutas algumas, e são de certos e particulares senhores."
Evora_NossaSenhoraDaGracaDoDivor_normalizada.revista;*[8];PLC\_GPE[8];8;vila de Estremoz;"#Text=Ao 4º o território desta freguesia é em uma campina, que compreende, e tem em si vários vales, em que se produz mais quantidade, e porção de trigo, que centeio, e cevada, avista-se desta igreja e freguesia a vila de Estremoz, que dista desta igreja seis léguas e a vila de Arraiolos, que dista légua e meia;\r#Text=Ao 5º ao segundo interrogatório se disse se compunha esta freguesia e seu território de cinquenta e duas herdades, que compreende cento, e cinquenta, e sete pessoas que são o número digo caseiros, ou moradores, que fazem, por todos o número de setecentas e doze pessoas, que são os fregueses desta mesma freguesia, e não contém em si mais lugar, que uma aldeia pequena, chamada o Pomar do Lobo sita junto a esta igreja em a herdade das Figueiras do Lobo cuja herdade é de um morgado de Montemor-o-Novo chamado Filipe Lobo e as casas da sobredita aldeia são de várias e particulares pessoas que pagam seu foro anual ao próprio senhorio da mesma herdade;\r#Text=Ao 6º está a igreja desta paróquia de Nossa Senhora da Graça do Divor légua e meia distante da cidade de Évora da qual esta freguesia é termo como disse, em o primeiro interrogatório;\r#Text=Ao 7º é o orago desta paróquia de Nossa Senhora da Graça do Divor; tem três altares, o altar maior é da Senhora da Graça, um dos colaterais é da Virgem e Senhora do Rosário, e outro é do Glorioso Santo António, não tem naves esta igreja por ser estreita, tem duas irmandades uma da Senhora do Rosário e outra das benditas Almas do Purgatório;\r#Text=Ao 8º o sacerdote, que governa no espiritual os fregueses desta paróquia ao presente é pároco encomendado pelo excelentíssimo Arcebispo de Évora, do qual é também a sua data, e apresentação amovível, e sem colação, assim como outras muitas que há deste género, e dela não recebe, o pároco dízimos, porque pela sua côngrua lhe pagam os fregueses certa porção de trigo, e assim se acha estar lotada em trezentos, e trinta e dois alqueires de trigo, e cento, e sete alqueires de cevada ficando os dízimos reservados a quem por direito antes da sua instituição pertenciam;\r#Text=Ao 9º não tem beneficiados."
Evora_NossaSenhoraDaGracaDoDivor_normalizada.revista;*[9];PLC\_GPE[9];9;vila de Arraiolos;"#Text=Ao 4º o território desta freguesia é em uma campina, que compreende, e tem em si vários vales, em que se produz mais quantidade, e porção de trigo, que centeio, e cevada, avista-se desta igreja e freguesia a vila de Estremoz, que dista desta igreja seis léguas e a vila de Arraiolos, que dista légua e meia;\r#Text=Ao 5º ao segundo interrogatório se disse se compunha esta freguesia e seu território de cinquenta e duas herdades, que compreende cento, e cinquenta, e sete pessoas que são o número digo caseiros, ou moradores, que fazem, por todos o número de setecentas e doze pessoas, que são os fregueses desta mesma freguesia, e não contém em si mais lugar, que uma aldeia pequena, chamada o Pomar do Lobo sita junto a esta igreja em a herdade das Figueiras do Lobo cuja herdade é de um morgado de Montemor-o-Novo chamado Filipe Lobo e as casas da sobredita aldeia são de várias e particulares pessoas que pagam seu foro anual ao próprio senhorio da mesma herdade;\r#Text=Ao 6º está a igreja desta paróquia de Nossa Senhora da Graça do Divor légua e meia distante da cidade de Évora da qual esta freguesia é termo como disse, em o primeiro interrogatório;\r#Text=Ao 7º é o orago desta paróquia de Nossa Senhora da Graça do Divor; tem três altares, o altar maior é da Senhora da Graça, um dos colaterais é da Virgem e Senhora do Rosário, e outro é do Glorioso Santo António, não tem naves esta igreja por ser estreita, tem duas irmandades uma da Senhora do Rosário e outra das benditas Almas do Purgatório;\r#Text=Ao 8º o sacerdote, que governa no espiritual os fregueses desta paróquia ao presente é pároco encomendado pelo excelentíssimo Arcebispo de Évora, do qual é também a sua data, e apresentação amovível, e sem colação, assim como outras muitas que há deste género, e dela não recebe, o pároco dízimos, porque pela sua côngrua lhe pagam os fregueses certa porção de trigo, e assim se acha estar lotada em trezentos, e trinta e dois alqueires de trigo, e cento, e sete alqueires de cevada ficando os dízimos reservados a quem por direito antes da sua instituição pertenciam;\r#Text=Ao 9º não tem beneficiados."
