﻿file_name;entity;category_entity;entity_cardinal;ent_concat;text_concat
Evora_SaoBentoDoMato.normalizada;*;PER\_DIV;2;Deus;"#Text=São Bento do Mato, 1758, 29 de Maio\r#Text=Memória Paroquial de São Bento do Mato, Comarca de Évora\r#Text=[ANTT, Memórias Paroquiais, vol. 23, nº 92, p. 617 a 620]\r#Text=\r#Text=“/p. 617/\r#Text=Excelentíssimo e reverendíssimo Senhor \r#Text=Vossa excelência me manda responder a uns interrogatórios, cujas respostas lhe fez a saber sua Majestade, que Deus guarde, ser do seu real agrado a sabe-las; e obedecendo ao preceito, guardando a ordem dos títulos, e números, que neles se contém, respondo ao primeiro que consta de vinte e sete números à margem, cujo título é: \r#Text=O que se procura saber dessa terra, é o seguinte.\r#Text=1."
Evora_SaoBentoDoMato.normalizada;*;ORG;19;Rosário;#Text=Há nela duas confrarias, uma do Rosário outra das Almas.\r#Text=8. #Text=Há nela duas confrarias, uma do Rosário outra das Almas.\r#Text=8. #Text=Ao décimo, undécimo e duodécimo, que não há na freguesia convento algum, nem hospital, nem Casa de Misericórdia.\r#Text=13. 14.
Evora_SaoBentoDoMato.normalizada;*;ORG;20;Almas;#Text=Há nela duas confrarias, uma do Rosário outra das Almas.\r#Text=8. #Text=Há nela duas confrarias, uma do Rosário outra das Almas.\r#Text=8. #Text=Ao décimo, undécimo e duodécimo, que não há na freguesia convento algum, nem hospital, nem Casa de Misericórdia.\r#Text=13. 14.
Evora_SaoBentoDoMato.normalizada;*;ORG;22;Misericórdia;#Text=Há nela duas confrarias, uma do Rosário outra das Almas.\r#Text=8. #Text=Há nela duas confrarias, uma do Rosário outra das Almas.\r#Text=8. #Text=Ao décimo, undécimo e duodécimo, que não há na freguesia convento algum, nem hospital, nem Casa de Misericórdia.\r#Text=13. 14.
Evora_SaoBentoDoMato.normalizada;*;PER\_SAINT;29;Senhora;#Text=Com este despacho entrou o dito senhor da herdade a cuidar da ermida, e se começarão, e findarão as paredes, e abóbada da mesma no ano de 1757, e de presente se continua na perfeição da mesma, não cessando o concurso das esmolas e gente, que publica ter recebido da Senhora muitos favores, que testificam com as oblatas de cera, que são em grande número, de cabeças, braços, pernas, etc.\r#Text=15.
Evora_SaoBentoDoMato.normalizada;*;PLC\_GPE;34;Lisboa;#Text=Ao décimo nono, vigésimo e vigésimo primeiro que não tem feira alguma, nem correio, serve-se do da cidade de Évora, capital do arcebispado, de que dista de que dista três léguas e de Lisboa capital do reino dista vinte e uma léguas, dezoito por terra e três por mar.\r#Text=22, 23.
Evora_SaoBentoDoMato.normalizada;*;TIM\_CRON;35;1755;#Text=Ao vigésimo sexto, que no terremoto de 1755 não// \r#Text=\r#Text=/p. 620/\r#Text=houve ruína notável, apenas se abrirão de novo algumas pequenas fendas, ou rachas nas paredes, ou se alargaram as antigas, o que facilmente se reparou. \r#Text=27.
Evora_SaoBentoDoMato.normalizada;*[10];PLC\_LOC[10];11;Foros da Azaruja;"#Text=Ao sexto, que tem duas aldeias; uma se chama Venda das Brosseiras em que há estalagem, e consta de dezoito vizinhos: outra se nomeia Foros da Azaruja, e consta de quarenta, // \r#Text=\r#Text=/p. 618/\r#Text=e oito vizinhos; de ambas está separada a igreja, que junto a si só tem quatro vizinhos, entrando neste número o cura e o sacristão.\r#Text=7."
Evora_SaoBentoDoMato.normalizada;*[11];PER\_SAINT[11];12;São Bento;#Text=Ao sétimo que o orago da igreja é o patriarca São Bento. e esta de uma só nave.
Evora_SaoBentoDoMato.normalizada;*[12];PER\_SAINT[12];13;Nossa Senhora do Rosário;#Text=Nos dois colaterais da mesma frente, no do lado do evangelho está a imagem de Nossa Senhora do Rosário, no do lado da epistola a imagem de Nossa Senhora da Encarnação: os dois, que no corpo da igreja estão do lado do evangelho são, um de São Brás, bispo, e mártir, outro do Arcanjo São Miguel: os do lado da epistola são um de Santo Amaro abade, outro de Santo Agostinho bispo, e doutor da igreja.
Evora_SaoBentoDoMato.normalizada;*[13];PER\_SAINT[13];14;Nossa Senhora da Encarnação;#Text=Nos dois colaterais da mesma frente, no do lado do evangelho está a imagem de Nossa Senhora do Rosário, no do lado da epistola a imagem de Nossa Senhora da Encarnação: os dois, que no corpo da igreja estão do lado do evangelho são, um de São Brás, bispo, e mártir, outro do Arcanjo São Miguel: os do lado da epistola são um de Santo Amaro abade, outro de Santo Agostinho bispo, e doutor da igreja.
Evora_SaoBentoDoMato.normalizada;*[14];PER\_SAINT[14];15;São Brás;#Text=Nos dois colaterais da mesma frente, no do lado do evangelho está a imagem de Nossa Senhora do Rosário, no do lado da epistola a imagem de Nossa Senhora da Encarnação: os dois, que no corpo da igreja estão do lado do evangelho são, um de São Brás, bispo, e mártir, outro do Arcanjo São Miguel: os do lado da epistola são um de Santo Amaro abade, outro de Santo Agostinho bispo, e doutor da igreja.
Evora_SaoBentoDoMato.normalizada;*[15];PER\_SAINT[15];16;São Miguel;#Text=Nos dois colaterais da mesma frente, no do lado do evangelho está a imagem de Nossa Senhora do Rosário, no do lado da epistola a imagem de Nossa Senhora da Encarnação: os dois, que no corpo da igreja estão do lado do evangelho são, um de São Brás, bispo, e mártir, outro do Arcanjo São Miguel: os do lado da epistola são um de Santo Amaro abade, outro de Santo Agostinho bispo, e doutor da igreja.
Evora_SaoBentoDoMato.normalizada;*[16];PER\_SAINT[16];17;Santo Amaro;#Text=Nos dois colaterais da mesma frente, no do lado do evangelho está a imagem de Nossa Senhora do Rosário, no do lado da epistola a imagem de Nossa Senhora da Encarnação: os dois, que no corpo da igreja estão do lado do evangelho são, um de São Brás, bispo, e mártir, outro do Arcanjo São Miguel: os do lado da epistola são um de Santo Amaro abade, outro de Santo Agostinho bispo, e doutor da igreja.
Evora_SaoBentoDoMato.normalizada;*[17];PER\_SAINT[17];18;Santo Agostinho bispo;#Text=Nos dois colaterais da mesma frente, no do lado do evangelho está a imagem de Nossa Senhora do Rosário, no do lado da epistola a imagem de Nossa Senhora da Encarnação: os dois, que no corpo da igreja estão do lado do evangelho são, um de São Brás, bispo, e mártir, outro do Arcanjo São Miguel: os do lado da epistola são um de Santo Amaro abade, outro de Santo Agostinho bispo, e doutor da igreja.
Evora_SaoBentoDoMato.normalizada;*[18];PER\_OCC[18];21;arcebispo de Évora;"#Text=Ao oitavo, que tem um só cura, ou capelão curado, que tendo todas as obrigações de pároco, para o ser inteiramente só lhe falta o ser perpétuo; a este manda passar carta de cura em cada um ano o excelentíssimo e reverendíssimo senhor arcebispo de Évora, a quem pertence prover de cura a tal freguesia."
Evora_SaoBentoDoMato.normalizada;*[19];TIM\_CRON[19];23;ano de 1756;#Text=Ao décimo terceiro e décimo quarto, que em um sitio inculto e montuoso, cercado de azinheiras, e sobreiras, cujos frutos são sustentação de animais separada, e distante das referidas igrejas e aldeias meio quarto de légua pouco mais, ou menos se descobriu no ano de 1756 uma imagem de Nossa Senhora do Monte do Carmo, pintada no pequeno nicho da parede interior de uma casinha toscamente fabricada de pedra, e barro por uns eremitas, que fazendo vida solitária nela habitaram até o ano de 1754, em que de toda a desampararam.
Evora_SaoBentoDoMato.normalizada;*[1];PER\_NAM[1];1;sua Majestade;"#Text=São Bento do Mato, 1758, 29 de Maio\r#Text=Memória Paroquial de São Bento do Mato, Comarca de Évora\r#Text=[ANTT, Memórias Paroquiais, vol. 23, nº 92, p. 617 a 620]\r#Text=\r#Text=“/p. 617/\r#Text=Excelentíssimo e reverendíssimo Senhor \r#Text=Vossa excelência me manda responder a uns interrogatórios, cujas respostas lhe fez a saber sua Majestade, que Deus guarde, ser do seu real agrado a sabe-las; e obedecendo ao preceito, guardando a ordem dos títulos, e números, que neles se contém, respondo ao primeiro que consta de vinte e sete números à margem, cujo título é: \r#Text=O que se procura saber dessa terra, é o seguinte.\r#Text=1."
Evora_SaoBentoDoMato.normalizada;*[20];PER\_SAINT[20];24;Nossa Senhora do Monte do Carmo;#Text=Ao décimo terceiro e décimo quarto, que em um sitio inculto e montuoso, cercado de azinheiras, e sobreiras, cujos frutos são sustentação de animais separada, e distante das referidas igrejas e aldeias meio quarto de légua pouco mais, ou menos se descobriu no ano de 1756 uma imagem de Nossa Senhora do Monte do Carmo, pintada no pequeno nicho da parede interior de uma casinha toscamente fabricada de pedra, e barro por uns eremitas, que fazendo vida solitária nela habitaram até o ano de 1754, em que de toda a desampararam.
Evora_SaoBentoDoMato.normalizada;*[21];TIM\_CRON[21];25;até o ano de 1754;#Text=Ao décimo terceiro e décimo quarto, que em um sitio inculto e montuoso, cercado de azinheiras, e sobreiras, cujos frutos são sustentação de animais separada, e distante das referidas igrejas e aldeias meio quarto de légua pouco mais, ou menos se descobriu no ano de 1756 uma imagem de Nossa Senhora do Monte do Carmo, pintada no pequeno nicho da parede interior de uma casinha toscamente fabricada de pedra, e barro por uns eremitas, que fazendo vida solitária nela habitaram até o ano de 1754, em que de toda a desampararam.
Evora_SaoBentoDoMato.normalizada;*[22];PLC\_GPE[22];26;cidade de Elvas;#Text=Teve desta noticia o senhor da herdade em que estava sita a dita casinha, que é morador na cidade de Elvas, e se chama Martinho Lopes Lobo, Saldanha, moço fidalgo da casa de sua real Majestade, e capitão de granadeiros, as a disser no dito excelentíssimo e reverendíssimo senhor por sua petição, que ele queria dar a área necessária para se edificar a ermida e suprir de sua fazenda, aquilo, a que não chegassem as esmolas e oblatas, pedindo que lhe desse faculdade para por si, e outrem em seu nome receber, e despender, o que para a dita edificação fosse dado e oferecido, e juntamente a mercê de o fazer padroeiro da sobredita ermida.
Evora_SaoBentoDoMato.normalizada;*[23];PER\_NAM[23];27;Martinho Lopes Lobo , Saldanha , moço fidalgo da casa de sua real Majestade , e capitão de granadeiros ,;#Text=Teve desta noticia o senhor da herdade em que estava sita a dita casinha, que é morador na cidade de Elvas, e se chama Martinho Lopes Lobo, Saldanha, moço fidalgo da casa de sua real Majestade, e capitão de granadeiros, as a disser no dito excelentíssimo e reverendíssimo senhor por sua petição, que ele queria dar a área necessária para se edificar a ermida e suprir de sua fazenda, aquilo, a que não chegassem as esmolas e oblatas, pedindo que lhe desse faculdade para por si, e outrem em seu nome receber, e despender, o que para a dita edificação fosse dado e oferecido, e juntamente a mercê de o fazer padroeiro da sobredita ermida.
Evora_SaoBentoDoMato.normalizada;*[24];TIM\_CRON[24];28;no ano de 1757;#Text=Com este despacho entrou o dito senhor da herdade a cuidar da ermida, e se começarão, e findarão as paredes, e abóbada da mesma no ano de 1757, e de presente se continua na perfeição da mesma, não cessando o concurso das esmolas e gente, que publica ter recebido da Senhora muitos favores, que testificam com as oblatas de cera, que são em grande número, de cabeças, braços, pernas, etc.\r#Text=15.
Evora_SaoBentoDoMato.normalizada;*[25];PLC\_GPE[25];30;cidade de Évora;#Text=Ao décimo sexto, que está sujeita aos governos das justiças da cidade de Évora e da vila de Évora Monte, segundo a parte, que ao termo de cada uma pertence, porque nela não há juiz ordinário nem câmara.\r#Text=17.
Evora_SaoBentoDoMato.normalizada;*[26];PLC\_GPE[26];31;vila de Évora Monte;#Text=Ao décimo sexto, que está sujeita aos governos das justiças da cidade de Évora e da vila de Évora Monte, segundo a parte, que ao termo de cada uma pertence, porque nela não há juiz ordinário nem câmara.\r#Text=17.
Evora_SaoBentoDoMato.normalizada;*[27];PER\_NAM[27];32;padre provincial atual da Companhia de Jesus , o doutor João Henriques;#Text=Ao décimo oitavo, que só consta ter saído dela insigne em letras, e virtude o muito reverendíssimo padre provincial atual da Companhia de Jesus, o doutor João Henriques.\r#Text=19, 20, 21.
Evora_SaoBentoDoMato.normalizada;*[28];PLC\_GPE[28];33;cidade de Évora;#Text=Ao décimo nono, vigésimo e vigésimo primeiro que não tem feira alguma, nem correio, serve-se do da cidade de Évora, capital do arcebispado, de que dista de que dista três léguas e de Lisboa capital do reino dista vinte e uma léguas, dezoito por terra e três por mar.\r#Text=22, 23.
Evora_SaoBentoDoMato.normalizada;*[29];PLC\_AQU[29];36;ribeira de Fonte Boa;"#Text=Ao terceiro interrogatório, que consta de vinte números marginais, cujo título é:\r#Text=O que se procura saber do rio dessa terra é o seguinte: \r#Text=Respondo que nesta freguesia não há rio algum mas só duas ribeiras com o nome de ribeiras, chama-se uma a ribeira de Fonte Boa, na qual há uma ponte de pedra, e cal; chama-se a outra a ribeira de Pardielas."
Evora_SaoBentoDoMato.normalizada;*[2];PLC\_GPE[2];3;freguesia de São Bento do Mato;"#Text=Ao número primeiro respondo que esta freguesia de São Bento do Mato fica na província do Alentejo, no arcebispado de Évora; a maior parte dela é termo da dita Évora cidade e a menor, em que está a igreja, e termo de Évora Monte, de cuja matriz e filial segundo a parte, que é termo de Évora cidade desta mesma e comarca, segundo a parte, que é termo da vila de Évora Monte e comarca de Vila Viçosa.\r#Text=2."
Evora_SaoBentoDoMato.normalizada;*[30];PLC\_AQU[30];37;ribeira de Pardielas;"#Text=Ao terceiro interrogatório, que consta de vinte números marginais, cujo título é:\r#Text=O que se procura saber do rio dessa terra é o seguinte: \r#Text=Respondo que nesta freguesia não há rio algum mas só duas ribeiras com o nome de ribeiras, chama-se uma a ribeira de Fonte Boa, na qual há uma ponte de pedra, e cal; chama-se a outra a ribeira de Pardielas."
Evora_SaoBentoDoMato.normalizada;*[31];PLC\_AQU[31];38;ribeira de Fonte Boa;#Text=As margens da ribeira de Fonte Boa são cultivadas, e produzem trigo, melões, e melancias.
Evora_SaoBentoDoMato.normalizada;*[32];PLC\_AQU[32];39;ribeira de Pardielas;#Text=As margens da ribeira de Pardielas são incultas, e fragosas, e o que produzem são matos de azinho e sobro.
Evora_SaoBentoDoMato.normalizada;*[33];PLC\_GPE[33];40;São Bento do Mato;#Text=São Bento do Mato 29 de maio de 1758.
Evora_SaoBentoDoMato.normalizada;*[34];TIM\_CRON[34];40;29 de maio de 1758;#Text=São Bento do Mato 29 de maio de 1758.
Evora_SaoBentoDoMato.normalizada;*[35];PER\_NAM[35];41;Cura Brás Mendes Varregoso;#Text=De vossa excelência \r#Text=O mais humilde e obediente súbdito \r#Text=O Cura Brás Mendes Varregoso [assinatura autógrafa] //”\r#Text=\r#Text=Transcrição: Maria Ludovina Grilo \r#Text=\r#Text=GRILO, Maria Ludovina B. - O Concelho de Évora nas Memórias Paroquiais de 1758 (Conclusão).
Evora_SaoBentoDoMato.normalizada;*[3];PLC\_LOC[3];4;província do Alentejo;"#Text=Ao número primeiro respondo que esta freguesia de São Bento do Mato fica na província do Alentejo, no arcebispado de Évora; a maior parte dela é termo da dita Évora cidade e a menor, em que está a igreja, e termo de Évora Monte, de cuja matriz e filial segundo a parte, que é termo de Évora cidade desta mesma e comarca, segundo a parte, que é termo da vila de Évora Monte e comarca de Vila Viçosa.\r#Text=2."
Evora_SaoBentoDoMato.normalizada;*[4];PLC\_GPE[4];5;arcebispado de Évora;"#Text=Ao número primeiro respondo que esta freguesia de São Bento do Mato fica na província do Alentejo, no arcebispado de Évora; a maior parte dela é termo da dita Évora cidade e a menor, em que está a igreja, e termo de Évora Monte, de cuja matriz e filial segundo a parte, que é termo de Évora cidade desta mesma e comarca, segundo a parte, que é termo da vila de Évora Monte e comarca de Vila Viçosa.\r#Text=2."
Evora_SaoBentoDoMato.normalizada;*[5];PLC\_LOC[5];6;termo de Évora Monte;"#Text=Ao número primeiro respondo que esta freguesia de São Bento do Mato fica na província do Alentejo, no arcebispado de Évora; a maior parte dela é termo da dita Évora cidade e a menor, em que está a igreja, e termo de Évora Monte, de cuja matriz e filial segundo a parte, que é termo de Évora cidade desta mesma e comarca, segundo a parte, que é termo da vila de Évora Monte e comarca de Vila Viçosa.\r#Text=2."
Evora_SaoBentoDoMato.normalizada;*[6];PLC\_LOC[6];7;termo de Évora;"#Text=Ao número primeiro respondo que esta freguesia de São Bento do Mato fica na província do Alentejo, no arcebispado de Évora; a maior parte dela é termo da dita Évora cidade e a menor, em que está a igreja, e termo de Évora Monte, de cuja matriz e filial segundo a parte, que é termo de Évora cidade desta mesma e comarca, segundo a parte, que é termo da vila de Évora Monte e comarca de Vila Viçosa.\r#Text=2."
Evora_SaoBentoDoMato.normalizada;*[7];PLC\_LOC[7];8;termo da vila de Évora Monte;"#Text=Ao número primeiro respondo que esta freguesia de São Bento do Mato fica na província do Alentejo, no arcebispado de Évora; a maior parte dela é termo da dita Évora cidade e a menor, em que está a igreja, e termo de Évora Monte, de cuja matriz e filial segundo a parte, que é termo de Évora cidade desta mesma e comarca, segundo a parte, que é termo da vila de Évora Monte e comarca de Vila Viçosa.\r#Text=2."
Evora_SaoBentoDoMato.normalizada;*[8];PLC\_GPE[8];9;comarca de Vila Viçosa;"#Text=Ao número primeiro respondo que esta freguesia de São Bento do Mato fica na província do Alentejo, no arcebispado de Évora; a maior parte dela é termo da dita Évora cidade e a menor, em que está a igreja, e termo de Évora Monte, de cuja matriz e filial segundo a parte, que é termo de Évora cidade desta mesma e comarca, segundo a parte, que é termo da vila de Évora Monte e comarca de Vila Viçosa.\r#Text=2."
Evora_SaoBentoDoMato.normalizada;*[9];PLC\_LOC[9];10;Venda das Brosseiras;"#Text=Ao sexto, que tem duas aldeias; uma se chama Venda das Brosseiras em que há estalagem, e consta de dezoito vizinhos: outra se nomeia Foros da Azaruja, e consta de quarenta, // \r#Text=\r#Text=/p. 618/\r#Text=e oito vizinhos; de ambas está separada a igreja, que junto a si só tem quatro vizinhos, entrando neste número o cura e o sacristão.\r#Text=7."
