﻿file_name;entity;category_entity;entity_cardinal;ent_concat;text_concat
Evora_SaoMatias.normalizada;*;PER\_SAINT;20;Senhora;#Text=Ao 13 tem esta freguesia dentro nos seus limites certas ermidas, sendo a mais principal e a mais nobre de todas pela grandeza do seu artefacto, a igreja chamada de Nossa Senhora de Guadalupe, a qual se acha situada no mais plano de um pequeno monte, e junto das margens de uma grande ribeira, que se denomina com tantos nomes, quantos são os sítios por onde passa, ainda que sejam de pouca distância e porque corre junto desta paróquia de São Matias, se chama a ribeira de São Matias, e em chegando a igreja de Nossa Senhora de Guadalupe, mudando logo o nome, se intitula com o mesmo que o é da Senhora.
Evora_SaoMatias.normalizada;*;PLC\_GPE;21;Évora;"#Text=É esta ribeira no tempo somente do Inverno, bastantemente caudalosa, e nela tem sucedido muitas desgraças, porque atravessando-se na estrada direita que vai de Évora para Lisboa, não dá então passagem livre aos pobres caminhantes, porque não tem ponte nesta estrada. #Text=É esta ribeira no tempo somente do Inverno, bastantemente caudalosa, e nela tem sucedido muitas desgraças, porque atravessando-se na estrada direita que vai de Évora para Lisboa, não dá então passagem livre aos pobres caminhantes, porque não tem ponte nesta estrada. #Text=Em distintos tempos do ano se fazem a esta imagem várias festas; pelas oitavas do Espírito Santo, a solenizam os moradores da vila de Arraiolos, e cidadãos de Évora, e em setembro, mas sem dia determinado a festejam os vizinhos da sobredita ribeira. #Text=Ao 16° porque dentro dos limites desta freguesia não há lugar ou aldeia alguma, e fica esta uma só légua distante da cidade de Évora e só consta das herdades já referidas ao segundo interrogatório, com todos os seus moradores, apenas há nela juiz da vintena, e assim vive sujeita às justiças de Évora. #Text=Ao 21 fica esta freguesia, distante da cidade de Lisboa dezanove léguas, a de Évora capital do arcebispado, o que acima se diz."
Evora_SaoMatias.normalizada;*;PLC\_GPE;22;Lisboa;"#Text=É esta ribeira no tempo somente do Inverno, bastantemente caudalosa, e nela tem sucedido muitas desgraças, porque atravessando-se na estrada direita que vai de Évora para Lisboa, não dá então passagem livre aos pobres caminhantes, porque não tem ponte nesta estrada. #Text=É esta ribeira no tempo somente do Inverno, bastantemente caudalosa, e nela tem sucedido muitas desgraças, porque atravessando-se na estrada direita que vai de Évora para Lisboa, não dá então passagem livre aos pobres caminhantes, porque não tem ponte nesta estrada. #Text=Em distintos tempos do ano se fazem a esta imagem várias festas; pelas oitavas do Espírito Santo, a solenizam os moradores da vila de Arraiolos, e cidadãos de Évora, e em setembro, mas sem dia determinado a festejam os vizinhos da sobredita ribeira. #Text=Ao 16° porque dentro dos limites desta freguesia não há lugar ou aldeia alguma, e fica esta uma só légua distante da cidade de Évora e só consta das herdades já referidas ao segundo interrogatório, com todos os seus moradores, apenas há nela juiz da vintena, e assim vive sujeita às justiças de Évora. #Text=Ao 21 fica esta freguesia, distante da cidade de Lisboa dezanove léguas, a de Évora capital do arcebispado, o que acima se diz."
Evora_SaoMatias.normalizada;*;PLC\_GPE;29;Évora;"#Text=É esta ribeira no tempo somente do Inverno, bastantemente caudalosa, e nela tem sucedido muitas desgraças, porque atravessando-se na estrada direita que vai de Évora para Lisboa, não dá então passagem livre aos pobres caminhantes, porque não tem ponte nesta estrada. #Text=É esta ribeira no tempo somente do Inverno, bastantemente caudalosa, e nela tem sucedido muitas desgraças, porque atravessando-se na estrada direita que vai de Évora para Lisboa, não dá então passagem livre aos pobres caminhantes, porque não tem ponte nesta estrada. #Text=Em distintos tempos do ano se fazem a esta imagem várias festas; pelas oitavas do Espírito Santo, a solenizam os moradores da vila de Arraiolos, e cidadãos de Évora, e em setembro, mas sem dia determinado a festejam os vizinhos da sobredita ribeira. #Text=Ao 16° porque dentro dos limites desta freguesia não há lugar ou aldeia alguma, e fica esta uma só légua distante da cidade de Évora e só consta das herdades já referidas ao segundo interrogatório, com todos os seus moradores, apenas há nela juiz da vintena, e assim vive sujeita às justiças de Évora. #Text=Ao 21 fica esta freguesia, distante da cidade de Lisboa dezanove léguas, a de Évora capital do arcebispado, o que acima se diz."
Evora_SaoMatias.normalizada;*;PLC\_GPE;43;Évora;"#Text=É esta ribeira no tempo somente do Inverno, bastantemente caudalosa, e nela tem sucedido muitas desgraças, porque atravessando-se na estrada direita que vai de Évora para Lisboa, não dá então passagem livre aos pobres caminhantes, porque não tem ponte nesta estrada. #Text=É esta ribeira no tempo somente do Inverno, bastantemente caudalosa, e nela tem sucedido muitas desgraças, porque atravessando-se na estrada direita que vai de Évora para Lisboa, não dá então passagem livre aos pobres caminhantes, porque não tem ponte nesta estrada. #Text=Em distintos tempos do ano se fazem a esta imagem várias festas; pelas oitavas do Espírito Santo, a solenizam os moradores da vila de Arraiolos, e cidadãos de Évora, e em setembro, mas sem dia determinado a festejam os vizinhos da sobredita ribeira. #Text=Ao 16° porque dentro dos limites desta freguesia não há lugar ou aldeia alguma, e fica esta uma só légua distante da cidade de Évora e só consta das herdades já referidas ao segundo interrogatório, com todos os seus moradores, apenas há nela juiz da vintena, e assim vive sujeita às justiças de Évora. #Text=Ao 21 fica esta freguesia, distante da cidade de Lisboa dezanove léguas, a de Évora capital do arcebispado, o que acima se diz."
Evora_SaoMatias.normalizada;*;PLC\_GPE;46;Évora;"#Text=É esta ribeira no tempo somente do Inverno, bastantemente caudalosa, e nela tem sucedido muitas desgraças, porque atravessando-se na estrada direita que vai de Évora para Lisboa, não dá então passagem livre aos pobres caminhantes, porque não tem ponte nesta estrada. #Text=É esta ribeira no tempo somente do Inverno, bastantemente caudalosa, e nela tem sucedido muitas desgraças, porque atravessando-se na estrada direita que vai de Évora para Lisboa, não dá então passagem livre aos pobres caminhantes, porque não tem ponte nesta estrada. #Text=Em distintos tempos do ano se fazem a esta imagem várias festas; pelas oitavas do Espírito Santo, a solenizam os moradores da vila de Arraiolos, e cidadãos de Évora, e em setembro, mas sem dia determinado a festejam os vizinhos da sobredita ribeira. #Text=Ao 16° porque dentro dos limites desta freguesia não há lugar ou aldeia alguma, e fica esta uma só légua distante da cidade de Évora e só consta das herdades já referidas ao segundo interrogatório, com todos os seus moradores, apenas há nela juiz da vintena, e assim vive sujeita às justiças de Évora. #Text=Ao 21 fica esta freguesia, distante da cidade de Lisboa dezanove léguas, a de Évora capital do arcebispado, o que acima se diz."
Evora_SaoMatias.normalizada;*;PER\_NAM;50;Giraldo;#Text=Ao 25 há no distrito desta freguesia, ou para melhor dizer nos confins da mesma, um castelo antíguo, em o sítio chamado Monte Muro, junto da herdade chamada// \r#Text=\r#Text=/p. 582/\r#Text=a Provença, o qual castelo se denomina o castelo de Giraldo, e está posto em o cume de um elevado monte, porém no tempo presente apenas se divisa nele, o que antiguamente foi: não se descreve aqui, quem foi este Giraldo, e o princípio daquele castelo, porque sendo comum a todos os cidadãos de Évora a notícia do mesmo, pareceu supérfluo introduzir nesta breve resposta, o progresso da sua vida, fama, e obras, as quais se creem largamente narradas na resposta que por parte da mesma cidade se expedir, e assim parece desnecessária a repetição do que na mesma é infalível se dirá.
Evora_SaoMatias.normalizada;*[10];PER\_SAINT[10];10;apóstolo São Matias;#Text=Ao 7° é o orago desta paróquia, o apóstolo São Matias, e tem esta três altares: o altar maior é da santa digo é deste santo, e um dos colaterais é da Senhora do Rosário, e o outro do senhor Santo António.
Evora_SaoMatias.normalizada;*[11];PER\_SAINT[11];11;Senhora do Rosário;#Text=Ao 7° é o orago desta paróquia, o apóstolo São Matias, e tem esta três altares: o altar maior é da santa digo é deste santo, e um dos colaterais é da Senhora do Rosário, e o outro do senhor Santo António.
Evora_SaoMatias.normalizada;*[12];PER\_SAINT[12];12;Santo António;#Text=Ao 7° é o orago desta paróquia, o apóstolo São Matias, e tem esta três altares: o altar maior é da santa digo é deste santo, e um dos colaterais é da Senhora do Rosário, e o outro do senhor Santo António.
Evora_SaoMatias.normalizada;*[13];ORG[13];13;Nossa Senhora do Rosário;#Text=Não tem naves esta igreja, por pequena, estreita e pobre, tem somente uma irmandade e esta é //\r#Text=\r#Text=/p. 577/\r#Text=de Nossa Senhora do Rosário.
Evora_SaoMatias.normalizada;*[14];PER\_OCC[14];14;arcebispo de Évora;"#Text=Ao 8° é o Sacerdote, que de presente governa no espiritual os fregueses desta paróquia, pároco encomendado pelo excelentíssimo senhor arcebispo de Évora, do qual é também sua data, e apresentação amovível, e sem colação, assim como outras que há deste género nos campos deste arcebispado que lhe pertencem: não consistem suas rendas em dízimos, porque estes se pagam a quem por direito pertencem, e conforme sua instituição, e somente para sua côngrua lhe dão os fregueses, certa porção de trigo de suas herdades digo de suas herdades; e assim acha-se estar dotada, em três moios, e quarenta e cinco alqueires de trigo, e um moio a quinze alqueires de cevada."
Evora_SaoMatias.normalizada;*[15];ORG[15];15;convento de religiosos eremitas de São Paulo;#Text=Ao 10° tem esta freguesia no seu distrito um convento de religiosos eremitas de São Paulo, pobre, dizemos religiosos que não tem padroeiro e que só fora concedida a terra em que se acha edificado por certo homem pio, por esmola, e para sua fundação, e que se movera a fazer esta doação, por ver a pobreza e aperto com que viviam aqueles eremitas primeiros fundadores deste convento, os quais antes da sua fundação existiam em uma pequena casa fabricada na costa de um outeiro, que fica pouco// \r#Text=\r#Text=/p. 578/\r#Text=distante deste mesmo convento.
Evora_SaoMatias.normalizada;*[16];PLC\_FAC[16];16;igreja chamada de Nossa Senhora de Guadalupe;#Text=Ao 13 tem esta freguesia dentro nos seus limites certas ermidas, sendo a mais principal e a mais nobre de todas pela grandeza do seu artefacto, a igreja chamada de Nossa Senhora de Guadalupe, a qual se acha situada no mais plano de um pequeno monte, e junto das margens de uma grande ribeira, que se denomina com tantos nomes, quantos são os sítios por onde passa, ainda que sejam de pouca distância e porque corre junto desta paróquia de São Matias, se chama a ribeira de São Matias, e em chegando a igreja de Nossa Senhora de Guadalupe, mudando logo o nome, se intitula com o mesmo que o é da Senhora.
Evora_SaoMatias.normalizada;*[17];PLC\_GPE[17];17;paróquia de São Matias;#Text=Ao 13 tem esta freguesia dentro nos seus limites certas ermidas, sendo a mais principal e a mais nobre de todas pela grandeza do seu artefacto, a igreja chamada de Nossa Senhora de Guadalupe, a qual se acha situada no mais plano de um pequeno monte, e junto das margens de uma grande ribeira, que se denomina com tantos nomes, quantos são os sítios por onde passa, ainda que sejam de pouca distância e porque corre junto desta paróquia de São Matias, se chama a ribeira de São Matias, e em chegando a igreja de Nossa Senhora de Guadalupe, mudando logo o nome, se intitula com o mesmo que o é da Senhora.
Evora_SaoMatias.normalizada;*[18];PLC\_AQU[18];18;ribeira de São Matias;#Text=Ao 13 tem esta freguesia dentro nos seus limites certas ermidas, sendo a mais principal e a mais nobre de todas pela grandeza do seu artefacto, a igreja chamada de Nossa Senhora de Guadalupe, a qual se acha situada no mais plano de um pequeno monte, e junto das margens de uma grande ribeira, que se denomina com tantos nomes, quantos são os sítios por onde passa, ainda que sejam de pouca distância e porque corre junto desta paróquia de São Matias, se chama a ribeira de São Matias, e em chegando a igreja de Nossa Senhora de Guadalupe, mudando logo o nome, se intitula com o mesmo que o é da Senhora.
Evora_SaoMatias.normalizada;*[19];PLC\_FAC[19];19;igreja de Nossa Senhora de Guadalupe;#Text=Ao 13 tem esta freguesia dentro nos seus limites certas ermidas, sendo a mais principal e a mais nobre de todas pela grandeza do seu artefacto, a igreja chamada de Nossa Senhora de Guadalupe, a qual se acha situada no mais plano de um pequeno monte, e junto das margens de uma grande ribeira, que se denomina com tantos nomes, quantos são os sítios por onde passa, ainda que sejam de pouca distância e porque corre junto desta paróquia de São Matias, se chama a ribeira de São Matias, e em chegando a igreja de Nossa Senhora de Guadalupe, mudando logo o nome, se intitula com o mesmo que o é da Senhora.
Evora_SaoMatias.normalizada;*[1];PER\_NAM[1];1;sua Majestade fidelíssima;#Text=São Matias, 1758, 4 de Junho\r#Text=Memória Paroquial de São Matias, Comarca de Évora \r#Text=[ANTT, Memórias Paroquiais, vol. 23, nº 86, p. 575 a 584]\r#Text=\r#Text=“/p. 575/\r#Text=Respostas aos interrogatórios que por ordem de sua Majestade fidelíssima foram enviados a vossa excelência reverendíssima, a qual é pelo que pertence a freguesia de São Matias, termo da cidade de Évora, uma légua distante da mesma.
Evora_SaoMatias.normalizada;*[20];PLC\_GPE[20];23;cidade de Évora;#Text=A terra em que está situada a igreja desta Sagrada imagem de// \r#Text=\r#Text=/p. 579/\r#Text=que aqui se tem tratado, pertence a câmara da cidade de Évora.
Evora_SaoMatias.normalizada;*[21];PLC\_GPE[21];24;cidade de Évora;#Text=É esta imagem sagrada, muito célebre pelos inumeráveis prodígios, que dizem tem obrado, e entre estes, não é o menor haver livrado a cidade de Évora, e suas vizinhanças, do contagioso mal da peste, ao mesmo tempo, que também ardia com ele a cidade de Lisboa, que dizem ser livre dela por intercessão da mesma Senhora, com o título de Penha de França.
Evora_SaoMatias.normalizada;*[22];PLC\_GPE[22];25;cidade de Lisboa;#Text=É esta imagem sagrada, muito célebre pelos inumeráveis prodígios, que dizem tem obrado, e entre estes, não é o menor haver livrado a cidade de Évora, e suas vizinhanças, do contagioso mal da peste, ao mesmo tempo, que também ardia com ele a cidade de Lisboa, que dizem ser livre dela por intercessão da mesma Senhora, com o título de Penha de França.
Evora_SaoMatias.normalizada;*[23];PER\_SAINT[23];26;Senhora , com o título de Penha de França;#Text=É esta imagem sagrada, muito célebre pelos inumeráveis prodígios, que dizem tem obrado, e entre estes, não é o menor haver livrado a cidade de Évora, e suas vizinhanças, do contagioso mal da peste, ao mesmo tempo, que também ardia com ele a cidade de Lisboa, que dizem ser livre dela por intercessão da mesma Senhora, com o título de Penha de França.
Evora_SaoMatias.normalizada;*[24];TIM\_CRON[24];27;oitavas do Espírito Santo;"#Text=Em distintos tempos do ano se fazem a esta imagem várias festas; pelas oitavas do Espírito Santo, a solenizam os moradores da vila de Arraiolos, e cidadãos de Évora, e em setembro, mas sem dia determinado a festejam os vizinhos da sobredita ribeira."
Evora_SaoMatias.normalizada;*[25];PLC\_GPE[25];28;vila de Arraiolos;"#Text=Em distintos tempos do ano se fazem a esta imagem várias festas; pelas oitavas do Espírito Santo, a solenizam os moradores da vila de Arraiolos, e cidadãos de Évora, e em setembro, mas sem dia determinado a festejam os vizinhos da sobredita ribeira."
Evora_SaoMatias.normalizada;*[26];PLC\_FAC[26];30;da Senhora de Monte Serrate;#Text=A segunda ermida que há dentro desta freguesia, é a da Senhora de Monte Serrate, a qual se acha junto de uma quintinha, e em terra que possuem os religiosos eremitas de São Paulo.
Evora_SaoMatias.normalizada;*[27];PER\_PGRP[27];31;religiosos eremitas de São Paulo;#Text=A segunda ermida que há dentro desta freguesia, é a da Senhora de Monte Serrate, a qual se acha junto de uma quintinha, e em terra que possuem os religiosos eremitas de São Paulo.
Evora_SaoMatias.normalizada;*[28];PLC\_FAC[28];32;Nossa Senhora da Conceição;#Text=A terceira ermida é a de Nossa Senhora da Conceição sita na quinta chamada do Chichorro, de que é senhor, um morgado da cidade de Évora chamado Manuel Lobo Cordovil.
Evora_SaoMatias.normalizada;*[29];PLC\_LOC[29];33;quinta chamada do Chichorro;#Text=A terceira ermida é a de Nossa Senhora da Conceição sita na quinta chamada do Chichorro, de que é senhor, um morgado da cidade de Évora chamado Manuel Lobo Cordovil.
Evora_SaoMatias.normalizada;*[2];PLC\_GPE[2];2;freguesia de São Matias;#Text=São Matias, 1758, 4 de Junho\r#Text=Memória Paroquial de São Matias, Comarca de Évora \r#Text=[ANTT, Memórias Paroquiais, vol. 23, nº 86, p. 575 a 584]\r#Text=\r#Text=“/p. 575/\r#Text=Respostas aos interrogatórios que por ordem de sua Majestade fidelíssima foram enviados a vossa excelência reverendíssima, a qual é pelo que pertence a freguesia de São Matias, termo da cidade de Évora, uma légua distante da mesma.
Evora_SaoMatias.normalizada;*[30];PER\_NAM[30];34;morgado da cidade de Évora chamado Manuel Lobo Cordovil;#Text=A terceira ermida é a de Nossa Senhora da Conceição sita na quinta chamada do Chichorro, de que é senhor, um morgado da cidade de Évora chamado Manuel Lobo Cordovil.
Evora_SaoMatias.normalizada;*[31];PLC\_FAC[31];35;Nossa Senhora do Rosário;#Text=A quarta, //\r#Text=\r#Text=/p. 580/ \r#Text=ermida, ou capela, é a de Nossa Senhora do Rosário sita em uma herdade chamada a Fiúza, de que é senhor o reverendo deão da Sé de Évora.
Evora_SaoMatias.normalizada;*[32];PLC\_LOC[32];36;herdade chamada a Fiúza;#Text=A quarta, //\r#Text=\r#Text=/p. 580/ \r#Text=ermida, ou capela, é a de Nossa Senhora do Rosário sita em uma herdade chamada a Fiúza, de que é senhor o reverendo deão da Sé de Évora.
Evora_SaoMatias.normalizada;*[33];PER\_OCC[33];37;deão da Sé de Évora;#Text=A quarta, //\r#Text=\r#Text=/p. 580/ \r#Text=ermida, ou capela, é a de Nossa Senhora do Rosário sita em uma herdade chamada a Fiúza, de que é senhor o reverendo deão da Sé de Évora.
Evora_SaoMatias.normalizada;*[34];PLC\_FAC[34];38;Nossa Senhora da Conceição;#Text=A quinta ermida é, a de Nossa Senhora da Conceição sita no Páteo do Azinhal, em uma quintinha de Dom António José de Melo, e a esta imagem se lhe faz a sua festa no dia oitavo de setembro.
Evora_SaoMatias.normalizada;*[35];PLC\_LOC[35];39;Páteo do Azinhal;#Text=A quinta ermida é, a de Nossa Senhora da Conceição sita no Páteo do Azinhal, em uma quintinha de Dom António José de Melo, e a esta imagem se lhe faz a sua festa no dia oitavo de setembro.
Evora_SaoMatias.normalizada;*[36];PER\_NAM[36];40;Dom António José de Melo;#Text=A quinta ermida é, a de Nossa Senhora da Conceição sita no Páteo do Azinhal, em uma quintinha de Dom António José de Melo, e a esta imagem se lhe faz a sua festa no dia oitavo de setembro.
Evora_SaoMatias.normalizada;*[37];TIM\_CRON[37];41;dia oitavo de setembro;#Text=A quinta ermida é, a de Nossa Senhora da Conceição sita no Páteo do Azinhal, em uma quintinha de Dom António José de Melo, e a esta imagem se lhe faz a sua festa no dia oitavo de setembro.
Evora_SaoMatias.normalizada;*[38];PLC\_GPE[38];42;cidade de Évora;#Text=Ao 16° porque dentro dos limites desta freguesia não há lugar ou aldeia alguma, e fica esta uma só légua distante da cidade de Évora e só consta das herdades já referidas ao segundo interrogatório, com todos os seus moradores, apenas há nela juiz da vintena, e assim vive sujeita às justiças de Évora.
Evora_SaoMatias.normalizada;*[39];PLC\_GPE[39];44;cidade de Évora;#Text=Ao 19 e 20 não há que responder, porque o que se pergunta, só o há na cidade de Évora, da qual corno está dito dista esta paroquia uma légua.
Evora_SaoMatias.normalizada;*[3];PLC\_LOC[3];3;termo da cidade de Évora;#Text=São Matias, 1758, 4 de Junho\r#Text=Memória Paroquial de São Matias, Comarca de Évora \r#Text=[ANTT, Memórias Paroquiais, vol. 23, nº 86, p. 575 a 584]\r#Text=\r#Text=“/p. 575/\r#Text=Respostas aos interrogatórios que por ordem de sua Majestade fidelíssima foram enviados a vossa excelência reverendíssima, a qual é pelo que pertence a freguesia de São Matias, termo da cidade de Évora, uma légua distante da mesma.
Evora_SaoMatias.normalizada;*[40];PLC\_GPE[40];45;cidade de Lisboa;#Text=Ao 21 fica esta freguesia, distante da cidade de Lisboa dezanove léguas, a de Évora capital do arcebispado, o que acima se diz.
Evora_SaoMatias.normalizada;*[41];PLC\_LOC[41];47;sítio chamado Monte Muro;#Text=Ao 25 há no distrito desta freguesia, ou para melhor dizer nos confins da mesma, um castelo antíguo, em o sítio chamado Monte Muro, junto da herdade chamada// \r#Text=\r#Text=/p. 582/\r#Text=a Provença, o qual castelo se denomina o castelo de Giraldo, e está posto em o cume de um elevado monte, porém no tempo presente apenas se divisa nele, o que antiguamente foi: não se descreve aqui, quem foi este Giraldo, e o princípio daquele castelo, porque sendo comum a todos os cidadãos de Évora a notícia do mesmo, pareceu supérfluo introduzir nesta breve resposta, o progresso da sua vida, fama, e obras, as quais se creem largamente narradas na resposta que por parte da mesma cidade se expedir, e assim parece desnecessária a repetição do que na mesma é infalível se dirá.
Evora_SaoMatias.normalizada;*[42];PLC\_LOC[42];48;herdade chamada / / / p . 582 / a Provença;#Text=Ao 25 há no distrito desta freguesia, ou para melhor dizer nos confins da mesma, um castelo antíguo, em o sítio chamado Monte Muro, junto da herdade chamada// \r#Text=\r#Text=/p. 582/\r#Text=a Provença, o qual castelo se denomina o castelo de Giraldo, e está posto em o cume de um elevado monte, porém no tempo presente apenas se divisa nele, o que antiguamente foi: não se descreve aqui, quem foi este Giraldo, e o princípio daquele castelo, porque sendo comum a todos os cidadãos de Évora a notícia do mesmo, pareceu supérfluo introduzir nesta breve resposta, o progresso da sua vida, fama, e obras, as quais se creem largamente narradas na resposta que por parte da mesma cidade se expedir, e assim parece desnecessária a repetição do que na mesma é infalível se dirá.
Evora_SaoMatias.normalizada;*[43];PLC\_FAC[43];49;castelo de Giraldo;#Text=Ao 25 há no distrito desta freguesia, ou para melhor dizer nos confins da mesma, um castelo antíguo, em o sítio chamado Monte Muro, junto da herdade chamada// \r#Text=\r#Text=/p. 582/\r#Text=a Provença, o qual castelo se denomina o castelo de Giraldo, e está posto em o cume de um elevado monte, porém no tempo presente apenas se divisa nele, o que antiguamente foi: não se descreve aqui, quem foi este Giraldo, e o princípio daquele castelo, porque sendo comum a todos os cidadãos de Évora a notícia do mesmo, pareceu supérfluo introduzir nesta breve resposta, o progresso da sua vida, fama, e obras, as quais se creem largamente narradas na resposta que por parte da mesma cidade se expedir, e assim parece desnecessária a repetição do que na mesma é infalível se dirá.
Evora_SaoMatias.normalizada;*[44];PLC\_GPE[44];51;freguesia de São Matias;#Text=Não se achou mais que responder, pelo que toca a esta freguesia de São Matias, termo da cidade de Évora, da qual, e pelo que pertence a mesma emana a presente resposta, que vai feita, e assinada por mim pároco encomendado desta mesma freguesia de São Matias termo da já referida cidade de Évora, aos quatro dias do mês de junho, de mil, e sete centos e cinquenta e oito.
Evora_SaoMatias.normalizada;*[45];PLC\_LOC[45];52;termo da cidade de Évora;#Text=Não se achou mais que responder, pelo que toca a esta freguesia de São Matias, termo da cidade de Évora, da qual, e pelo que pertence a mesma emana a presente resposta, que vai feita, e assinada por mim pároco encomendado desta mesma freguesia de São Matias termo da já referida cidade de Évora, aos quatro dias do mês de junho, de mil, e sete centos e cinquenta e oito.
Evora_SaoMatias.normalizada;*[46];PLC\_GPE[46];53;freguesia de São Matias;#Text=Não se achou mais que responder, pelo que toca a esta freguesia de São Matias, termo da cidade de Évora, da qual, e pelo que pertence a mesma emana a presente resposta, que vai feita, e assinada por mim pároco encomendado desta mesma freguesia de São Matias termo da já referida cidade de Évora, aos quatro dias do mês de junho, de mil, e sete centos e cinquenta e oito.
Evora_SaoMatias.normalizada;*[47];PLC\_GPE[47];54;cidade de Évora;#Text=Não se achou mais que responder, pelo que toca a esta freguesia de São Matias, termo da cidade de Évora, da qual, e pelo que pertence a mesma emana a presente resposta, que vai feita, e assinada por mim pároco encomendado desta mesma freguesia de São Matias termo da já referida cidade de Évora, aos quatro dias do mês de junho, de mil, e sete centos e cinquenta e oito.
Evora_SaoMatias.normalizada;*[48];PER\_NAM[48];55;encomendado José Gomes de Figueiredo;#Text=O encomendado José Gomes de Figueiredo [assinatura autógrafa]\r#Text=Declarei / se é necessária //\r#Text=\r#Text=/p. 583/\r#Text=maior declaração / que eu pároco encomendado, respondi aos presentes interrogatórios nesta mesma freguesia de São Matias, donde atualmente assisto, e por verdade me assinei, no mesmo dia, mês e ano supra.
Evora_SaoMatias.normalizada;*[49];PLC\_GPE[49];56;freguesia de São Matias;#Text=O encomendado José Gomes de Figueiredo [assinatura autógrafa]\r#Text=Declarei / se é necessária //\r#Text=\r#Text=/p. 583/\r#Text=maior declaração / que eu pároco encomendado, respondi aos presentes interrogatórios nesta mesma freguesia de São Matias, donde atualmente assisto, e por verdade me assinei, no mesmo dia, mês e ano supra.
Evora_SaoMatias.normalizada;*[4];PLC\_GPE[4];4;freguesia de São Matias;#Text=Ao 1° interrogatório \r#Text=Fica esta freguesia de São Matias, na província do Alentejo, e pertence ao arcebispado de Évora, e todo o território desta freguesia é e está dentro do termo da sobredita cidade, da qual só dista uma légua.
Evora_SaoMatias.normalizada;*[50];PER\_NAM[50];57;encomendado José Gomes de Figueiredo;#Text=O Pároco encomendado José Gomes de Figueiredo [assinatura autógrafa]//\r#Text=\r#Text=/p. 584/\r#Text=[Em branco]//”\r#Text= \r#Text=Transcrição: Maria Ludovina Grilo \r#Text=\r#Text=GRILO, Maria Ludovina B. - O Concelho de Évora nas Memórias Paroquiais de 1758 (Conclusão).
Evora_SaoMatias.normalizada;*[5];PLC\_LOC[5];5;província do Alentejo;#Text=Ao 1° interrogatório \r#Text=Fica esta freguesia de São Matias, na província do Alentejo, e pertence ao arcebispado de Évora, e todo o território desta freguesia é e está dentro do termo da sobredita cidade, da qual só dista uma légua.
Evora_SaoMatias.normalizada;*[6];PLC\_GPE[6];6;arcebispado de Évora;#Text=Ao 1° interrogatório \r#Text=Fica esta freguesia de São Matias, na província do Alentejo, e pertence ao arcebispado de Évora, e todo o território desta freguesia é e está dentro do termo da sobredita cidade, da qual só dista uma légua.
Evora_SaoMatias.normalizada;*[7];PLC\_GPE[7];7;cidade de Évora;#Text=Ao 2° é o território desta freguesia da jurisdição real, assim, e da mesma sorte que a cidade de Évora, da qual é termo, e compõe-se de vinte, e duas herdades, sendo que algumas delas, são por extremo pequenas, e são de certos, e particulares senhores. //\r#Text=\r#Text=/p. 576/\r#Text=Ao 3° tem ao presente salvo erro, cento, e cinquenta vizinhos, ou pessoas que separadamente vivem nas casas das herdades, que se acham no seu território, entrando nesta conta homens casados e solteiros, os quais unidos com suas famílias, e filhos fazem a conta de quinhentas pessoas.
Evora_SaoMatias.normalizada;*[8];PLC\_GPE[8];8;freguesia de São Matias;#Text=Ao 6° está esta freguesia de São Matias fora da cidade de Évora, e uma légua distante da mesma, porém dentro do seu termo como já está dito.
Evora_SaoMatias.normalizada;*[9];PLC\_GPE[9];9;cidade de Évora;#Text=Ao 6° está esta freguesia de São Matias fora da cidade de Évora, e uma légua distante da mesma, porém dentro do seu termo como já está dito.
