﻿file_name;entity;category_entity;entity_cardinal;ent_concat;text_concat
Evora_VilaNovaDeAlvito.normalizada;*;PER\_AUT;3;Lima;"#Text=Vila Nova de Alvito, 1758\r#Text=Memória Paroquial de Vila Nova de Alvito, Comarca de Évora\r#Text=[ANTT, Memórias paroquiais, vol. 43, nº 496, p. 537]\r#Text=\r#Text=“/p. 537/\r#Text=N. 496 Vila Nova de Alvito\r#Text=Vila Nova de Alvito é vila da comarca de Évora; o distrito, segundo Lima; de outra vila da mesma comarca, chamada Alvito: com câmara, e juízes para governo de 290 fogos com 918 almas na matriz dedicada à Senhora da Assunção //”\r#Text=\r#Text=Transcrição: Ofélia Sequeira"
Evora_VilaNovaDeAlvito.normalizada;*;PLC\_GPE;4;Alvito;"#Text=Vila Nova de Alvito, 1758\r#Text=Memória Paroquial de Vila Nova de Alvito, Comarca de Évora\r#Text=[ANTT, Memórias paroquiais, vol. 43, nº 496, p. 537]\r#Text=\r#Text=“/p. 537/\r#Text=N. 496 Vila Nova de Alvito\r#Text=Vila Nova de Alvito é vila da comarca de Évora; o distrito, segundo Lima; de outra vila da mesma comarca, chamada Alvito: com câmara, e juízes para governo de 290 fogos com 918 almas na matriz dedicada à Senhora da Assunção //”\r#Text=\r#Text=Transcrição: Ofélia Sequeira"
Evora_VilaNovaDeAlvito.normalizada;*[1];PLC\_GPE[1];1;Vila Nova de Alvito;"#Text=Vila Nova de Alvito, 1758\r#Text=Memória Paroquial de Vila Nova de Alvito, Comarca de Évora\r#Text=[ANTT, Memórias paroquiais, vol. 43, nº 496, p. 537]\r#Text=\r#Text=“/p. 537/\r#Text=N. 496 Vila Nova de Alvito\r#Text=Vila Nova de Alvito é vila da comarca de Évora; o distrito, segundo Lima; de outra vila da mesma comarca, chamada Alvito: com câmara, e juízes para governo de 290 fogos com 918 almas na matriz dedicada à Senhora da Assunção //”\r#Text=\r#Text=Transcrição: Ofélia Sequeira"
Evora_VilaNovaDeAlvito.normalizada;*[2];PLC\_GPE[2];1;Vila Nova de Alvito;"#Text=Vila Nova de Alvito, 1758\r#Text=Memória Paroquial de Vila Nova de Alvito, Comarca de Évora\r#Text=[ANTT, Memórias paroquiais, vol. 43, nº 496, p. 537]\r#Text=\r#Text=“/p. 537/\r#Text=N. 496 Vila Nova de Alvito\r#Text=Vila Nova de Alvito é vila da comarca de Évora; o distrito, segundo Lima; de outra vila da mesma comarca, chamada Alvito: com câmara, e juízes para governo de 290 fogos com 918 almas na matriz dedicada à Senhora da Assunção //”\r#Text=\r#Text=Transcrição: Ofélia Sequeira"
Evora_VilaNovaDeAlvito.normalizada;*[3];PLC\_GPE[3];2;comarca de Évora;"#Text=Vila Nova de Alvito, 1758\r#Text=Memória Paroquial de Vila Nova de Alvito, Comarca de Évora\r#Text=[ANTT, Memórias paroquiais, vol. 43, nº 496, p. 537]\r#Text=\r#Text=“/p. 537/\r#Text=N. 496 Vila Nova de Alvito\r#Text=Vila Nova de Alvito é vila da comarca de Évora; o distrito, segundo Lima; de outra vila da mesma comarca, chamada Alvito: com câmara, e juízes para governo de 290 fogos com 918 almas na matriz dedicada à Senhora da Assunção //”\r#Text=\r#Text=Transcrição: Ofélia Sequeira"
Evora_VilaNovaDeAlvito.normalizada;*[4];PER\_SAINT[4];5;Senhora da Assunção;"#Text=Vila Nova de Alvito, 1758\r#Text=Memória Paroquial de Vila Nova de Alvito, Comarca de Évora\r#Text=[ANTT, Memórias paroquiais, vol. 43, nº 496, p. 537]\r#Text=\r#Text=“/p. 537/\r#Text=N. 496 Vila Nova de Alvito\r#Text=Vila Nova de Alvito é vila da comarca de Évora; o distrito, segundo Lima; de outra vila da mesma comarca, chamada Alvito: com câmara, e juízes para governo de 290 fogos com 918 almas na matriz dedicada à Senhora da Assunção //”\r#Text=\r#Text=Transcrição: Ofélia Sequeira"
