﻿file_name;entity;category_entity;entity_cardinal;ent_concat;text_concat
Evora_SaoJordao.normalizada;*;PER\_DIV;2;Deus;#Text=(J) 18, nº 33, p. 237 a 240]\r#Text=\r#Text=“/p. 237/\r#Text=Excelentíssimo e reverendíssimo senhor\r#Text=Porque desejo muito satisfazer aos reverentes preceitos de vossa excelência reverendíssima e juntamente às justíssimas determinações de sua Majestade fidelíssima mosso felicíssimo monarca, que Deus guarde. #Text=Ao 2 respondo, que esta terra é de el Rei nosso senhor que Deus guarde.
Evora_SaoJordao.normalizada;*;PER\_DIV;6;Deus;#Text=(J) 18, nº 33, p. 237 a 240]\r#Text=\r#Text=“/p. 237/\r#Text=Excelentíssimo e reverendíssimo senhor\r#Text=Porque desejo muito satisfazer aos reverentes preceitos de vossa excelência reverendíssima e juntamente às justíssimas determinações de sua Majestade fidelíssima mosso felicíssimo monarca, que Deus guarde. #Text=Ao 2 respondo, que esta terra é de el Rei nosso senhor que Deus guarde.
Evora_SaoJordao.normalizada;*;TIM\_CRON;28;1755;#Text=Ao 26 respondo, que o pequeno destroço, ou ruína que causou o terramoto de 1755 nesta freguesia de São Jordão, está quase reparada.
Evora_SaoJordao.normalizada;*;PLC\_AQU;46;Zambuja;"#Text=Ao 3 respondo, que não entram nela outros rios mais do que a outra ribeira chamada à Pescena na freguesia de Monte de Trigo neste mesmo termo de Évora em distância de duas léguas desta freguesia de São Jordão; também nesta freguesia, e na de São Manços próxima a esta em distância de uma légua, entram na tal Zambuja alguns pequenos rios de nenhum nome. #Text=Ao 10 respondo, que as margens desta Zambuja são terras limpas de árvores e de silvestres, principalmente nesta freguesia de São Jordão, são muito capazes de cultura as suas margens, porém muitas se não cultivam pela razão dita no interrogatório 15 das terras. #Text=Ao 13 respondo, que esta Zambuja morre no Degebe, que é rio maior na freguesia de Monte de Trigo em distância de duas léguas e meia desta freguesia de São Jordão. #Text=Ao 13 respondo, que esta Zambuja morre no Degebe, que é rio maior na freguesia de Monte de Trigo em distância de duas léguas e meia desta freguesia de São Jordão. #Text=Ao 19 respondo que à tal Zambuja terá quatro léguas de distância, desde o princípio até ao fim; passa pelas aldeias de São Manços e Monte de Trigo em pouca distância."
Evora_SaoJordao.normalizada;*;PLC\_AQU;47;Zambuja;"#Text=Ao 3 respondo, que não entram nela outros rios mais do que a outra ribeira chamada à Pescena na freguesia de Monte de Trigo neste mesmo termo de Évora em distância de duas léguas desta freguesia de São Jordão; também nesta freguesia, e na de São Manços próxima a esta em distância de uma légua, entram na tal Zambuja alguns pequenos rios de nenhum nome. #Text=Ao 10 respondo, que as margens desta Zambuja são terras limpas de árvores e de silvestres, principalmente nesta freguesia de São Jordão, são muito capazes de cultura as suas margens, porém muitas se não cultivam pela razão dita no interrogatório 15 das terras. #Text=Ao 13 respondo, que esta Zambuja morre no Degebe, que é rio maior na freguesia de Monte de Trigo em distância de duas léguas e meia desta freguesia de São Jordão. #Text=Ao 13 respondo, que esta Zambuja morre no Degebe, que é rio maior na freguesia de Monte de Trigo em distância de duas léguas e meia desta freguesia de São Jordão. #Text=Ao 19 respondo que à tal Zambuja terá quatro léguas de distância, desde o princípio até ao fim; passa pelas aldeias de São Manços e Monte de Trigo em pouca distância."
Evora_SaoJordao.normalizada;*;PLC\_AQU;49;Zambuja;"#Text=Ao 3 respondo, que não entram nela outros rios mais do que a outra ribeira chamada à Pescena na freguesia de Monte de Trigo neste mesmo termo de Évora em distância de duas léguas desta freguesia de São Jordão; também nesta freguesia, e na de São Manços próxima a esta em distância de uma légua, entram na tal Zambuja alguns pequenos rios de nenhum nome. #Text=Ao 10 respondo, que as margens desta Zambuja são terras limpas de árvores e de silvestres, principalmente nesta freguesia de São Jordão, são muito capazes de cultura as suas margens, porém muitas se não cultivam pela razão dita no interrogatório 15 das terras. #Text=Ao 13 respondo, que esta Zambuja morre no Degebe, que é rio maior na freguesia de Monte de Trigo em distância de duas léguas e meia desta freguesia de São Jordão. #Text=Ao 13 respondo, que esta Zambuja morre no Degebe, que é rio maior na freguesia de Monte de Trigo em distância de duas léguas e meia desta freguesia de São Jordão. #Text=Ao 19 respondo que à tal Zambuja terá quatro léguas de distância, desde o princípio até ao fim; passa pelas aldeias de São Manços e Monte de Trigo em pouca distância."
Evora_SaoJordao.normalizada;*;PLC\_AQU;50;Degebe;"#Text=Ao 3 respondo, que não entram nela outros rios mais do que a outra ribeira chamada à Pescena na freguesia de Monte de Trigo neste mesmo termo de Évora em distância de duas léguas desta freguesia de São Jordão; também nesta freguesia, e na de São Manços próxima a esta em distância de uma légua, entram na tal Zambuja alguns pequenos rios de nenhum nome. #Text=Ao 10 respondo, que as margens desta Zambuja são terras limpas de árvores e de silvestres, principalmente nesta freguesia de São Jordão, são muito capazes de cultura as suas margens, porém muitas se não cultivam pela razão dita no interrogatório 15 das terras. #Text=Ao 13 respondo, que esta Zambuja morre no Degebe, que é rio maior na freguesia de Monte de Trigo em distância de duas léguas e meia desta freguesia de São Jordão. #Text=Ao 13 respondo, que esta Zambuja morre no Degebe, que é rio maior na freguesia de Monte de Trigo em distância de duas léguas e meia desta freguesia de São Jordão. #Text=Ao 19 respondo que à tal Zambuja terá quatro léguas de distância, desde o princípio até ao fim; passa pelas aldeias de São Manços e Monte de Trigo em pouca distância."
Evora_SaoJordao.normalizada;*;PLC\_AQU;57;Zambuja;"#Text=Ao 3 respondo, que não entram nela outros rios mais do que a outra ribeira chamada à Pescena na freguesia de Monte de Trigo neste mesmo termo de Évora em distância de duas léguas desta freguesia de São Jordão; também nesta freguesia, e na de São Manços próxima a esta em distância de uma légua, entram na tal Zambuja alguns pequenos rios de nenhum nome. #Text=Ao 10 respondo, que as margens desta Zambuja são terras limpas de árvores e de silvestres, principalmente nesta freguesia de São Jordão, são muito capazes de cultura as suas margens, porém muitas se não cultivam pela razão dita no interrogatório 15 das terras. #Text=Ao 13 respondo, que esta Zambuja morre no Degebe, que é rio maior na freguesia de Monte de Trigo em distância de duas léguas e meia desta freguesia de São Jordão. #Text=Ao 13 respondo, que esta Zambuja morre no Degebe, que é rio maior na freguesia de Monte de Trigo em distância de duas léguas e meia desta freguesia de São Jordão. #Text=Ao 19 respondo que à tal Zambuja terá quatro léguas de distância, desde o princípio até ao fim; passa pelas aldeias de São Manços e Monte de Trigo em pouca distância."
Evora_SaoJordao.normalizada;*[10];PLC\_GPE[10];12;vila do Redondo;"#Text=Ao 4 respondo, que esta igreja paroquial de São Jordão está situada em uma breve costa de um pequeno outeiro, entre o nascente e sul; dela se descobre o convento dos religiosos Paulistas da Serra de Ossa na distância de cinco léguas, na mesma distância, pouco mais se descobre a vila de Évora Monte, e na mesma distância pouco menos se descobre a vila do Redondo."
Evora_SaoJordao.normalizada;*[11];PER\_SAINT[11];13;São Jordão segundo bispo de Évora;"#Text=Ao 7 respondo = o orago desta igreja é o senhor São Jordão segundo bispo de Évora, e mártir; está colocada a sua sagrada imagem no altar maior: tem mais dois altares colaterais, um do Santíssimo Nome de Jesus, e o outro de Nossa Senhora da Luz, são três altares, é igreja pequena de uma só nave, e tem uma pequena irmandade de Nossa Senhora do Rosário."
Evora_SaoJordao.normalizada;*[12];PER\_DIV[12];14;Santíssimo Nome de Jesus;"#Text=Ao 7 respondo = o orago desta igreja é o senhor São Jordão segundo bispo de Évora, e mártir; está colocada a sua sagrada imagem no altar maior: tem mais dois altares colaterais, um do Santíssimo Nome de Jesus, e o outro de Nossa Senhora da Luz, são três altares, é igreja pequena de uma só nave, e tem uma pequena irmandade de Nossa Senhora do Rosário."
Evora_SaoJordao.normalizada;*[13];PER\_SAINT[13];15;Nossa Senhora da Luz;"#Text=Ao 7 respondo = o orago desta igreja é o senhor São Jordão segundo bispo de Évora, e mártir; está colocada a sua sagrada imagem no altar maior: tem mais dois altares colaterais, um do Santíssimo Nome de Jesus, e o outro de Nossa Senhora da Luz, são três altares, é igreja pequena de uma só nave, e tem uma pequena irmandade de Nossa Senhora do Rosário."
Evora_SaoJordao.normalizada;*[14];ORG[14];16;irmandade de Nossa Senhora do Rosário;"#Text=Ao 7 respondo = o orago desta igreja é o senhor São Jordão segundo bispo de Évora, e mártir; está colocada a sua sagrada imagem no altar maior: tem mais dois altares colaterais, um do Santíssimo Nome de Jesus, e o outro de Nossa Senhora da Luz, são três altares, é igreja pequena de uma só nave, e tem uma pequena irmandade de Nossa Senhora do Rosário."
Evora_SaoJordao.normalizada;*[15];PLC\_FAC[15];17;igreja de São Jordão;"#Text=Ao 8 respondo, que o pároco desta igreja de São Jordão é cura, apresentam o senhor arcebispo de Évora; tem o pároco de renda própria três moios e quarenta e dois alqueires; três partes iguais, duas de trigo, e uma de cevada. //\r#Text=\r#Text=/p. 238/\r#Text=Aos interrogatórios 9, 10, 11, 12, 13, 14 nada."
Evora_SaoJordao.normalizada;*[16];PER\_OCC[16];18;arcebispo de Évora;"#Text=Ao 8 respondo, que o pároco desta igreja de São Jordão é cura, apresentam o senhor arcebispo de Évora; tem o pároco de renda própria três moios e quarenta e dois alqueires; três partes iguais, duas de trigo, e uma de cevada. //\r#Text=\r#Text=/p. 238/\r#Text=Aos interrogatórios 9, 10, 11, 12, 13, 14 nada."
Evora_SaoJordao.normalizada;*[17];PLC\_GPE[17];19;freguesia de São Jordão;#Text=Ao 15 respondo, que os frutos da terra desta freguesia de São Jordão, que mais abundam, são os pastos e ervas, ou como cá lhe chamam as pastagens em que andam grandes rebanhos de ovelhas de certos homens de negócio moradores na cidade de Évora, os quais têm arrendado o maior número das herdades desta freguesia, as quais não cultivam, pela conveniência das ditas pastagens, bem é verdade que se as tais herdades tivessem cultura / como deviam ter / nisto convém todos que produziriam bastante trigo, muito centeio, e cevada, assim como produzem as outras herdades que são cultivadas pelos lavradores que nelas moram.
Evora_SaoJordao.normalizada;*[18];PLC\_GPE[18];20;cidade de Évora;#Text=Ao 15 respondo, que os frutos da terra desta freguesia de São Jordão, que mais abundam, são os pastos e ervas, ou como cá lhe chamam as pastagens em que andam grandes rebanhos de ovelhas de certos homens de negócio moradores na cidade de Évora, os quais têm arrendado o maior número das herdades desta freguesia, as quais não cultivam, pela conveniência das ditas pastagens, bem é verdade que se as tais herdades tivessem cultura / como deviam ter / nisto convém todos que produziriam bastante trigo, muito centeio, e cevada, assim como produzem as outras herdades que são cultivadas pelos lavradores que nelas moram.
Evora_SaoJordao.normalizada;*[19];PLC\_GPE[19];21;cidade de Évora;#Text=Ao 16 respondo, que esta freguesia esta sujeita no temporal ao juiz de fora, câmara, e a todas as mais justiças da cidade de Évora.
Evora_SaoJordao.normalizada;*[1];PER\_NAM[1];1;sua Majestade fidelíssima;#Text=(J) 18, nº 33, p. 237 a 240]\r#Text=\r#Text=“/p. 237/\r#Text=Excelentíssimo e reverendíssimo senhor\r#Text=Porque desejo muito satisfazer aos reverentes preceitos de vossa excelência reverendíssima e juntamente às justíssimas determinações de sua Majestade fidelíssima mosso felicíssimo monarca, que Deus guarde.
Evora_SaoJordao.normalizada;*[20];PLC\_GPE[20];22;freguesia de São Jordão;"#Text=Ao 18 respondo, que suposto não haver memória que desta freguesia de São Jordão saíssem, ou florescessem homens insignes por virtudes, letras, ou armas; todavia o meritíssimo reverendo Padre Mestre Frei António das Chagas, religioso Agostinho Descalço, doutor na sagrada Teologia formado pela Universidade de Évora, conventual no convento de Nossa Senhora das Mercês da mesma cidade, é natural desta mesma freguesia."
Evora_SaoJordao.normalizada;*[21];PER\_NAM[21];23;Padre Mestre Frei António das Chagas , religioso Agostinho Descalço , doutor na sagrada Teologia formado pela Universidade de Évora , conventual no convento de Nossa Senhora das Mercês da mesma cidade;"#Text=Ao 18 respondo, que suposto não haver memória que desta freguesia de São Jordão saíssem, ou florescessem homens insignes por virtudes, letras, ou armas; todavia o meritíssimo reverendo Padre Mestre Frei António das Chagas, religioso Agostinho Descalço, doutor na sagrada Teologia formado pela Universidade de Évora, conventual no convento de Nossa Senhora das Mercês da mesma cidade, é natural desta mesma freguesia."
Evora_SaoJordao.normalizada;*[22];PLC\_GPE[22];24;cidade de Évora;#Text=Ao 20 respondo, que o correio de que se serve, e pode servir esta freguesia é o da cidade de Évora de duas léguas de distância.
Evora_SaoJordao.normalizada;*[23];PLC\_GPE[23];25;freguesia de São Jordão;#Text=Ao 21 respondo, que esta freguesia de São Jordão dista duas léguas da cidade de Évora, seu arcebispado, e vinte e uma léguas da cidade de Lisboa capital do reino.
Evora_SaoJordao.normalizada;*[24];PLC\_GPE[24];26;cidade de Évora;#Text=Ao 21 respondo, que esta freguesia de São Jordão dista duas léguas da cidade de Évora, seu arcebispado, e vinte e uma léguas da cidade de Lisboa capital do reino.
Evora_SaoJordao.normalizada;*[25];PLC\_GPE[25];27;cidade de Lisboa;#Text=Ao 21 respondo, que esta freguesia de São Jordão dista duas léguas da cidade de Évora, seu arcebispado, e vinte e uma léguas da cidade de Lisboa capital do reino.
Evora_SaoJordao.normalizada;*[26];PLC\_GPE[26];29;freguesia de São Jordão;#Text=Ao 26 respondo, que o pequeno destroço, ou ruína que causou o terramoto de 1755 nesta freguesia de São Jordão, está quase reparada.
Evora_SaoJordao.normalizada;*[27];PLC\_GPE[27];30;freguesia de São Jordão;"#Text=Não tenho que responder a nenhum dos 13 interrogatórios, porque nenhum deles compreende cousa que pertence a esta freguesia de São Jordão, por ser quase toda ela campina de vales, e alguns pequenos outeiros; no maior dos quais outeiros, a que chamam serra da Espinheira está uma cova aonde dizem estivera o Senhor São Jordão fazendo vida de anacoreta; não tem igreja, nem ermida, senão só montes de pedras, telhas, que lhe levam os seus devotos, e algumas cruzes, dista da igreja paroquial um quarto de légua."
Evora_SaoJordao.normalizada;*[28];PLC\_MOUNT[28];31;serra da Espinheira;"#Text=Não tenho que responder a nenhum dos 13 interrogatórios, porque nenhum deles compreende cousa que pertence a esta freguesia de São Jordão, por ser quase toda ela campina de vales, e alguns pequenos outeiros; no maior dos quais outeiros, a que chamam serra da Espinheira está uma cova aonde dizem estivera o Senhor São Jordão fazendo vida de anacoreta; não tem igreja, nem ermida, senão só montes de pedras, telhas, que lhe levam os seus devotos, e algumas cruzes, dista da igreja paroquial um quarto de légua."
Evora_SaoJordao.normalizada;*[29];PER\_SAINT[29];32;São Jordão;"#Text=Não tenho que responder a nenhum dos 13 interrogatórios, porque nenhum deles compreende cousa que pertence a esta freguesia de São Jordão, por ser quase toda ela campina de vales, e alguns pequenos outeiros; no maior dos quais outeiros, a que chamam serra da Espinheira está uma cova aonde dizem estivera o Senhor São Jordão fazendo vida de anacoreta; não tem igreja, nem ermida, senão só montes de pedras, telhas, que lhe levam os seus devotos, e algumas cruzes, dista da igreja paroquial um quarto de légua."
Evora_SaoJordao.normalizada;*[2];PLC\_FAC[2];3;igreja paroquial de São Jordão;"#Text=Respondo primeiramente aos interrogatórios, que se me propõem, no que se procura saber desta terra, na forma seguinte:\r#Text=Ao 1 esta igreja paroquial de São Jordão, e sua freguesia, fica na província do Alentejo; pertence ao arcebispado de Évora, a seu termo e comarca."
Evora_SaoJordao.normalizada;*[30];PLC\_GPE[30];33;freguesia de São Jordão;#Text=Se há-de advertir, que por esta freguesia de São Jordão não passa rio com as circunstâncias propostas nos seguintes 20 interrogatórios.
Evora_SaoJordao.normalizada;*[31];PLC\_GPE[31];34;freguesia de São Jordão;#Text=Ao 1 porém respondo ao primeiro na forma seguinte = nesta freguesia de São Jordão, termo da cidade de Évora nas herdades de Pinheiros e Coelheira, nasce um pequeno rio, ou para dizer melhor principia uma pequena ribeira chamada Zambuja, o qual nome toma de outra herdade chamada Zambuja por onde passa, nesta mesma freguesia.
Evora_SaoJordao.normalizada;*[32];PLC\_LOC[32];35;termo da cidade de Évora;#Text=Ao 1 porém respondo ao primeiro na forma seguinte = nesta freguesia de São Jordão, termo da cidade de Évora nas herdades de Pinheiros e Coelheira, nasce um pequeno rio, ou para dizer melhor principia uma pequena ribeira chamada Zambuja, o qual nome toma de outra herdade chamada Zambuja por onde passa, nesta mesma freguesia.
Evora_SaoJordao.normalizada;*[33];PLC\_LOC[33];36;herdades de Pinheiros e Coelheira;#Text=Ao 1 porém respondo ao primeiro na forma seguinte = nesta freguesia de São Jordão, termo da cidade de Évora nas herdades de Pinheiros e Coelheira, nasce um pequeno rio, ou para dizer melhor principia uma pequena ribeira chamada Zambuja, o qual nome toma de outra herdade chamada Zambuja por onde passa, nesta mesma freguesia.
Evora_SaoJordao.normalizada;*[34];PLC\_AQU[34];37;ribeira chamada Zambuja;#Text=Ao 1 porém respondo ao primeiro na forma seguinte = nesta freguesia de São Jordão, termo da cidade de Évora nas herdades de Pinheiros e Coelheira, nasce um pequeno rio, ou para dizer melhor principia uma pequena ribeira chamada Zambuja, o qual nome toma de outra herdade chamada Zambuja por onde passa, nesta mesma freguesia.
Evora_SaoJordao.normalizada;*[35];PLC\_LOC[35];38;herdade chamada Zambuja;#Text=Ao 1 porém respondo ao primeiro na forma seguinte = nesta freguesia de São Jordão, termo da cidade de Évora nas herdades de Pinheiros e Coelheira, nasce um pequeno rio, ou para dizer melhor principia uma pequena ribeira chamada Zambuja, o qual nome toma de outra herdade chamada Zambuja por onde passa, nesta mesma freguesia.
Evora_SaoJordao.normalizada;*[36];PLC\_AQU[36];39;ribeira Zambuja;#Text=Ao 2 respondo, que a tal ribeira Zambuja nem nasce caudalosa, nem corre todo o ano, principalmente nesta freguesia de São Jordão, na qual corre só no tempo do Inverno, quando tem chovido.
Evora_SaoJordao.normalizada;*[37];PLC\_GPE[37];40;freguesia de São Jordão;#Text=Ao 2 respondo, que a tal ribeira Zambuja nem nasce caudalosa, nem corre todo o ano, principalmente nesta freguesia de São Jordão, na qual corre só no tempo do Inverno, quando tem chovido.
Evora_SaoJordao.normalizada;*[38];PLC\_AQU[38];41;ribeira chamada à Pescena;"#Text=Ao 3 respondo, que não entram nela outros rios mais do que a outra ribeira chamada à Pescena na freguesia de Monte de Trigo neste mesmo termo de Évora em distância de duas léguas desta freguesia de São Jordão; também nesta freguesia, e na de São Manços próxima a esta em distância de uma légua, entram na tal Zambuja alguns pequenos rios de nenhum nome."
Evora_SaoJordao.normalizada;*[39];PLC\_GPE[39];42;freguesia de Monte de Trigo;"#Text=Ao 3 respondo, que não entram nela outros rios mais do que a outra ribeira chamada à Pescena na freguesia de Monte de Trigo neste mesmo termo de Évora em distância de duas léguas desta freguesia de São Jordão; também nesta freguesia, e na de São Manços próxima a esta em distância de uma légua, entram na tal Zambuja alguns pequenos rios de nenhum nome."
Evora_SaoJordao.normalizada;*[3];PLC\_LOC[3];4;província do Alentejo;"#Text=Respondo primeiramente aos interrogatórios, que se me propõem, no que se procura saber desta terra, na forma seguinte:\r#Text=Ao 1 esta igreja paroquial de São Jordão, e sua freguesia, fica na província do Alentejo; pertence ao arcebispado de Évora, a seu termo e comarca."
Evora_SaoJordao.normalizada;*[40];PLC\_LOC[40];43;termo de Évora;"#Text=Ao 3 respondo, que não entram nela outros rios mais do que a outra ribeira chamada à Pescena na freguesia de Monte de Trigo neste mesmo termo de Évora em distância de duas léguas desta freguesia de São Jordão; também nesta freguesia, e na de São Manços próxima a esta em distância de uma légua, entram na tal Zambuja alguns pequenos rios de nenhum nome."
Evora_SaoJordao.normalizada;*[41];PLC\_GPE[41];44;freguesia de São Jordão;"#Text=Ao 3 respondo, que não entram nela outros rios mais do que a outra ribeira chamada à Pescena na freguesia de Monte de Trigo neste mesmo termo de Évora em distância de duas léguas desta freguesia de São Jordão; também nesta freguesia, e na de São Manços próxima a esta em distância de uma légua, entram na tal Zambuja alguns pequenos rios de nenhum nome."
Evora_SaoJordao.normalizada;*[42];PLC\_GPE[42];45;São Manços;"#Text=Ao 3 respondo, que não entram nela outros rios mais do que a outra ribeira chamada à Pescena na freguesia de Monte de Trigo neste mesmo termo de Évora em distância de duas léguas desta freguesia de São Jordão; também nesta freguesia, e na de São Manços próxima a esta em distância de uma légua, entram na tal Zambuja alguns pequenos rios de nenhum nome."
Evora_SaoJordao.normalizada;*[43];PLC\_GPE[43];48;freguesia de São Jordão;#Text=Ao 10 respondo, que as margens desta Zambuja são terras limpas de árvores e de silvestres, principalmente nesta freguesia de São Jordão, são muito capazes de cultura as suas margens, porém muitas se não cultivam pela razão dita no interrogatório 15 das terras.
Evora_SaoJordao.normalizada;*[44];PLC\_GPE[44];51;freguesia de Monte de Trigo;#Text=Ao 13 respondo, que esta Zambuja morre no Degebe, que é rio maior na freguesia de Monte de Trigo em distância de duas léguas e meia desta freguesia de São Jordão.
Evora_SaoJordao.normalizada;*[45];PLC\_GPE[45];52;freguesia de São Jordão;#Text=Ao 13 respondo, que esta Zambuja morre no Degebe, que é rio maior na freguesia de Monte de Trigo em distância de duas léguas e meia desta freguesia de São Jordão.
Evora_SaoJordao.normalizada;*[46];PLC\_AQU[46];53;ribeira chamada Zambuja;"#Text=Ao 16 respondo, que esta tal ribeira chamada Zambuja tem dois moinhos na freguesia de São Manços próxima a esta freguesia, e na freguesia de Monte de Trigo próxima a de São Manços tem dois pisões; não tem mais nada do que se procura neste interrogatório."
Evora_SaoJordao.normalizada;*[47];PLC\_GPE[47];54;freguesia de São Manços;"#Text=Ao 16 respondo, que esta tal ribeira chamada Zambuja tem dois moinhos na freguesia de São Manços próxima a esta freguesia, e na freguesia de Monte de Trigo próxima a de São Manços tem dois pisões; não tem mais nada do que se procura neste interrogatório."
Evora_SaoJordao.normalizada;*[48];PLC\_GPE[48];55;freguesia de Monte de Trigo;"#Text=Ao 16 respondo, que esta tal ribeira chamada Zambuja tem dois moinhos na freguesia de São Manços próxima a esta freguesia, e na freguesia de Monte de Trigo próxima a de São Manços tem dois pisões; não tem mais nada do que se procura neste interrogatório."
Evora_SaoJordao.normalizada;*[49];PLC\_GPE[49];56;São Manços;"#Text=Ao 16 respondo, que esta tal ribeira chamada Zambuja tem dois moinhos na freguesia de São Manços próxima a esta freguesia, e na freguesia de Monte de Trigo próxima a de São Manços tem dois pisões; não tem mais nada do que se procura neste interrogatório."
Evora_SaoJordao.normalizada;*[4];PLC\_GPE[4];5;arcebispado de Évora;"#Text=Respondo primeiramente aos interrogatórios, que se me propõem, no que se procura saber desta terra, na forma seguinte:\r#Text=Ao 1 esta igreja paroquial de São Jordão, e sua freguesia, fica na província do Alentejo; pertence ao arcebispado de Évora, a seu termo e comarca."
Evora_SaoJordao.normalizada;*[50];PLC\_LOC[50];58;São Manços;"#Text=Ao 19 respondo que à tal Zambuja terá quatro léguas de distância, desde o princípio até ao fim; passa pelas aldeias de São Manços e Monte de Trigo em pouca distância."
Evora_SaoJordao.normalizada;*[51];PLC\_LOC[51];59;Monte de Trigo;"#Text=Ao 19 respondo que à tal Zambuja terá quatro léguas de distância, desde o princípio até ao fim; passa pelas aldeias de São Manços e Monte de Trigo em pouca distância."
Evora_SaoJordao.normalizada;*[52];PLC\_GPE[52];60;São Jordão;#Text=São Jordão aos 13 de maio de 1758 anos.
Evora_SaoJordao.normalizada;*[53];TIM\_CRON[53];61;13 de maio de 1758;#Text=São Jordão aos 13 de maio de 1758 anos.
Evora_SaoJordao.normalizada;*[54];PER\_NAM[54];62;Pároco José Rodrigues Teles;#Text=O Pároco José Rodrigues Teles [assinatura autógrafa]//”\r#Text=\r#Text=Transcrição: Maria Ludovina Grilo \r#Text=\r#Text=GRILO, Maria Ludovina B. - O Concelho de Évora nas Memórias Paroquiais de 1758 (I Parte).
Evora_SaoJordao.normalizada;*[5];PLC\_GPE[5];7;freguesia de São Jordão;#Text=Ao 3 respondo, que esta freguesia de São Jordão consta de vinte e três herdades, nas quais há outras tantas moradias de casas: deste número de herdades, só sete têm lavradores assistentes, que as cultivam, nas mais moram pastores, trabalhadores, e alguns cingeleiros, que por todos geralmente completam o número de quarenta e sete vizinhos.
Evora_SaoJordao.normalizada;*[6];PLC\_GPE[6];8;freguesia de São Jordão;"#Text=E o número das pessoas de ambos os sexos, desde o maior até ao menor, e mónimo; que ao presente se acham nascidos, e moradores nesta mesma freguesia de São Jordão, são por todas duzentas e cinquenta e uma."
Evora_SaoJordao.normalizada;*[7];PLC\_FAC[7];9;igreja paroquial de São Jordão;"#Text=Ao 4 respondo, que esta igreja paroquial de São Jordão está situada em uma breve costa de um pequeno outeiro, entre o nascente e sul; dela se descobre o convento dos religiosos Paulistas da Serra de Ossa na distância de cinco léguas, na mesma distância, pouco mais se descobre a vila de Évora Monte, e na mesma distância pouco menos se descobre a vila do Redondo."
Evora_SaoJordao.normalizada;*[8];PLC\_FAC[8];10;convento dos religiosos Paulistas da Serra de Ossa;"#Text=Ao 4 respondo, que esta igreja paroquial de São Jordão está situada em uma breve costa de um pequeno outeiro, entre o nascente e sul; dela se descobre o convento dos religiosos Paulistas da Serra de Ossa na distância de cinco léguas, na mesma distância, pouco mais se descobre a vila de Évora Monte, e na mesma distância pouco menos se descobre a vila do Redondo."
Evora_SaoJordao.normalizada;*[9];PLC\_GPE[9];11;vila de Évora Monte;"#Text=Ao 4 respondo, que esta igreja paroquial de São Jordão está situada em uma breve costa de um pequeno outeiro, entre o nascente e sul; dela se descobre o convento dos religiosos Paulistas da Serra de Ossa na distância de cinco léguas, na mesma distância, pouco mais se descobre a vila de Évora Monte, e na mesma distância pouco menos se descobre a vila do Redondo."
