﻿file_name;entity;category_entity;entity_cardinal;ent_concat;text_concat
Evora_SaoMarcosDaAbobada.normalizada;*;PLC\_GPE;1;Abóbada;#Text=São Marcos da Abóbada, 1758, 4 de Junho\r#Text=Memória Paroquial de São Marcos da Abóbada, Comarca de Évora\r#Text=ANTT, Memórias Paroquiais, vol. 1, nº 11, p. 111 a 114]\r#Text=\r#Text=“/p. 111/\r#Text=Abóbada, termo Évora \r#Text=Relação desta freguesia de São Marcos da Abóbada termo da cidade de Évora sobre os interrogatórios inclusos na ordem que dimanou de sua excelência reverendíssima, para responder aos mesmos dentro do tempo prefixo, ao que satisfaço.\r#Text=1. #Text=Está situada em campina, e desta se descobre Évora, que dista três léguas.\r#Text=5. #Text=Não tem correio, e se serve do correio de Évora, de onde dista três léguas.\r#Text=21. #Text=Dista da cidade capital do arcebispado três léguas, e da capital de Lisboa vinte léguas.\r#Text=22.
Evora_SaoMarcosDaAbobada.normalizada;*;PER\_DIV;8;Deus;#Text=E é de el Rei nosso senhor que Deus guarde.\r#Text=3.
Evora_SaoMarcosDaAbobada.normalizada;*;PLC\_GPE;9;Évora;#Text=São Marcos da Abóbada, 1758, 4 de Junho\r#Text=Memória Paroquial de São Marcos da Abóbada, Comarca de Évora\r#Text=ANTT, Memórias Paroquiais, vol. 1, nº 11, p. 111 a 114]\r#Text=\r#Text=“/p. 111/\r#Text=Abóbada, termo Évora \r#Text=Relação desta freguesia de São Marcos da Abóbada termo da cidade de Évora sobre os interrogatórios inclusos na ordem que dimanou de sua excelência reverendíssima, para responder aos mesmos dentro do tempo prefixo, ao que satisfaço.\r#Text=1. #Text=Está situada em campina, e desta se descobre Évora, que dista três léguas.\r#Text=5. #Text=Não tem correio, e se serve do correio de Évora, de onde dista três léguas.\r#Text=21. #Text=Dista da cidade capital do arcebispado três léguas, e da capital de Lisboa vinte léguas.\r#Text=22.
Evora_SaoMarcosDaAbobada.normalizada;*;ORG;15;Rosário;#Text=O orago é São Marcos, e a igreja tem três altares, o altar mor São Marcos, e os dois colaterais a saber o direito Nossa Senhora do Rosário, sinistro Nossa Senhora das Neves, tem somente uma irmandade, e se chama a do Rosário.\r#Text=8. #Text=Não tem casa de Misericórdia.\r#Text=13.
Evora_SaoMarcosDaAbobada.normalizada;*;ORG;17;Misericórdia;#Text=O orago é São Marcos, e a igreja tem três altares, o altar mor São Marcos, e os dois colaterais a saber o direito Nossa Senhora do Rosário, sinistro Nossa Senhora das Neves, tem somente uma irmandade, e se chama a do Rosário.\r#Text=8. #Text=Não tem casa de Misericórdia.\r#Text=13.
Evora_SaoMarcosDaAbobada.normalizada;*;PLC\_GPE;20;Évora;#Text=São Marcos da Abóbada, 1758, 4 de Junho\r#Text=Memória Paroquial de São Marcos da Abóbada, Comarca de Évora\r#Text=ANTT, Memórias Paroquiais, vol. 1, nº 11, p. 111 a 114]\r#Text=\r#Text=“/p. 111/\r#Text=Abóbada, termo Évora \r#Text=Relação desta freguesia de São Marcos da Abóbada termo da cidade de Évora sobre os interrogatórios inclusos na ordem que dimanou de sua excelência reverendíssima, para responder aos mesmos dentro do tempo prefixo, ao que satisfaço.\r#Text=1. #Text=Está situada em campina, e desta se descobre Évora, que dista três léguas.\r#Text=5. #Text=Não tem correio, e se serve do correio de Évora, de onde dista três léguas.\r#Text=21. #Text=Dista da cidade capital do arcebispado três léguas, e da capital de Lisboa vinte léguas.\r#Text=22.
Evora_SaoMarcosDaAbobada.normalizada;*;PLC\_GPE;21;Lisboa;#Text=São Marcos da Abóbada, 1758, 4 de Junho\r#Text=Memória Paroquial de São Marcos da Abóbada, Comarca de Évora\r#Text=ANTT, Memórias Paroquiais, vol. 1, nº 11, p. 111 a 114]\r#Text=\r#Text=“/p. 111/\r#Text=Abóbada, termo Évora \r#Text=Relação desta freguesia de São Marcos da Abóbada termo da cidade de Évora sobre os interrogatórios inclusos na ordem que dimanou de sua excelência reverendíssima, para responder aos mesmos dentro do tempo prefixo, ao que satisfaço.\r#Text=1. #Text=Está situada em campina, e desta se descobre Évora, que dista três léguas.\r#Text=5. #Text=Não tem correio, e se serve do correio de Évora, de onde dista três léguas.\r#Text=21. #Text=Dista da cidade capital do arcebispado três léguas, e da capital de Lisboa vinte léguas.\r#Text=22.
Evora_SaoMarcosDaAbobada.normalizada;*;TIM\_CRON;22;1755;#Text=Não padeceu ruína no terremoto de 1755.\r#Text=27.
Evora_SaoMarcosDaAbobada.normalizada;*[10];PER\_SAINT[10];12;São Marcos;#Text=O orago é São Marcos, e a igreja tem três altares, o altar mor São Marcos, e os dois colaterais a saber o direito Nossa Senhora do Rosário, sinistro Nossa Senhora das Neves, tem somente uma irmandade, e se chama a do Rosário.\r#Text=8.
Evora_SaoMarcosDaAbobada.normalizada;*[11];PER\_SAINT[11];13;Nossa Senhora do Rosário;#Text=O orago é São Marcos, e a igreja tem três altares, o altar mor São Marcos, e os dois colaterais a saber o direito Nossa Senhora do Rosário, sinistro Nossa Senhora das Neves, tem somente uma irmandade, e se chama a do Rosário.\r#Text=8.
Evora_SaoMarcosDaAbobada.normalizada;*[12];PER\_SAINT[12];14;Nossa Senhora das Neves;#Text=O orago é São Marcos, e a igreja tem três altares, o altar mor São Marcos, e os dois colaterais a saber o direito Nossa Senhora do Rosário, sinistro Nossa Senhora das Neves, tem somente uma irmandade, e se chama a do Rosário.\r#Text=8.
Evora_SaoMarcosDaAbobada.normalizada;*[13];PER\_OCC[13];16;arcebispo de Évora;"#Text=O pároco da mesma freguesia, é cura e da apresentação do excelentíssimo e reverendíssimo arcebispo de Évora; tem de renda duzentos e seis alqueires de trigo, e cinquenta e um alqueires e meio de cevada.\r#Text=9."
Evora_SaoMarcosDaAbobada.normalizada;*[14];PLC\_GPE[14];18;cidade de Évora;#Text=Não tem juiz ordinário, mas sim de Vintena, que é sujeito ao governo da cidade de Évora.\r#Text=17.
Evora_SaoMarcosDaAbobada.normalizada;*[15];PER\_CAT[15];19;doutores em Teologia;#Text=Tem havido na dita freguesia três doutores em Teologia, que floresceram, e ainda florescem, e em virtude.\r#Text=19.
Evora_SaoMarcosDaAbobada.normalizada;*[16];PLC\_GPE[16];23;São Marcos da Abóbada;#Text=São Marcos da Abóbada 4 de junho de 1758 \r#Text=De vossa excelência reverendíssima \r#Text=Reverente súbdito \r#Text=Sebastião Rodrigues de Tobal [assinatura autógrafa]//\r#Text=\r#Text=/p. 114/\r#Text=[Em branco]//”\r#Text=\r#Text=Transcrição: Maria Ludovina Grilo \r#Text=\r#Text=GRILO, Maria Ludovina B. - O Concelho de Évora nas Memórias Paroquiais de 1758 (I Parte).
Evora_SaoMarcosDaAbobada.normalizada;*[17];TIM\_CRON[17];23;4 de junho de 1758;#Text=São Marcos da Abóbada 4 de junho de 1758 \r#Text=De vossa excelência reverendíssima \r#Text=Reverente súbdito \r#Text=Sebastião Rodrigues de Tobal [assinatura autógrafa]//\r#Text=\r#Text=/p. 114/\r#Text=[Em branco]//”\r#Text=\r#Text=Transcrição: Maria Ludovina Grilo \r#Text=\r#Text=GRILO, Maria Ludovina B. - O Concelho de Évora nas Memórias Paroquiais de 1758 (I Parte).
Evora_SaoMarcosDaAbobada.normalizada;*[18];PER\_NAM[18];24;Reverente súbdito Sebastião Rodrigues de Tobal;#Text=São Marcos da Abóbada 4 de junho de 1758 \r#Text=De vossa excelência reverendíssima \r#Text=Reverente súbdito \r#Text=Sebastião Rodrigues de Tobal [assinatura autógrafa]//\r#Text=\r#Text=/p. 114/\r#Text=[Em branco]//”\r#Text=\r#Text=Transcrição: Maria Ludovina Grilo \r#Text=\r#Text=GRILO, Maria Ludovina B. - O Concelho de Évora nas Memórias Paroquiais de 1758 (I Parte).
Evora_SaoMarcosDaAbobada.normalizada;*[1];PLC\_LOC[1];2;termo Évora;#Text=São Marcos da Abóbada, 1758, 4 de Junho\r#Text=Memória Paroquial de São Marcos da Abóbada, Comarca de Évora\r#Text=ANTT, Memórias Paroquiais, vol. 1, nº 11, p. 111 a 114]\r#Text=\r#Text=“/p. 111/\r#Text=Abóbada, termo Évora \r#Text=Relação desta freguesia de São Marcos da Abóbada termo da cidade de Évora sobre os interrogatórios inclusos na ordem que dimanou de sua excelência reverendíssima, para responder aos mesmos dentro do tempo prefixo, ao que satisfaço.\r#Text=1.
Evora_SaoMarcosDaAbobada.normalizada;*[2];PLC\_GPE[2];3;freguesia de São Marcos da Abóbada;#Text=São Marcos da Abóbada, 1758, 4 de Junho\r#Text=Memória Paroquial de São Marcos da Abóbada, Comarca de Évora\r#Text=ANTT, Memórias Paroquiais, vol. 1, nº 11, p. 111 a 114]\r#Text=\r#Text=“/p. 111/\r#Text=Abóbada, termo Évora \r#Text=Relação desta freguesia de São Marcos da Abóbada termo da cidade de Évora sobre os interrogatórios inclusos na ordem que dimanou de sua excelência reverendíssima, para responder aos mesmos dentro do tempo prefixo, ao que satisfaço.\r#Text=1.
Evora_SaoMarcosDaAbobada.normalizada;*[3];PLC\_LOC[3];3;termo da cidade de Évora;#Text=São Marcos da Abóbada, 1758, 4 de Junho\r#Text=Memória Paroquial de São Marcos da Abóbada, Comarca de Évora\r#Text=ANTT, Memórias Paroquiais, vol. 1, nº 11, p. 111 a 114]\r#Text=\r#Text=“/p. 111/\r#Text=Abóbada, termo Évora \r#Text=Relação desta freguesia de São Marcos da Abóbada termo da cidade de Évora sobre os interrogatórios inclusos na ordem que dimanou de sua excelência reverendíssima, para responder aos mesmos dentro do tempo prefixo, ao que satisfaço.\r#Text=1.
Evora_SaoMarcosDaAbobada.normalizada;*[4];PLC\_GPE[4];4;freguesia de São Marcos da Abóbada;#Text=Esta freguesia de São Marcos da Abóbada é da província de Alentejo, do arcebispado, comarca, e termo de Évora.\r#Text=2.
Evora_SaoMarcosDaAbobada.normalizada;*[5];PLC\_LOC[5];5;província de Alentejo;#Text=Esta freguesia de São Marcos da Abóbada é da província de Alentejo, do arcebispado, comarca, e termo de Évora.\r#Text=2.
Evora_SaoMarcosDaAbobada.normalizada;*[6];PLC\_GPE[6];6;arcebispado , comarca , e termo de Évora;#Text=Esta freguesia de São Marcos da Abóbada é da província de Alentejo, do arcebispado, comarca, e termo de Évora.\r#Text=2.
Evora_SaoMarcosDaAbobada.normalizada;*[7];PER\_NAM[7];7;el Rei;#Text=E é de el Rei nosso senhor que Deus guarde.\r#Text=3.
Evora_SaoMarcosDaAbobada.normalizada;*[8];PLC\_LOC[8];10;termo de Évora;#Text=Não tem termo por ser freguesia do campo do mesmo termo de Évora.\r#Text=6.
Evora_SaoMarcosDaAbobada.normalizada;*[9];PER\_SAINT[9];11;São Marcos;#Text=O orago é São Marcos, e a igreja tem três altares, o altar mor São Marcos, e os dois colaterais a saber o direito Nossa Senhora do Rosário, sinistro Nossa Senhora das Neves, tem somente uma irmandade, e se chama a do Rosário.\r#Text=8.
