﻿file_name;entity;category_entity;entity_cardinal;ent_concat;text_concat
Evora_SaoVicenteDeValongo.normalizada;*;PLC\_GPE;1;Valongo;#Text=São Vicente de Valongo, 1758, 15 de Maio\r#Text=Memória Paroquial de São Vicente de Valongo, Comarca de Évora \r#Text=[ANTT, Memórias Paroquiais, vol. 38, nº 36, p. 209 a 212]\r#Text=\r#Text=“/p. 209/\r#Text=N. 36\r#Text=Valongo termo Évora\r#Text=Clareza, e resposta dos interrogatórios que se procuram desta freguesia de São Vicente de Valongo\r#Text=1. #Text=Dista esta igreja da cidade de Évora, quatro léguas e de Lisboa vinte e quatro.\r#Text=12. #Text=Este rio de onde nasce até aonde acaba fazem nove léguas, passa pelo termo de Évora, Monsaraz e Portel.\r#Text=26. #Text=Este rio de onde nasce até aonde acaba fazem nove léguas, passa pelo termo de Évora, Monsaraz e Portel.\r#Text=26.
Evora_SaoVicenteDeValongo.normalizada;*;PER\_PGRP;9;Almas;#Text=O orago desta igreja é o senhor São Vicente mártir, tem quatro altares, a saber o altar maior, altar de Nossa Senhora do Rosário, o altar do Santíssimo Nome de Jesus, e o altar da benditas Almas, tem irmandade de Nossa Senhora, e das Almas.\r#Text=8.
Evora_SaoVicenteDeValongo.normalizada;*;ORG;11;Almas;#Text=O orago desta igreja é o senhor São Vicente mártir, tem quatro altares, a saber o altar maior, altar de Nossa Senhora do Rosário, o altar do Santíssimo Nome de Jesus, e o altar da benditas Almas, tem irmandade de Nossa Senhora, e das Almas.\r#Text=8.
Evora_SaoVicenteDeValongo.normalizada;*;PLC\_GPE;14;Lisboa;#Text=São Vicente de Valongo, 1758, 15 de Maio\r#Text=Memória Paroquial de São Vicente de Valongo, Comarca de Évora \r#Text=[ANTT, Memórias Paroquiais, vol. 38, nº 36, p. 209 a 212]\r#Text=\r#Text=“/p. 209/\r#Text=N. 36\r#Text=Valongo termo Évora\r#Text=Clareza, e resposta dos interrogatórios que se procuram desta freguesia de São Vicente de Valongo\r#Text=1. #Text=Dista esta igreja da cidade de Évora, quatro léguas e de Lisboa vinte e quatro.\r#Text=12. #Text=Este rio de onde nasce até aonde acaba fazem nove léguas, passa pelo termo de Évora, Monsaraz e Portel.\r#Text=26. #Text=Este rio de onde nasce até aonde acaba fazem nove léguas, passa pelo termo de Évora, Monsaraz e Portel.\r#Text=26.
Evora_SaoVicenteDeValongo.normalizada;*;TIM\_CRON;16;1755;#Text=Além da ruína, que este castelo tinha antiga, padeceu alguma no terremoto do ano de 1755, que ainda senão reparou.\r#Text=14.
Evora_SaoVicenteDeValongo.normalizada;*;PLC\_AQU;26;Pardielas;"#Text=Entrão neste rio, o rio chamado Alcorouvisca, que tem seu nascimento no termo do Redondo e na defesa de Pedra Alçada termo da vila de Terena; e o rio chamado Valongo, que tem o seu nascimento no termo da vila de Montoito; e entram no dito rio de Pardielas nesta freguesia e neste sítio é de curso arebatado, e só se chama Pardielas.\r#Text=18. #Text=O rio Pardielas tem três léguas e meia de comprido, nasce no termo de Évora Monte, corre pelas estremas do termo de Évora, e passa pelo termo do Redondo, e entra no Degebe no termo de Évora.\r#Text=27. #Text=O rio chamado Alcorouvisca nasce no termo do Redondo, corre pelos estremos do termo de Évora com o termo do Redondo, aonde entra em Pardielas, tem de comprimento duas léguas.\r#Text=28. #Text=O rio chamado Valongo nasce no termo de Montoito, passa pelo termo de Évora, aonde entra na Alcorouvisca, tem de comprimento légua e meia."
Evora_SaoVicenteDeValongo.normalizada;*;PLC\_GPE;41;Monsaraz;#Text=São Vicente de Valongo, 1758, 15 de Maio\r#Text=Memória Paroquial de São Vicente de Valongo, Comarca de Évora \r#Text=[ANTT, Memórias Paroquiais, vol. 38, nº 36, p. 209 a 212]\r#Text=\r#Text=“/p. 209/\r#Text=N. 36\r#Text=Valongo termo Évora\r#Text=Clareza, e resposta dos interrogatórios que se procuram desta freguesia de São Vicente de Valongo\r#Text=1. #Text=Dista esta igreja da cidade de Évora, quatro léguas e de Lisboa vinte e quatro.\r#Text=12. #Text=Este rio de onde nasce até aonde acaba fazem nove léguas, passa pelo termo de Évora, Monsaraz e Portel.\r#Text=26. #Text=Este rio de onde nasce até aonde acaba fazem nove léguas, passa pelo termo de Évora, Monsaraz e Portel.\r#Text=26.
Evora_SaoVicenteDeValongo.normalizada;*;PLC\_GPE;42;Portel;#Text=São Vicente de Valongo, 1758, 15 de Maio\r#Text=Memória Paroquial de São Vicente de Valongo, Comarca de Évora \r#Text=[ANTT, Memórias Paroquiais, vol. 38, nº 36, p. 209 a 212]\r#Text=\r#Text=“/p. 209/\r#Text=N. 36\r#Text=Valongo termo Évora\r#Text=Clareza, e resposta dos interrogatórios que se procuram desta freguesia de São Vicente de Valongo\r#Text=1. #Text=Dista esta igreja da cidade de Évora, quatro léguas e de Lisboa vinte e quatro.\r#Text=12. #Text=Este rio de onde nasce até aonde acaba fazem nove léguas, passa pelo termo de Évora, Monsaraz e Portel.\r#Text=26. #Text=Este rio de onde nasce até aonde acaba fazem nove léguas, passa pelo termo de Évora, Monsaraz e Portel.\r#Text=26.
Evora_SaoVicenteDeValongo.normalizada;*;PLC\_AQU;47;Degebe;"#Text=Entrão neste rio, o rio chamado Alcorouvisca, que tem seu nascimento no termo do Redondo e na defesa de Pedra Alçada termo da vila de Terena; e o rio chamado Valongo, que tem o seu nascimento no termo da vila de Montoito; e entram no dito rio de Pardielas nesta freguesia e neste sítio é de curso arebatado, e só se chama Pardielas.\r#Text=18. #Text=O rio Pardielas tem três léguas e meia de comprido, nasce no termo de Évora Monte, corre pelas estremas do termo de Évora, e passa pelo termo do Redondo, e entra no Degebe no termo de Évora.\r#Text=27. #Text=O rio chamado Alcorouvisca nasce no termo do Redondo, corre pelos estremos do termo de Évora com o termo do Redondo, aonde entra em Pardielas, tem de comprimento duas léguas.\r#Text=28. #Text=O rio chamado Valongo nasce no termo de Montoito, passa pelo termo de Évora, aonde entra na Alcorouvisca, tem de comprimento légua e meia."
Evora_SaoVicenteDeValongo.normalizada;*;PLC\_AQU;53;Pardielas;"#Text=Entrão neste rio, o rio chamado Alcorouvisca, que tem seu nascimento no termo do Redondo e na defesa de Pedra Alçada termo da vila de Terena; e o rio chamado Valongo, que tem o seu nascimento no termo da vila de Montoito; e entram no dito rio de Pardielas nesta freguesia e neste sítio é de curso arebatado, e só se chama Pardielas.\r#Text=18. #Text=O rio Pardielas tem três léguas e meia de comprido, nasce no termo de Évora Monte, corre pelas estremas do termo de Évora, e passa pelo termo do Redondo, e entra no Degebe no termo de Évora.\r#Text=27. #Text=O rio chamado Alcorouvisca nasce no termo do Redondo, corre pelos estremos do termo de Évora com o termo do Redondo, aonde entra em Pardielas, tem de comprimento duas léguas.\r#Text=28. #Text=O rio chamado Valongo nasce no termo de Montoito, passa pelo termo de Évora, aonde entra na Alcorouvisca, tem de comprimento légua e meia."
Evora_SaoVicenteDeValongo.normalizada;*;PLC\_AQU;57;Alcorouvisca;"#Text=Entrão neste rio, o rio chamado Alcorouvisca, que tem seu nascimento no termo do Redondo e na defesa de Pedra Alçada termo da vila de Terena; e o rio chamado Valongo, que tem o seu nascimento no termo da vila de Montoito; e entram no dito rio de Pardielas nesta freguesia e neste sítio é de curso arebatado, e só se chama Pardielas.\r#Text=18. #Text=O rio Pardielas tem três léguas e meia de comprido, nasce no termo de Évora Monte, corre pelas estremas do termo de Évora, e passa pelo termo do Redondo, e entra no Degebe no termo de Évora.\r#Text=27. #Text=O rio chamado Alcorouvisca nasce no termo do Redondo, corre pelos estremos do termo de Évora com o termo do Redondo, aonde entra em Pardielas, tem de comprimento duas léguas.\r#Text=28. #Text=O rio chamado Valongo nasce no termo de Montoito, passa pelo termo de Évora, aonde entra na Alcorouvisca, tem de comprimento légua e meia."
Evora_SaoVicenteDeValongo.normalizada;*[10];PER\_NAM[10];12;frei Manuel o Montes religioso franciscano;#Text=Desta freguesia é natural frei Manuel o Montes religioso franciscano desta província que floresceu em virtudes, e letras, e me dizem foi provincial na sua religião duas vezes.\r#Text=11.
Evora_SaoVicenteDeValongo.normalizada;*[11];PLC\_GPE[11];13;cidade de Évora;#Text=Dista esta igreja da cidade de Évora, quatro léguas e de Lisboa vinte e quatro.\r#Text=12.
Evora_SaoVicenteDeValongo.normalizada;*[12];PLC\_FAC[12];15;Castelo Real;#Text=Está nesta freguesia um edifício muito antigo, chamado Castelo Real, que bem mostra a antiga fortaleza, e de presente se acha em bastante ruína, porem ainda conserva uma torre, e outras fortalezas. //\r#Text=\r#Text=/p. 210/\r#Text=13.
Evora_SaoVicenteDeValongo.normalizada;*[13];PLC\_AQU[13];17;rio Pardielas;#Text=Por esta terra passa o rio Pardielas, que tem o seu nascimento na freguesia de São Bento do Mato, termo de Évora Monte, corre este rio do norte para o sul.\r#Text=16.
Evora_SaoVicenteDeValongo.normalizada;*[14];PLC\_GPE[14];18;freguesia de São Bento do Mato;#Text=Por esta terra passa o rio Pardielas, que tem o seu nascimento na freguesia de São Bento do Mato, termo de Évora Monte, corre este rio do norte para o sul.\r#Text=16.
Evora_SaoVicenteDeValongo.normalizada;*[15];PLC\_LOC[15];19;termo de Évora Monte;#Text=Por esta terra passa o rio Pardielas, que tem o seu nascimento na freguesia de São Bento do Mato, termo de Évora Monte, corre este rio do norte para o sul.\r#Text=16.
Evora_SaoVicenteDeValongo.normalizada;*[16];PLC\_AQU[16];20;rio chamado Alcorouvisca;"#Text=Entrão neste rio, o rio chamado Alcorouvisca, que tem seu nascimento no termo do Redondo e na defesa de Pedra Alçada termo da vila de Terena; e o rio chamado Valongo, que tem o seu nascimento no termo da vila de Montoito; e entram no dito rio de Pardielas nesta freguesia e neste sítio é de curso arebatado, e só se chama Pardielas.\r#Text=18."
Evora_SaoVicenteDeValongo.normalizada;*[17];PLC\_LOC[17];21;termo do Redondo;"#Text=Entrão neste rio, o rio chamado Alcorouvisca, que tem seu nascimento no termo do Redondo e na defesa de Pedra Alçada termo da vila de Terena; e o rio chamado Valongo, que tem o seu nascimento no termo da vila de Montoito; e entram no dito rio de Pardielas nesta freguesia e neste sítio é de curso arebatado, e só se chama Pardielas.\r#Text=18."
Evora_SaoVicenteDeValongo.normalizada;*[18];PLC\_LOC[18];22;defesa de Pedra Alçada;"#Text=Entrão neste rio, o rio chamado Alcorouvisca, que tem seu nascimento no termo do Redondo e na defesa de Pedra Alçada termo da vila de Terena; e o rio chamado Valongo, que tem o seu nascimento no termo da vila de Montoito; e entram no dito rio de Pardielas nesta freguesia e neste sítio é de curso arebatado, e só se chama Pardielas.\r#Text=18."
Evora_SaoVicenteDeValongo.normalizada;*[19];PLC\_LOC[19];22;termo da vila de Terena;"#Text=Entrão neste rio, o rio chamado Alcorouvisca, que tem seu nascimento no termo do Redondo e na defesa de Pedra Alçada termo da vila de Terena; e o rio chamado Valongo, que tem o seu nascimento no termo da vila de Montoito; e entram no dito rio de Pardielas nesta freguesia e neste sítio é de curso arebatado, e só se chama Pardielas.\r#Text=18."
Evora_SaoVicenteDeValongo.normalizada;*[1];PLC\_LOC[1];1;termo Évora;#Text=São Vicente de Valongo, 1758, 15 de Maio\r#Text=Memória Paroquial de São Vicente de Valongo, Comarca de Évora \r#Text=[ANTT, Memórias Paroquiais, vol. 38, nº 36, p. 209 a 212]\r#Text=\r#Text=“/p. 209/\r#Text=N. 36\r#Text=Valongo termo Évora\r#Text=Clareza, e resposta dos interrogatórios que se procuram desta freguesia de São Vicente de Valongo\r#Text=1.
Evora_SaoVicenteDeValongo.normalizada;*[20];PLC\_AQU[20];23;rio chamado Valongo;"#Text=Entrão neste rio, o rio chamado Alcorouvisca, que tem seu nascimento no termo do Redondo e na defesa de Pedra Alçada termo da vila de Terena; e o rio chamado Valongo, que tem o seu nascimento no termo da vila de Montoito; e entram no dito rio de Pardielas nesta freguesia e neste sítio é de curso arebatado, e só se chama Pardielas.\r#Text=18."
Evora_SaoVicenteDeValongo.normalizada;*[21];PLC\_LOC[21];24;termo da vila de Montoito;"#Text=Entrão neste rio, o rio chamado Alcorouvisca, que tem seu nascimento no termo do Redondo e na defesa de Pedra Alçada termo da vila de Terena; e o rio chamado Valongo, que tem o seu nascimento no termo da vila de Montoito; e entram no dito rio de Pardielas nesta freguesia e neste sítio é de curso arebatado, e só se chama Pardielas.\r#Text=18."
Evora_SaoVicenteDeValongo.normalizada;*[22];PLC\_AQU[22];25;rio de Pardielas;"#Text=Entrão neste rio, o rio chamado Alcorouvisca, que tem seu nascimento no termo do Redondo e na defesa de Pedra Alçada termo da vila de Terena; e o rio chamado Valongo, que tem o seu nascimento no termo da vila de Montoito; e entram no dito rio de Pardielas nesta freguesia e neste sítio é de curso arebatado, e só se chama Pardielas.\r#Text=18."
Evora_SaoVicenteDeValongo.normalizada;*[23];PLC\_AQU[23];27;rio chamado Degebe;"#Text=Todos estes rios entram nesta freguesia no rio chamado Degebe, que tem o seu nascimento nos campos da cidade de Évora na freguesia da Sé; e aqui perderam os antigos nomes, e este rio Degebe entra com curso arrebatado no rio chamado Guadiana, aonde fenece.\r#Text=19."
Evora_SaoVicenteDeValongo.normalizada;*[24];PLC\_LOC[24];28;campos da cidade de Évora;"#Text=Todos estes rios entram nesta freguesia no rio chamado Degebe, que tem o seu nascimento nos campos da cidade de Évora na freguesia da Sé; e aqui perderam os antigos nomes, e este rio Degebe entra com curso arrebatado no rio chamado Guadiana, aonde fenece.\r#Text=19."
Evora_SaoVicenteDeValongo.normalizada;*[25];PLC\_GPE[25];29;freguesia da Sé;"#Text=Todos estes rios entram nesta freguesia no rio chamado Degebe, que tem o seu nascimento nos campos da cidade de Évora na freguesia da Sé; e aqui perderam os antigos nomes, e este rio Degebe entra com curso arrebatado no rio chamado Guadiana, aonde fenece.\r#Text=19."
Evora_SaoVicenteDeValongo.normalizada;*[26];PLC\_AQU[26];30;rio Degebe;"#Text=Todos estes rios entram nesta freguesia no rio chamado Degebe, que tem o seu nascimento nos campos da cidade de Évora na freguesia da Sé; e aqui perderam os antigos nomes, e este rio Degebe entra com curso arrebatado no rio chamado Guadiana, aonde fenece.\r#Text=19."
Evora_SaoVicenteDeValongo.normalizada;*[27];PLC\_AQU[27];31;rio chamado Guadiana;"#Text=Todos estes rios entram nesta freguesia no rio chamado Degebe, que tem o seu nascimento nos campos da cidade de Évora na freguesia da Sé; e aqui perderam os antigos nomes, e este rio Degebe entra com curso arrebatado no rio chamado Guadiana, aonde fenece.\r#Text=19."
Evora_SaoVicenteDeValongo.normalizada;*[28];PLC\_AQU[28];32;rio chamado Alcorouvisca;#Text=O rio chamado Alcorouvisca antes de chegar a este sítio se chama Vale de Vasco.\r#Text=20.
Evora_SaoVicenteDeValongo.normalizada;*[29];PLC\_LOC[29];33;Vale de Vasco;#Text=O rio chamado Alcorouvisca antes de chegar a este sítio se chama Vale de Vasco.\r#Text=20.
Evora_SaoVicenteDeValongo.normalizada;*[2];PLC\_GPE[2];2;freguesia de São Vicente de Valongo;#Text=São Vicente de Valongo, 1758, 15 de Maio\r#Text=Memória Paroquial de São Vicente de Valongo, Comarca de Évora \r#Text=[ANTT, Memórias Paroquiais, vol. 38, nº 36, p. 209 a 212]\r#Text=\r#Text=“/p. 209/\r#Text=N. 36\r#Text=Valongo termo Évora\r#Text=Clareza, e resposta dos interrogatórios que se procuram desta freguesia de São Vicente de Valongo\r#Text=1.
Evora_SaoVicenteDeValongo.normalizada;*[30];PLC\_AQU[30];34;rio Valongo;#Text=O rio Valongo, antes de chegar a este sítio, se chama rio de Montoito.\r#Text=22.
Evora_SaoVicenteDeValongo.normalizada;*[31];PLC\_AQU[31];35;rio de Montoito;#Text=O rio Valongo, antes de chegar a este sítio, se chama rio de Montoito.\r#Text=22.
Evora_SaoVicenteDeValongo.normalizada;*[32];PLC\_AQU[32];36;rio Degebe;#Text=Cultivam-se as suas margens, e neste sítio tem muito arvoredo silvestre, o rio Degebe entra no rio chamado Guadiana no termo de Portel, aonde perde o antigo nome.\r#Text=24.
Evora_SaoVicenteDeValongo.normalizada;*[33];PLC\_AQU[33];37;rio chamado Guadiana;#Text=Cultivam-se as suas margens, e neste sítio tem muito arvoredo silvestre, o rio Degebe entra no rio chamado Guadiana no termo de Portel, aonde perde o antigo nome.\r#Text=24.
Evora_SaoVicenteDeValongo.normalizada;*[34];PLC\_LOC[34];38;termo de Portel;#Text=Cultivam-se as suas margens, e neste sítio tem muito arvoredo silvestre, o rio Degebe entra no rio chamado Guadiana no termo de Portel, aonde perde o antigo nome.\r#Text=24.
Evora_SaoVicenteDeValongo.normalizada;*[35];PLC\_AQU[35];39;rio Degebe;#Text=O rio Degebe tem uma grandiosa ponte de pedra.\r#Text=25.
Evora_SaoVicenteDeValongo.normalizada;*[36];PLC\_LOC[36];40;termo de Évora;#Text=Este rio de onde nasce até aonde acaba fazem nove léguas, passa pelo termo de Évora, Monsaraz e Portel.\r#Text=26.
Evora_SaoVicenteDeValongo.normalizada;*[37];PLC\_AQU[37];43;rio Pardielas;#Text=O rio Pardielas tem três léguas e meia de comprido, nasce no termo de Évora Monte, corre pelas estremas do termo de Évora, e passa pelo termo do Redondo, e entra no Degebe no termo de Évora.\r#Text=27.
Evora_SaoVicenteDeValongo.normalizada;*[38];PLC\_LOC[38];44;termo de Évora Monte;#Text=O rio Pardielas tem três léguas e meia de comprido, nasce no termo de Évora Monte, corre pelas estremas do termo de Évora, e passa pelo termo do Redondo, e entra no Degebe no termo de Évora.\r#Text=27.
Evora_SaoVicenteDeValongo.normalizada;*[39];PLC\_LOC[39];45;termo de Évora;#Text=O rio Pardielas tem três léguas e meia de comprido, nasce no termo de Évora Monte, corre pelas estremas do termo de Évora, e passa pelo termo do Redondo, e entra no Degebe no termo de Évora.\r#Text=27.
Evora_SaoVicenteDeValongo.normalizada;*[3];PLC\_LOC[3];3;província do Alentejo;#Text=Está situada esta freguesia na província do Alentejo, arcebispado, comarca e termo da cidade de Évora.\r#Text=2.
Evora_SaoVicenteDeValongo.normalizada;*[40];PLC\_LOC[40];46;termo do Redondo;#Text=O rio Pardielas tem três léguas e meia de comprido, nasce no termo de Évora Monte, corre pelas estremas do termo de Évora, e passa pelo termo do Redondo, e entra no Degebe no termo de Évora.\r#Text=27.
Evora_SaoVicenteDeValongo.normalizada;*[41];PLC\_LOC[41];48;termo de Évora;#Text=O rio Pardielas tem três léguas e meia de comprido, nasce no termo de Évora Monte, corre pelas estremas do termo de Évora, e passa pelo termo do Redondo, e entra no Degebe no termo de Évora.\r#Text=27.
Evora_SaoVicenteDeValongo.normalizada;*[42];PLC\_AQU[42];49;rio chamado Alcorouvisca;#Text=O rio chamado Alcorouvisca nasce no termo do Redondo, corre pelos estremos do termo de Évora com o termo do Redondo, aonde entra em Pardielas, tem de comprimento duas léguas.\r#Text=28.
Evora_SaoVicenteDeValongo.normalizada;*[43];PLC\_LOC[43];50;termo do Redondo;#Text=O rio chamado Alcorouvisca nasce no termo do Redondo, corre pelos estremos do termo de Évora com o termo do Redondo, aonde entra em Pardielas, tem de comprimento duas léguas.\r#Text=28.
Evora_SaoVicenteDeValongo.normalizada;*[44];PLC\_LOC[44];51;termo de Évora;#Text=O rio chamado Alcorouvisca nasce no termo do Redondo, corre pelos estremos do termo de Évora com o termo do Redondo, aonde entra em Pardielas, tem de comprimento duas léguas.\r#Text=28.
Evora_SaoVicenteDeValongo.normalizada;*[45];PLC\_LOC[45];52;termo do Redondo;#Text=O rio chamado Alcorouvisca nasce no termo do Redondo, corre pelos estremos do termo de Évora com o termo do Redondo, aonde entra em Pardielas, tem de comprimento duas léguas.\r#Text=28.
Evora_SaoVicenteDeValongo.normalizada;*[46];PLC\_AQU[46];54;rio chamado Valongo;#Text=O rio chamado Valongo nasce no termo de Montoito, passa pelo termo de Évora, aonde entra na Alcorouvisca, tem de comprimento légua e meia.
Evora_SaoVicenteDeValongo.normalizada;*[47];PLC\_LOC[47];55;termo de Montoito;#Text=O rio chamado Valongo nasce no termo de Montoito, passa pelo termo de Évora, aonde entra na Alcorouvisca, tem de comprimento légua e meia.
Evora_SaoVicenteDeValongo.normalizada;*[48];PLC\_LOC[48];56;termo de Évora;#Text=O rio chamado Valongo nasce no termo de Montoito, passa pelo termo de Évora, aonde entra na Alcorouvisca, tem de comprimento légua e meia.
Evora_SaoVicenteDeValongo.normalizada;*[49];PLC\_GPE[49];58;São Vicente de Valongo;"#Text=E nos mais interrogatorios não achei cousas de que fizesse menção nesta terra; o que na verdade asseguro São Vicente de Valongo 15 de maio de 1758."
Evora_SaoVicenteDeValongo.normalizada;*[4];PLC\_LOC[4];4;termo da cidade de Évora;#Text=Está situada esta freguesia na província do Alentejo, arcebispado, comarca e termo da cidade de Évora.\r#Text=2.
Evora_SaoVicenteDeValongo.normalizada;*[50];TIM\_CRON[50];58;15 de maio de 1758;"#Text=E nos mais interrogatorios não achei cousas de que fizesse menção nesta terra; o que na verdade asseguro São Vicente de Valongo 15 de maio de 1758."
Evora_SaoVicenteDeValongo.normalizada;*[51];PER\_NAM[51];59;Pároco Fernando Coelho Falé;#Text=O Pároco Fernando Coelho Falé [assinatura autógrafa]//\r#Text=\r#Text=/p. 212/\r#Text=Freguesia de São Vicente de Valongo termo de Évora//”\r#Text=\r#Text=Transcrição: Maria Ludovina Grilo \r#Text=\r#Text=GRILO, Maria Ludovina B. - O Concelho de Évora nas Memórias Paroquiais de 1758 (Conclusão).
Evora_SaoVicenteDeValongo.normalizada;*[52];PLC\_GPE[52];60;Freguesia de São Vicente de Valongo;#Text=O Pároco Fernando Coelho Falé [assinatura autógrafa]//\r#Text=\r#Text=/p. 212/\r#Text=Freguesia de São Vicente de Valongo termo de Évora//”\r#Text=\r#Text=Transcrição: Maria Ludovina Grilo \r#Text=\r#Text=GRILO, Maria Ludovina B. - O Concelho de Évora nas Memórias Paroquiais de 1758 (Conclusão).
Evora_SaoVicenteDeValongo.normalizada;*[53];PLC\_LOC[53];60;termo de Évora;#Text=O Pároco Fernando Coelho Falé [assinatura autógrafa]//\r#Text=\r#Text=/p. 212/\r#Text=Freguesia de São Vicente de Valongo termo de Évora//”\r#Text=\r#Text=Transcrição: Maria Ludovina Grilo \r#Text=\r#Text=GRILO, Maria Ludovina B. - O Concelho de Évora nas Memórias Paroquiais de 1758 (Conclusão).
Evora_SaoVicenteDeValongo.normalizada;*[5];PLC\_GPE[5];5;cidade de Évora;#Text=Está situada em campina, e dela se descobre a cidade de Évora, de que dista quatro léguas.\r#Text=6.
Evora_SaoVicenteDeValongo.normalizada;*[6];PER\_SAINT[6];6;São Vicente mártir;#Text=O orago desta igreja é o senhor São Vicente mártir, tem quatro altares, a saber o altar maior, altar de Nossa Senhora do Rosário, o altar do Santíssimo Nome de Jesus, e o altar da benditas Almas, tem irmandade de Nossa Senhora, e das Almas.\r#Text=8.
Evora_SaoVicenteDeValongo.normalizada;*[7];PER\_SAINT[7];7;Nossa Senhora do Rosário;#Text=O orago desta igreja é o senhor São Vicente mártir, tem quatro altares, a saber o altar maior, altar de Nossa Senhora do Rosário, o altar do Santíssimo Nome de Jesus, e o altar da benditas Almas, tem irmandade de Nossa Senhora, e das Almas.\r#Text=8.
Evora_SaoVicenteDeValongo.normalizada;*[8];PER\_DIV[8];8;Santíssimo Nome de Jesus;#Text=O orago desta igreja é o senhor São Vicente mártir, tem quatro altares, a saber o altar maior, altar de Nossa Senhora do Rosário, o altar do Santíssimo Nome de Jesus, e o altar da benditas Almas, tem irmandade de Nossa Senhora, e das Almas.\r#Text=8.
Evora_SaoVicenteDeValongo.normalizada;*[9];ORG[9];10;irmandade de Nossa Senhora;#Text=O orago desta igreja é o senhor São Vicente mártir, tem quatro altares, a saber o altar maior, altar de Nossa Senhora do Rosário, o altar do Santíssimo Nome de Jesus, e o altar da benditas Almas, tem irmandade de Nossa Senhora, e das Almas.\r#Text=8.
