﻿file_name;entity;category_entity;entity_cardinal;ent_concat;text_concat
VilaVicosa_SaoBartolomeu.revista.normalizada;*;PLC\_LOC;3;Alentejo;#Text=﻿São Bartolomeu, 1758, 20 de Abril\r#Text=Memória Paroquial de São Bartolomeu, Comarca de Vila Viçosa\r#Text=[ANTT, Memórias Paroquiais, vol. 40, nº 271a, p. 1665 a 1668]\r#Text=\r#Text=“/p. 1665/\r#Text=Vila Viçosa São Bartolomeu\r#Text=\r#Text=     Obedecendo à ordem de Vossa Excelência em que me manda responder a uns interrogatórios que com a mesma me foram entregues, digo que esta Vila Viçosa é uma das mais ilustres povoações do Alentejo: nela residiam os Sereníssimos Duques de Bragança até que com a aclamação do Senhor Dom João 4 transferiram o seu assento para a Corte de Lisboa.
VilaVicosa_SaoBartolomeu.revista.normalizada;*;PLC\_GPE;6;Lisboa;#Text=﻿São Bartolomeu, 1758, 20 de Abril\r#Text=Memória Paroquial de São Bartolomeu, Comarca de Vila Viçosa\r#Text=[ANTT, Memórias Paroquiais, vol. 40, nº 271a, p. 1665 a 1668]\r#Text=\r#Text=“/p. 1665/\r#Text=Vila Viçosa São Bartolomeu\r#Text=\r#Text=     Obedecendo à ordem de Vossa Excelência em que me manda responder a uns interrogatórios que com a mesma me foram entregues, digo que esta Vila Viçosa é uma das mais ilustres povoações do Alentejo: nela residiam os Sereníssimos Duques de Bragança até que com a aclamação do Senhor Dom João 4 transferiram o seu assento para a Corte de Lisboa.
VilaVicosa_SaoBartolomeu.revista.normalizada;*[10];ORG[10];12;do Santíssimo Sacramento;"#Text=Estão sitas nesta igreja paroquial três irmandades: primeira do Santíssimo Sacramento que além das obrigações gerais à semelhantes irmandades cuida do ornato do altar, e culto de uma imagem do Senhor morto vulgarmente chamada o Senhor do Descendimento; com a qual tem /p. 1666/ este povo uma extraordinária fé, e devoção: segunda das Almas, que floresce muito pela grande piedade, e aplicação dos irmãos, que administram os seus bens conservando oito capelães com missa quotidiana e tendo a sua sacristia muito bem provida de pratas e ornamentos: 3ª da Senhora do Rosário; que não tem cousa, que mereça particular memória."
VilaVicosa_SaoBartolomeu.revista.normalizada;*[11];PER\_DIV[11];13;Senhor morto;"#Text=Estão sitas nesta igreja paroquial três irmandades: primeira do Santíssimo Sacramento que além das obrigações gerais à semelhantes irmandades cuida do ornato do altar, e culto de uma imagem do Senhor morto vulgarmente chamada o Senhor do Descendimento; com a qual tem /p. 1666/ este povo uma extraordinária fé, e devoção: segunda das Almas, que floresce muito pela grande piedade, e aplicação dos irmãos, que administram os seus bens conservando oito capelães com missa quotidiana e tendo a sua sacristia muito bem provida de pratas e ornamentos: 3ª da Senhora do Rosário; que não tem cousa, que mereça particular memória."
VilaVicosa_SaoBartolomeu.revista.normalizada;*[12];PER\_DIV[12];14;Senhor do Descendimento;"#Text=Estão sitas nesta igreja paroquial três irmandades: primeira do Santíssimo Sacramento que além das obrigações gerais à semelhantes irmandades cuida do ornato do altar, e culto de uma imagem do Senhor morto vulgarmente chamada o Senhor do Descendimento; com a qual tem /p. 1666/ este povo uma extraordinária fé, e devoção: segunda das Almas, que floresce muito pela grande piedade, e aplicação dos irmãos, que administram os seus bens conservando oito capelães com missa quotidiana e tendo a sua sacristia muito bem provida de pratas e ornamentos: 3ª da Senhora do Rosário; que não tem cousa, que mereça particular memória."
VilaVicosa_SaoBartolomeu.revista.normalizada;*[13];ORG[13];15;das Almas;"#Text=Estão sitas nesta igreja paroquial três irmandades: primeira do Santíssimo Sacramento que além das obrigações gerais à semelhantes irmandades cuida do ornato do altar, e culto de uma imagem do Senhor morto vulgarmente chamada o Senhor do Descendimento; com a qual tem /p. 1666/ este povo uma extraordinária fé, e devoção: segunda das Almas, que floresce muito pela grande piedade, e aplicação dos irmãos, que administram os seus bens conservando oito capelães com missa quotidiana e tendo a sua sacristia muito bem provida de pratas e ornamentos: 3ª da Senhora do Rosário; que não tem cousa, que mereça particular memória."
VilaVicosa_SaoBartolomeu.revista.normalizada;*[14];ORG[14];16;Senhora do Rosário;"#Text=Estão sitas nesta igreja paroquial três irmandades: primeira do Santíssimo Sacramento que além das obrigações gerais à semelhantes irmandades cuida do ornato do altar, e culto de uma imagem do Senhor morto vulgarmente chamada o Senhor do Descendimento; com a qual tem /p. 1666/ este povo uma extraordinária fé, e devoção: segunda das Almas, que floresce muito pela grande piedade, e aplicação dos irmãos, que administram os seus bens conservando oito capelães com missa quotidiana e tendo a sua sacristia muito bem provida de pratas e ornamentos: 3ª da Senhora do Rosário; que não tem cousa, que mereça particular memória."
VilaVicosa_SaoBartolomeu.revista.normalizada;*[15];ORG[15];17;Casa da Misericórdia;#Text=A Casa da Misericórdia é das mais antigas deste Reino, e se entende a erigiram os Sereníssimos Duques de Bragança, que serviam de provedores, enquanto residiram nesta vila e ainda hoje os provedores, e escrivães não são feitos por votos da irmandade, mas ela propõem três para cada um dos dois cargos, e Sua Majestade escolhe qual lhe parece, particularidade que não consta tenha outra alguma misericórdia.
VilaVicosa_SaoBartolomeu.revista.normalizada;*[16];PER\_PGRP[16];18;Duques de Bragança;#Text=A Casa da Misericórdia é das mais antigas deste Reino, e se entende a erigiram os Sereníssimos Duques de Bragança, que serviam de provedores, enquanto residiram nesta vila e ainda hoje os provedores, e escrivães não são feitos por votos da irmandade, mas ela propõem três para cada um dos dois cargos, e Sua Majestade escolhe qual lhe parece, particularidade que não consta tenha outra alguma misericórdia.
VilaVicosa_SaoBartolomeu.revista.normalizada;*[17];PER\_NAM[17];19;Sua Majestade;#Text=A Casa da Misericórdia é das mais antigas deste Reino, e se entende a erigiram os Sereníssimos Duques de Bragança, que serviam de provedores, enquanto residiram nesta vila e ainda hoje os provedores, e escrivães não são feitos por votos da irmandade, mas ela propõem três para cada um dos dois cargos, e Sua Majestade escolhe qual lhe parece, particularidade que não consta tenha outra alguma misericórdia.
VilaVicosa_SaoBartolomeu.revista.normalizada;*[18];PER\_PGRP[18];20;Duques de Bragança;"#Text=Nesta casa erigiu a piedade dos Sereníssimos Duques de Bragança um hospital para curar o mal venéreo nas duas estações de Primavera e Outono, dotando-o para este efeito com liberalidade própria de tão grandes príncipes; pois lhe consignando em cada um ano 406$070 réis sete moios e meio de trigo, e vinte quatro alqueires de azeite, tudo pago no almoxarifado desta vila vindo todas estas adições nas folhas, e sendo cobradas por conhecimento do escrivão da mesa."
VilaVicosa_SaoBartolomeu.revista.normalizada;*[19];ORG[19];21;casa professa da Companhia de JESUS;"#Text=Há nesta freguesia dois conventos de religiosos, e dois de freiras, daqueles é um a casa professa da Companhia de JESUS, cuja comunidade se compõe de oito Sacerdotes, e dois leigos; e o outro é de São Paulo, que costuma ter 22 até 24 religiosos."
VilaVicosa_SaoBartolomeu.revista.normalizada;*[1];PLC\_GPE[1];1;Vila Viçosa São Bartolomeu;#Text=﻿São Bartolomeu, 1758, 20 de Abril\r#Text=Memória Paroquial de São Bartolomeu, Comarca de Vila Viçosa\r#Text=[ANTT, Memórias Paroquiais, vol. 40, nº 271a, p. 1665 a 1668]\r#Text=\r#Text=“/p. 1665/\r#Text=Vila Viçosa São Bartolomeu\r#Text=\r#Text=     Obedecendo à ordem de Vossa Excelência em que me manda responder a uns interrogatórios que com a mesma me foram entregues, digo que esta Vila Viçosa é uma das mais ilustres povoações do Alentejo: nela residiam os Sereníssimos Duques de Bragança até que com a aclamação do Senhor Dom João 4 transferiram o seu assento para a Corte de Lisboa.
VilaVicosa_SaoBartolomeu.revista.normalizada;*[20];ORG[20];22;de São Paulo;"#Text=Há nesta freguesia dois conventos de religiosos, e dois de freiras, daqueles é um a casa professa da Companhia de JESUS, cuja comunidade se compõe de oito Sacerdotes, e dois leigos; e o outro é de São Paulo, que costuma ter 22 até 24 religiosos."
VilaVicosa_SaoBartolomeu.revista.normalizada;*[21];ORG[21];23;das Chagas do instituto do Patriarca São Francisco;"#Text=De freiras é o primeiro o das Chagas do instituto do Patriarca São Francisco que tem número certo de 60, e o de Santa Cruz, que professa a regra de Santo Agostinho, que não tem número certo de religiosas; e ao presente se compõem de oitenta, e tantas."
VilaVicosa_SaoBartolomeu.revista.normalizada;*[22];ORG[22];24;de Santa Cruz;"#Text=De freiras é o primeiro o das Chagas do instituto do Patriarca São Francisco que tem número certo de 60, e o de Santa Cruz, que professa a regra de Santo Agostinho, que não tem número certo de religiosas; e ao presente se compõem de oitenta, e tantas."
VilaVicosa_SaoBartolomeu.revista.normalizada;*[23];PER\_SAINT[23];25;Santo Agostinho;"#Text=De freiras é o primeiro o das Chagas do instituto do Patriarca São Francisco que tem número certo de 60, e o de Santa Cruz, que professa a regra de Santo Agostinho, que não tem número certo de religiosas; e ao presente se compõem de oitenta, e tantas."
VilaVicosa_SaoBartolomeu.revista.normalizada;*[24];PER\_PGRP[24];26;Duques de Bragança;#Text=Os três primeiros conventos têm por padroeiros os Sereníssimos Duques de Bragança e só o de Santa Cruz é, que não tem padroeiro algum.
VilaVicosa_SaoBartolomeu.revista.normalizada;*[25];ORG[25];27;de Santa Cruz;#Text=Os três primeiros conventos têm por padroeiros os Sereníssimos Duques de Bragança e só o de Santa Cruz é, que não tem padroeiro algum.
VilaVicosa_SaoBartolomeu.revista.normalizada;*[26];PLC\_GPE[26];28;Vila Viçosa;#Text=Vila Viçosa em 20 de Abril de 1758.
VilaVicosa_SaoBartolomeu.revista.normalizada;*[27];TIM\_CRON[27];29;20 de Abril de 1758;#Text=Vila Viçosa em 20 de Abril de 1758.
VilaVicosa_SaoBartolomeu.revista.normalizada;*[28];PER\_NAM[28];30;[ Prior ] da freguesia de São Bartolomeo de Vila Viçosa Frei António Xavier do Vale;#Text=[Prior] da freguesia de São Bartolomeo de Vila Viçosa  \r#Text=Frei António Xavier do Vale [assinatura autógrafa]//\r#Text=\r#Text=/p. 1668/\r#Text=[Em branco]//”\r#Text=\r#Text=Transcrição: Francisco Segurado\r#Text=Revisão: Fernanda Olival
VilaVicosa_SaoBartolomeu.revista.normalizada;*[2];PLC\_GPE[2];2;Vila Viçosa;#Text=﻿São Bartolomeu, 1758, 20 de Abril\r#Text=Memória Paroquial de São Bartolomeu, Comarca de Vila Viçosa\r#Text=[ANTT, Memórias Paroquiais, vol. 40, nº 271a, p. 1665 a 1668]\r#Text=\r#Text=“/p. 1665/\r#Text=Vila Viçosa São Bartolomeu\r#Text=\r#Text=     Obedecendo à ordem de Vossa Excelência em que me manda responder a uns interrogatórios que com a mesma me foram entregues, digo que esta Vila Viçosa é uma das mais ilustres povoações do Alentejo: nela residiam os Sereníssimos Duques de Bragança até que com a aclamação do Senhor Dom João 4 transferiram o seu assento para a Corte de Lisboa.
VilaVicosa_SaoBartolomeu.revista.normalizada;*[3];PER\_PGRP[3];4;Duques de Bragança;#Text=﻿São Bartolomeu, 1758, 20 de Abril\r#Text=Memória Paroquial de São Bartolomeu, Comarca de Vila Viçosa\r#Text=[ANTT, Memórias Paroquiais, vol. 40, nº 271a, p. 1665 a 1668]\r#Text=\r#Text=“/p. 1665/\r#Text=Vila Viçosa São Bartolomeu\r#Text=\r#Text=     Obedecendo à ordem de Vossa Excelência em que me manda responder a uns interrogatórios que com a mesma me foram entregues, digo que esta Vila Viçosa é uma das mais ilustres povoações do Alentejo: nela residiam os Sereníssimos Duques de Bragança até que com a aclamação do Senhor Dom João 4 transferiram o seu assento para a Corte de Lisboa.
VilaVicosa_SaoBartolomeu.revista.normalizada;*[4];PER\_NAM[4];5;Dom João 4;#Text=﻿São Bartolomeu, 1758, 20 de Abril\r#Text=Memória Paroquial de São Bartolomeu, Comarca de Vila Viçosa\r#Text=[ANTT, Memórias Paroquiais, vol. 40, nº 271a, p. 1665 a 1668]\r#Text=\r#Text=“/p. 1665/\r#Text=Vila Viçosa São Bartolomeu\r#Text=\r#Text=     Obedecendo à ordem de Vossa Excelência em que me manda responder a uns interrogatórios que com a mesma me foram entregues, digo que esta Vila Viçosa é uma das mais ilustres povoações do Alentejo: nela residiam os Sereníssimos Duques de Bragança até que com a aclamação do Senhor Dom João 4 transferiram o seu assento para a Corte de Lisboa.
VilaVicosa_SaoBartolomeu.revista.normalizada;*[5];PLC\_GPE[5];7;freguesia de São Bartolomeu;"#Text=Abunda de cousas muito notáveis; mas como estas são do território da igreja matriz, ao reverendo prior dela pertence referi-las, e descrevê-las; pois eu cingindo-me precisamente à minha freguesia, digo que: tem esta freguesia de São Bartolomeu 563 fogos, e 2073 fregueses, os quais são curados por um prior, que tem de côngrua três moios de trigo, dois de cevada, e vinte mil réis em dinheiro, e dois beneficiados tem cada um de renda dois moios de trigo, moio, e meio de cevada, e dez mil réis."
VilaVicosa_SaoBartolomeu.revista.normalizada;*[6];PER\_NAM[6];8;Sua Majestade;#Text=Tanto prior como beneficiados são da apresentação de Sua Majestade como governador e perpétuo administrador da Ordem Militar de São Bento de Avis, a cuja ordem pertencem as igrejas paroquiais, e comenda desta vila.
VilaVicosa_SaoBartolomeu.revista.normalizada;*[7];ORG[7];9;Ordem Militar de São Bento de Avis;#Text=Tanto prior como beneficiados são da apresentação de Sua Majestade como governador e perpétuo administrador da Ordem Militar de São Bento de Avis, a cuja ordem pertencem as igrejas paroquiais, e comenda desta vila.
VilaVicosa_SaoBartolomeu.revista.normalizada;*[8];PLC\_FAC[8];10;igreja da Misericórdia;#Text=Não tem a freguesia igreja própria e se está servindo há muitos anos da igreja da Misericórdia sem que Sua Majestade por mais contas, que desta falta lhe têm dado os priores da mesma tenha sido servido mandar continuar à igreja própria, que há muitos anos se conserva só com os alicerces.
VilaVicosa_SaoBartolomeu.revista.normalizada;*[9];PER\_NAM[9];11;Sua Majestade;#Text=Não tem a freguesia igreja própria e se está servindo há muitos anos da igreja da Misericórdia sem que Sua Majestade por mais contas, que desta falta lhe têm dado os priores da mesma tenha sido servido mandar continuar à igreja própria, que há muitos anos se conserva só com os alicerces.
